configuration B: the spec prior is global (930 chars) -> plan + library design + search
reused design: 9 mechanism(s) from ..\results_design_chemotaxis\designed_library.json
library guidance: 9 mechanism(s)
✅ [EVALUATED] MSE: 3.29e-03 | Params: [0.019096 1.       1.       1.       1.      ]
✅ [EVALUATED] MSE: 3.07e-04 | Params: [0.009638 0.523155 0.006016 0.953798 1.      ]
✅ [EVALUATED] MSE: 3.07e-04 | Params: [-0.002231  0.005927  0.617721  0.953773  0.052886]
Execution Error: name 'f1_t_pred' is not defined
================= Evaluated Function =================
def equation(x: np.ndarray, f1: np.ndarray, params: np.ndarray, d_axis: callable) -> np.ndarray:
    """ Mathematical function for the RHS of an unknown 1D PDE.

    Args:
        x: spatial coordinate grid, shape (Nx, 1).
        f1: the measured field, shape (Nx, Nt).
        params: a fixed-length array of exactly 5 entries. Use only indices 0..4.
        d_axis: spatial derivative. Call d_axis(field, axis, order); axis=0 is x1.

    Return:
        `f1_t_pred`, a numpy array with the grid shape.

    STRICT CONSTRAINT:
        1. SPATIAL DERIVATIVES & MATH: you are a physicist discovering a PDE. Use ONLY
           the provided d_axis(field, axis, order) for derivatives (max order 4), with
           axis=0 for the single spatial coordinate x1. For mathematical functions you
           are STRICTLY LIMITED to np.sin, np.cos, np.tanh and np.exp. Do not call any
           other np.* routine, do not import anything, and do not write numerical
           algorithms. Ordinary arithmetic (+ - * / **) and params[0..4] are free.
        2. OUTPUT FORMAT: write the complete formula, assign it to f1_t_pred, and
           strictly end with return f1_t_pred. No placeholders. Mind the shapes: x is
           (Nx, 1) and f1 is (Nx, Nt), so a coordinate factor must broadcast against
           f1 -- write x or x[:, 0:1], never x[:, 0].
        3. PARETO EVOLUTION: the frontier trades MSE against complexity. Complexity
           counts the derivative calls, the arithmetic operations and every params
           you use, so the same term written more compactly is preferred.
        4. OPTIMIZATION STRATEGY:{PARETO_FRONTIER_PLACEHOLDER}
    """
    f1_t_pred = params[0] * d_axis(f1, 0, 2)

    return f1_t_pred
------------------------------------------------------
MSE          : 3.29e-03
Complexity   : 4
Sample time  : None
Evaluate time: 2.744127035140991
Sample orders: None
======================================================


================= Evaluated Function =================
def equation(x: np.ndarray, f1: np.ndarray, params: np.ndarray, d_axis: callable) -> np.ndarray:
    """ Mathematical function for the RHS of an unknown 1D PDE.

    Args:
        x: spatial coordinate grid, shape (Nx, 1).
        f1: the measured field, shape (Nx, Nt).
        params: a fixed-length array of exactly 5 entries. Use only indices 0..4.
        d_axis: spatial derivative. Call d_axis(field, axis, order); axis=0 is x1.

    Return:
        `f1_t_pred`, a numpy array with the grid shape.

    STRICT CONSTRAINT:
        1. SPATIAL DERIVATIVES & MATH: you are a physicist discovering a PDE. Use ONLY
           the provided d_axis(field, axis, order) for derivatives (max order 4), with
           axis=0 for the single spatial coordinate x1. For mathematical functions you
           are STRICTLY LIMITED to np.sin, np.cos, np.tanh and np.exp. Do not call any
           other np.* routine, do not import anything, and do not write numerical
           algorithms. Ordinary arithmetic (+ - * / **) and params[0..4] are free.
        2. OUTPUT FORMAT: write the complete formula, assign it to f1_t_pred, and
           strictly end with return f1_t_pred. No placeholders. Mind the shapes: x is
           (Nx, 1) and f1 is (Nx, Nt), so a coordinate factor must broadcast against
           f1 -- write x or x[:, 0:1], never x[:, 0].
        3. PARETO EVOLUTION: the frontier trades MSE against complexity. Complexity
           counts the derivative calls, the arithmetic operations and every params
           you use, so the same term written more compactly is preferred.
        4. OPTIMIZATION STRATEGY:{PARETO_FRONTIER_PLACEHOLDER}
    """
    # Diffusion
    diffusion = params[0] * d_axis(f1, 0, 2)

    # Modulated self-limiting drift (divergence of flux)
    flux_drift = f1 * (1 - f1) * np.sin(params[2] * x[:, 0:1])
    drift = params[1] * d_axis(flux_drift, 0, 1)

    # Logistic reaction
    reaction = params[3] * f1 * (1 - f1)

    f1_t_pred = diffusion + drift + reaction

    return f1_t_pred
------------------------------------------------------
MSE          : 3.07e-04
Complexity   : 21
Sample time  : 2.284440338611603
Evaluate time: 4.590833902359009
Sample orders: 1
======================================================


================= Evaluated Function =================
def equation(x: np.ndarray, f1: np.ndarray, params: np.ndarray, d_axis: callable) -> np.ndarray:
    """ Mathematical function for the RHS of an unknown 1D PDE.

    Args:
        x: spatial coordinate grid, shape (Nx, 1).
        f1: the measured field, shape (Nx, Nt).
        params: a fixed-length array of exactly 5 entries. Use only indices 0..4.
        d_axis: spatial derivative. Call d_axis(field, axis, order); axis=0 is x1.

    Return:
        `f1_t_pred`, a numpy array with the grid shape.

    STRICT CONSTRAINT:
        1. SPATIAL DERIVATIVES & MATH: you are a physicist discovering a PDE. Use ONLY
           the provided d_axis(field, axis, order) for derivatives (max order 4), with
           axis=0 for the single spatial coordinate x1. For mathematical functions you
           are STRICTLY LIMITED to np.sin, np.cos, np.tanh and np.exp. Do not call any
           other np.* routine, do not import anything, and do not write numerical
           algorithms. Ordinary arithmetic (+ - * / **) and params[0..4] are free.
        2. OUTPUT FORMAT: write the complete formula, assign it to f1_t_pred, and
           strictly end with return f1_t_pred. No placeholders. Mind the shapes: x is
           (Nx, 1) and f1 is (Nx, Nt), so a coordinate factor must broadcast against
           f1 -- write x or x[:, 0:1], never x[:, 0].
        3. PARETO EVOLUTION: the frontier trades MSE against complexity. Complexity
           counts the derivative calls, the arithmetic operations and every params
           you use, so the same term written more compactly is preferred.
        4. OPTIMIZATION STRATEGY:{PARETO_FRONTIER_PLACEHOLDER}
    """
    # Diffusion term: params[0] * f1_xx
    diff = params[0] * d_axis(f1, 0, 2)

    # Modulated drift: divergence of flux f1*(1-f1)*sin(k*x1)
    # where the drift amplitude has the self-limiting factor
    drift_flux = f1 * (1 - f1) * np.sin(params[1] * x[:, 0:1])
    drift = params[2] * d_axis(drift_flux, 0, 1)

    # Logistic reaction: params[3] * f1 * (1 - f1)
    reaction = params[3] * f1 * (1 - f1)

    # Also add capacity-weighted diffusion (optional, but might help)
    # Flux proportional to f1*(1-f1)*f1_x
    cap_flux = f1 * (1 - f1) * d_axis(f1, 0, 1)
    cap_diff = params[4] * d_axis(cap_flux, 0, 1)

    f1_t_pred = diff + drift + reaction + cap_diff

    return f1_t_pred
------------------------------------------------------
MSE          : 3.07e-04
Complexity   : 46
Sample time  : 2.284440338611603
Evaluate time: 7.565279483795166
Sample orders: 2
======================================================


⏱️  [NO SCORE] the sandbox returned nothing for this draw (timeout 60s, or a runtime error); it gets no MSE and no frontier slot
================= Evaluated Function =================
def equation(x: np.ndarray, f1: np.ndarray, params: np.ndarray, d_axis: callable) -> np.ndarray:
    """ Mathematical function for the RHS of an unknown 1D PDE.

    Args:
        x: spatial coordinate grid, shape (Nx, 1).
        f1: the measured field, shape (Nx, Nt).
        params: a fixed-length array of exactly 5 entries. Use only indices 0..4.
        d_axis: spatial derivative. Call d_axis(field, axis, order); axis=0 is x1.

    Return:
        `f1_t_pred`, a numpy array with the grid shape.

    STRICT CONSTRAINT:
        1. SPATIAL DERIVATIVES & MATH: you are a physicist discovering a PDE. Use ONLY
           the provided d_axis(field, axis, order) for derivatives (max order 4), with
           axis=0 for the single spatial coordinate x1. For mathematical functions you
           are STRICTLY LIMITED to np.sin, np.cos, np.tanh and np.exp. Do not call any
           other np.* routine, do not import anything, and do not write numerical
           algorithms. Ordinary arithmetic (+ - * / **) and params[0..4] are free.
        2. OUTPUT FORMAT: write the complete formula, assign it to f1_t_pred, and
           strictly end with return f1_t_pred. No placeholders. Mind the shapes: x is
           (Nx, 1) and f1 is (Nx, Nt), so a coordinate factor must broadcast against
           f1 -- write x or x[:, 0:1], never x[:, 0].
        3. PARETO EVOLUTION: the frontier trades MSE against complexity. Complexity
           counts the derivative calls, the arithmetic operations and every params
           you use, so the same term written more compactly is preferred.
        4. OPTIMIZATION STRATEGY:{PARETO_FRONTIER_PLACEHOLDER}
    """
    return f1_t_predExecution Error: name 'f1_t_pred' is not defined
✅ [EVALUATED] MSE: 2.56e-13 | Params: [ 0.100001  0.500005  0.999995  1.       -1.570787]
✅ [EVALUATED] MSE: 3.66e-04 | Params: [0.067777 0.011107 0.413275 1.473925 1.      ]
✅ [EVALUATED] MSE: 3.07e-04 | Params: [-0.002262  0.053009  0.005926  0.617912  0.953771]

------------------------------------------------------
MSE          : N/A
Complexity   : N/A
Sample time  : 2.284440338611603
Evaluate time: 2.535585880279541
Sample orders: 3
======================================================


⏱️  [NO SCORE] the sandbox returned nothing for this draw (timeout 60s, or a runtime error); it gets no MSE and no frontier slot
================= Evaluated Function =================
def equation(x: np.ndarray, f1: np.ndarray, params: np.ndarray, d_axis: callable) -> np.ndarray:
    """ Mathematical function for the RHS of an unknown 1D PDE.

    Args:
        x: spatial coordinate grid, shape (Nx, 1).
        f1: the measured field, shape (Nx, Nt).
        params: a fixed-length array of exactly 5 entries. Use only indices 0..4.
        d_axis: spatial derivative. Call d_axis(field, axis, order); axis=0 is x1.

    Return:
        `f1_t_pred`, a numpy array with the grid shape.

    STRICT CONSTRAINT:
        1. SPATIAL DERIVATIVES & MATH: you are a physicist discovering a PDE. Use ONLY
           the provided d_axis(field, axis, order) for derivatives (max order 4), with
           axis=0 for the single spatial coordinate x1. For mathematical functions you
           are STRICTLY LIMITED to np.sin, np.cos, np.tanh and np.exp. Do not call any
           other np.* routine, do not import anything, and do not write numerical
           algorithms. Ordinary arithmetic (+ - * / **) and params[0..4] are free.
        2. OUTPUT FORMAT: write the complete formula, assign it to f1_t_pred, and
           strictly end with return f1_t_pred. No placeholders. Mind the shapes: x is
           (Nx, 1) and f1 is (Nx, Nt), so a coordinate factor must broadcast against
           f1 -- write x or x[:, 0:1], never x[:, 0].
        3. PARETO EVOLUTION: the frontier trades MSE against complexity. Complexity
           counts the derivative calls, the arithmetic operations and every params
           you use, so the same term written more compactly is preferred.
        4. OPTIMIZATION STRATEGY:{PARETO_FRONTIER_PLACEHOLDER}
    """
    return f1_t_pred
------------------------------------------------------
MSE          : N/A
Complexity   : N/A
Sample time  : 2.284440338611603
Evaluate time: 2.612356662750244
Sample orders: 4
======================================================


================= Evaluated Function =================
def equation(x: np.ndarray, f1: np.ndarray, params: np.ndarray, d_axis: callable) -> np.ndarray:
    """ Mathematical function for the RHS of an unknown 1D PDE.

    Args:
        x: spatial coordinate grid, shape (Nx, 1).
        f1: the measured field, shape (Nx, Nt).
        params: a fixed-length array of exactly 5 entries. Use only indices 0..4.
        d_axis: spatial derivative. Call d_axis(field, axis, order); axis=0 is x1.

    Return:
        `f1_t_pred`, a numpy array with the grid shape.

    STRICT CONSTRAINT:
        1. SPATIAL DERIVATIVES & MATH: you are a physicist discovering a PDE. Use ONLY
           the provided d_axis(field, axis, order) for derivatives (max order 4), with
           axis=0 for the single spatial coordinate x1. For mathematical functions you
           are STRICTLY LIMITED to np.sin, np.cos, np.tanh and np.exp. Do not call any
           other np.* routine, do not import anything, and do not write numerical
           algorithms. Ordinary arithmetic (+ - * / **) and params[0..4] are free.
        2. OUTPUT FORMAT: write the complete formula, assign it to f1_t_pred, and
           strictly end with return f1_t_pred. No placeholders. Mind the shapes: x is
           (Nx, 1) and f1 is (Nx, Nt), so a coordinate factor must broadcast against
           f1 -- write x or x[:, 0:1], never x[:, 0].
        3. PARETO EVOLUTION: the frontier trades MSE against complexity. Complexity
           counts the derivative calls, the arithmetic operations and every params
           you use, so the same term written more compactly is preferred.
        4. OPTIMIZATION STRATEGY:{PARETO_FRONTIER_PLACEHOLDER}
    """
    # Diffusion term
    diffusion = params[0] * d_axis(f1, 0, 2)

    # Modulated self-limiting drift: divergence of flux f1*(1-f1)*sin(k*x1)
    drift_flux = f1 * (1 - f1) * np.sin(params[2] * x[:, 0:1] + params[4])
    drift = params[1] * d_axis(drift_flux, 0, 1)

    # Logistic reaction
    reaction = params[3] * f1 * (1 - f1)

    f1_t_pred = diffusion + drift + reaction

    return f1_t_pred
------------------------------------------------------
MSE          : 2.56e-13
Complexity   : 28
Sample time  : 1.5631651878356934
Evaluate time: 5.538522720336914
Sample orders: 5
======================================================


================= Evaluated Function =================
def equation(x: np.ndarray, f1: np.ndarray, params: np.ndarray, d_axis: callable) -> np.ndarray:
    """ Mathematical function for the RHS of an unknown 1D PDE.

    Args:
        x: spatial coordinate grid, shape (Nx, 1).
        f1: the measured field, shape (Nx, Nt).
        params: a fixed-length array of exactly 5 entries. Use only indices 0..4.
        d_axis: spatial derivative. Call d_axis(field, axis, order); axis=0 is x1.

    Return:
        `f1_t_pred`, a numpy array with the grid shape.

    STRICT CONSTRAINT:
        1. SPATIAL DERIVATIVES & MATH: you are a physicist discovering a PDE. Use ONLY
           the provided d_axis(field, axis, order) for derivatives (max order 4), with
           axis=0 for the single spatial coordinate x1. For mathematical functions you
           are STRICTLY LIMITED to np.sin, np.cos, np.tanh and np.exp. Do not call any
           other np.* routine, do not import anything, and do not write numerical
           algorithms. Ordinary arithmetic (+ - * / **) and params[0..4] are free.
        2. OUTPUT FORMAT: write the complete formula, assign it to f1_t_pred, and
           strictly end with return f1_t_pred. No placeholders. Mind the shapes: x is
           (Nx, 1) and f1 is (Nx, Nt), so a coordinate factor must broadcast against
           f1 -- write x or x[:, 0:1], never x[:, 0].
        3. PARETO EVOLUTION: the frontier trades MSE against complexity. Complexity
           counts the derivative calls, the arithmetic operations and every params
           you use, so the same term written more compactly is preferred.
        4. OPTIMIZATION STRATEGY:{PARETO_FRONTIER_PLACEHOLDER}
    """
    # Diffusion term: params[0] * f1_xx
    diff = params[0] * d_axis(f1, 0, 2)

    # Modulated self-limiting drift: divergence of f1*(1-f1)*sin(k*x1)
    drift_flux = f1 * (1 - f1) * np.sin(params[1] * x[:, 0:1])
    drift = params[2] * d_axis(drift_flux, 0, 1)

    # Spatially-weighted logistic reaction: f1*(1-f1) * cos(pi*x/L) 
    # This makes it strongest at center (x=0) and vanish at boundaries
    reaction_weight = np.cos(np.pi * x[:, 0:1] / (2 * (x[-1,0] - x[0,0])))
    reaction = params[3] * f1 * (1 - f1) * reaction_weight

    f1_t_pred = diff + drift + reaction

    return f1_t_pred
------------------------------------------------------
MSE          : 3.66e-04
Complexity   : 42
Sample time  : 1.5631651878356934
Evaluate time: 4.849680662155151
Sample orders: 6
======================================================


================= Evaluated Function =================
def equation(x: np.ndarray, f1: np.ndarray, params: np.ndarray, d_axis: callable) -> np.ndarray:
    """ Mathematical function for the RHS of an unknown 1D PDE.

    Args:
        x: spatial coordinate grid, shape (Nx, 1).
        f1: the measured field, shape (Nx, Nt).
        params: a fixed-length array of exactly 5 entries. Use only indices 0..4.
        d_axis: spatial derivative. Call d_axis(field, axis, order); axis=0 is x1.

    Return:
        `f1_t_pred`, a numpy array with the grid shape.

    STRICT CONSTRAINT:
        1. SPATIAL DERIVATIVES & MATH: you are a physicist discovering a PDE. Use ONLY
           the provided d_axis(field, axis, order) for derivatives (max order 4), with
           axis=0 for the single spatial coordinate x1. For mathematical functions you
           are STRICTLY LIMITED to np.sin, np.cos, np.tanh and np.exp. Do not call any
           other np.* routine, do not import anything, and do not write numerical
           algorithms. Ordinary arithmetic (+ - * / **) and params[0..4] are free.
        2. OUTPUT FORMAT: write the complete formula, assign it to f1_t_pred, and
           strictly end with return f1_t_pred. No placeholders. Mind the shapes: x is
           (Nx, 1) and f1 is (Nx, Nt), so a coordinate factor must broadcast against
           f1 -- write x or x[:, 0:1], never x[:, 0].
        3. PARETO EVOLUTION: the frontier trades MSE against complexity. Complexity
           counts the derivative calls, the arithmetic operations and every params
           you use, so the same term written more compactly is preferred.
        4. OPTIMIZATION STRATEGY:{PARETO_FRONTIER_PLACEHOLDER}
    """
    # Diffusion (second-order smoothing)
    diffusion = params[0] * d_axis(f1, 0, 2)

    # Capacity-weighted diffusion: flux = f1*(1-f1)*f1_x
    cap_flux = f1 * (1 - f1) * d_axis(f1, 0, 1)
    cap_diffusion = params[1] * d_axis(cap_flux, 0, 1)

    # Modulated drift with self-limiting factor
    drift_flux = f1 * (1 - f1) * np.sin(params[2] * x[:, 0:1])
    drift = params[3] * d_axis(drift_flux, 0, 1)

    # Logistic reaction (vanishes at f1=0 and f1=1)
    reaction = params[4] * f1 * (1 - f1)

    f1_t_pred = diffusion + cap_diffusion + drift + reaction

    return f1_t_pred✅ [EVALUATED] MSE: 3.07e-04 | Params: [0.009637 0.006017 0.523156 0.953807 1.      ]
✅ [EVALUATED] MSE: 2.56e-13 | Params: [ 0.100001  0.500005  0.999995  1.       -1.570787]

------------------------------------------------------
MSE          : 3.07e-04
Complexity   : 36
Sample time  : 1.5631651878356934
Evaluate time: 5.8842387199401855
Sample orders: 7
======================================================


================= Evaluated Function =================
def equation(x: np.ndarray, f1: np.ndarray, params: np.ndarray, d_axis: callable) -> np.ndarray:
    """ Mathematical function for the RHS of an unknown 1D PDE.

    Args:
        x: spatial coordinate grid, shape (Nx, 1).
        f1: the measured field, shape (Nx, Nt).
        params: a fixed-length array of exactly 5 entries. Use only indices 0..4.
        d_axis: spatial derivative. Call d_axis(field, axis, order); axis=0 is x1.

    Return:
        `f1_t_pred`, a numpy array with the grid shape.

    STRICT CONSTRAINT:
        1. SPATIAL DERIVATIVES & MATH: you are a physicist discovering a PDE. Use ONLY
           the provided d_axis(field, axis, order) for derivatives (max order 4), with
           axis=0 for the single spatial coordinate x1. For mathematical functions you
           are STRICTLY LIMITED to np.sin, np.cos, np.tanh and np.exp. Do not call any
           other np.* routine, do not import anything, and do not write numerical
           algorithms. Ordinary arithmetic (+ - * / **) and params[0..4] are free.
        2. OUTPUT FORMAT: write the complete formula, assign it to f1_t_pred, and
           strictly end with return f1_t_pred. No placeholders. Mind the shapes: x is
           (Nx, 1) and f1 is (Nx, Nt), so a coordinate factor must broadcast against
           f1 -- write x or x[:, 0:1], never x[:, 0].
        3. PARETO EVOLUTION: the frontier trades MSE against complexity. Complexity
           counts the derivative calls, the arithmetic operations and every params
           you use, so the same term written more compactly is preferred.
        4. OPTIMIZATION STRATEGY:{PARETO_FRONTIER_PLACEHOLDER}
    """
    # Diffusion term: second-order smoothing
    diffusion = params[0] * d_axis(f1, 0, 2)

    # Modulated self-limiting drift: divergence of flux f1*(1-f1)*sin(k*x1)
    # The drift stops where field is empty (f1=0) and full (f1=1)
    drift_flux = f1 * (1 - f1) * np.sin(params[1] * x[:, 0:1])
    drift = params[2] * d_axis(drift_flux, 0, 1)

    # Logistic reaction: adds where room, removes where overfull
    # Strongest at f1=0.5, vanishes at f1=0 and f1=1
    reaction = params[3] * f1 * (1 - f1)

    f1_t_pred = diffusion + drift + reaction

    return f1_t_pred
------------------------------------------------------
MSE          : 3.07e-04
Complexity   : 27
Sample time  : 1.5631651878356934
Evaluate time: 6.026775598526001
Sample orders: 8
======================================================


================= Evaluated Function =================
def equation(x: np.ndarray, f1: np.ndarray, params: np.ndarray, d_axis: callable) -> np.ndarray:
    """ Mathematical function for the RHS of an unknown 1D PDE.

    Args:
        x: spatial coordinate grid, shape (Nx, 1).
        f1: the measured field, shape (Nx, Nt).
        params: a fixed-length array of exactly 5 entries. Use only indices 0..4.
        d_axis: spatial derivative. Call d_axis(field, axis, order); axis=0 is x1.

    Return:
        `f1_t_pred`, a numpy array with the grid shape.

    STRICT CONSTRAINT:
        1. SPATIAL DERIVATIVES & MATH: you are a physicist discovering a PDE. Use ONLY
           the provided d_axis(field, axis, order) for derivatives (max order 4), with
           axis=0 for the single spatial coordinate x1. For mathematical functions you
           are STRICTLY LIMITED to np.sin, np.cos, np.tanh and np.exp. Do not call any
           other np.* routine, do not import anything, and do not write numerical
           algorithms. Ordinary arithmetic (+ - * / **) and params[0..4] are free.
        2. OUTPUT FORMAT: write the complete formula, assign it to f1_t_pred, and
           strictly end with return f1_t_pred. No placeholders. Mind the shapes: x is
           (Nx, 1) and f1 is (Nx, Nt), so a coordinate factor must broadcast against
           f1 -- write x or x[:, 0:1], never x[:, 0].
        3. PARETO EVOLUTION: the frontier trades MSE against complexity. Complexity
           counts the derivative calls, the arithmetic operations and every params
           you use, so the same term written more compactly is preferred.
        4. OPTIMIZATION STRATEGY:{PARETO_FRONTIER_PLACEHOLDER}
    """
    # Diffusion term (second-order smoothing)
    diffusion = params[0] * d_axis(f1, 0, 2)

    # Modulated self-limiting drift (divergence of flux)
    drift_flux = f1 * (1 - f1) * np.sin(params[2] * x[:, 0:1] + params[4])
    drift = params[1] * d_axis(drift_flux, 0, 1)

    # Logistic reaction (source/sink based on capacity)
    reaction = params[3] * f1 * (1 - f1)

    f1_t_pred = diffusion + drift + reaction

    return f1_t_pred
------------------------------------------------------
MSE          : 2.56e-13
Complexity   : 26
Sample time  : 3.174283981323242
Evaluate time: 5.761122941970825
Sample orders: 9
======================================================


🚫 [UNPARSABLE] the reply carried no executable body; draw dropped
✅ [EVALUATED] MSE: 2.56e-13 | Params: [ 0.100001  0.500005  0.999995  1.       -1.570787]
✅ [EVALUATED] MSE: 1.73e-04 | Params: [ 0.021867  0.146383 -0.357686  1.286808  1.34488 ]
✅ [EVALUATED] MSE: 2.56e-13 | Params: [ 0.100001  0.500005  0.999995  1.       -1.570787]
✅ [EVALUATED] MSE: 2.56e-13 | Params: [ 0.100001  0.500005  0.999995  1.       -1.570787]
================= Evaluated Function =================
def equation(x: np.ndarray, f1: np.ndarray, params: np.ndarray, d_axis: callable) -> np.ndarray:
    """ Mathematical function for the RHS of an unknown 1D PDE.

    Args:
        x: spatial coordinate grid, shape (Nx, 1).
        f1: the measured field, shape (Nx, Nt).
        params: a fixed-length array of exactly 5 entries. Use only indices 0..4.
        d_axis: spatial derivative. Call d_axis(field, axis, order); axis=0 is x1.

    Return:
        `f1_t_pred`, a numpy array with the grid shape.

    STRICT CONSTRAINT:
        1. SPATIAL DERIVATIVES & MATH: you are a physicist discovering a PDE. Use ONLY
           the provided d_axis(field, axis, order) for derivatives (max order 4), with
           axis=0 for the single spatial coordinate x1. For mathematical functions you
           are STRICTLY LIMITED to np.sin, np.cos, np.tanh and np.exp. Do not call any
           other np.* routine, do not import anything, and do not write numerical
           algorithms. Ordinary arithmetic (+ - * / **) and params[0..4] are free.
        2. OUTPUT FORMAT: write the complete formula, assign it to f1_t_pred, and
           strictly end with return f1_t_pred. No placeholders. Mind the shapes: x is
           (Nx, 1) and f1 is (Nx, Nt), so a coordinate factor must broadcast against
           f1 -- write x or x[:, 0:1], never x[:, 0].
        3. PARETO EVOLUTION: the frontier trades MSE against complexity. Complexity
           counts the derivative calls, the arithmetic operations and every params
           you use, so the same term written more compactly is preferred.
        4. OPTIMIZATION STRATEGY:{PARETO_FRONTIER_PLACEHOLDER}
    """
    diffusion = params[0] * d_axis(f1, 0, 2)

    # Modulated self-limiting drift: divergence of f1*(1-f1)*sin(k*x1)
    drift_flux = f1 * (1 - f1) * np.sin(params[2] * x[:, 0:1] + params[4])
    drift = params[1] * d_axis(drift_flux, 0, 1)

    # Logistic reaction (self-limiting growth)
    reaction = params[3] * f1 * (1 - f1)

    f1_t_pred = diffusion + drift + reaction

    return f1_t_pred
------------------------------------------------------
MSE          : 2.56e-13
Complexity   : 29
Sample time  : 3.174283981323242
Evaluate time: 6.071824550628662
Sample orders: 11
======================================================


================= Evaluated Function =================
def equation(x: np.ndarray, f1: np.ndarray, params: np.ndarray, d_axis: callable) -> np.ndarray:
    """ Mathematical function for the RHS of an unknown 1D PDE.

    Args:
        x: spatial coordinate grid, shape (Nx, 1).
        f1: the measured field, shape (Nx, Nt).
        params: a fixed-length array of exactly 5 entries. Use only indices 0..4.
        d_axis: spatial derivative. Call d_axis(field, axis, order); axis=0 is x1.

    Return:
        `f1_t_pred`, a numpy array with the grid shape.

    STRICT CONSTRAINT:
        1. SPATIAL DERIVATIVES & MATH: you are a physicist discovering a PDE. Use ONLY
           the provided d_axis(field, axis, order) for derivatives (max order 4), with
           axis=0 for the single spatial coordinate x1. For mathematical functions you
           are STRICTLY LIMITED to np.sin, np.cos, np.tanh and np.exp. Do not call any
           other np.* routine, do not import anything, and do not write numerical
           algorithms. Ordinary arithmetic (+ - * / **) and params[0..4] are free.
        2. OUTPUT FORMAT: write the complete formula, assign it to f1_t_pred, and
           strictly end with return f1_t_pred. No placeholders. Mind the shapes: x is
           (Nx, 1) and f1 is (Nx, Nt), so a coordinate factor must broadcast against
           f1 -- write x or x[:, 0:1], never x[:, 0].
        3. PARETO EVOLUTION: the frontier trades MSE against complexity. Complexity
           counts the derivative calls, the arithmetic operations and every params
           you use, so the same term written more compactly is preferred.
        4. OPTIMIZATION STRATEGY:{PARETO_FRONTIER_PLACEHOLDER}
    """
    # Diffusion term (second-order smoothing)
    diffusion = params[0] * d_axis(f1, 0, 2)

    # Modulated self-limiting drift: divergence of flux f1*(1-f1)*sin(k*x1)
    drift_flux = f1 * (1 - f1) * np.sin(params[2] * x[:, 0:1] + params[4])
    drift = params[1] * d_axis(drift_flux, 0, 1)

    # Logistic reaction with spatial weighting (strongest in middle, vanishes at boundaries)
    # Use cosine weight that peaks at center and goes to zero at edges
    reaction = params[3] * f1 * (1 - f1) * np.cos(params[2] * 0.5 * x[:, 0:1])

    f1_t_pred = diffusion + drift + reaction

    return f1_t_pred
------------------------------------------------------
MSE          : 1.73e-04
Complexity   : 36
Sample time  : 3.174283981323242
Evaluate time: 7.80479097366333
Sample orders: 12
======================================================


================= Evaluated Function =================
def equation(x: np.ndarray, f1: np.ndarray, params: np.ndarray, d_axis: callable) -> np.ndarray:
    """ Mathematical function for the RHS of an unknown 1D PDE.

    Args:
        x: spatial coordinate grid, shape (Nx, 1).
        f1: the measured field, shape (Nx, Nt).
        params: a fixed-length array of exactly 5 entries. Use only indices 0..4.
        d_axis: spatial derivative. Call d_axis(field, axis, order); axis=0 is x1.

    Return:
        `f1_t_pred`, a numpy array with the grid shape.

    STRICT CONSTRAINT:
        1. SPATIAL DERIVATIVES & MATH: you are a physicist discovering a PDE. Use ONLY
           the provided d_axis(field, axis, order) for derivatives (max order 4), with
           axis=0 for the single spatial coordinate x1. For mathematical functions you
           are STRICTLY LIMITED to np.sin, np.cos, np.tanh and np.exp. Do not call any
           other np.* routine, do not import anything, and do not write numerical
           algorithms. Ordinary arithmetic (+ - * / **) and params[0..4] are free.
        2. OUTPUT FORMAT: write the complete formula, assign it to f1_t_pred, and
           strictly end with return f1_t_pred. No placeholders. Mind the shapes: x is
           (Nx, 1) and f1 is (Nx, Nt), so a coordinate factor must broadcast against
           f1 -- write x or x[:, 0:1], never x[:, 0].
        3. PARETO EVOLUTION: the frontier trades MSE against complexity. Complexity
           counts the derivative calls, the arithmetic operations and every params
           you use, so the same term written more compactly is preferred.
        4. OPTIMIZATION STRATEGY:{PARETO_FRONTIER_PLACEHOLDER}
    """
    # Diffusion term (second-order smoothing)
    diffusion = params[0] * d_axis(f1, 0, 2)

    # Modulated self-limiting drift (divergence of flux with periodic modulation)
    drift_flux = f1 * (1 - f1) * np.sin(params[2] * x[:, 0:1] + params[4])
    drift = params[1] * d_axis(drift_flux, 0, 1)

    # Logistic reaction (source/sink based on capacity)
    reaction = params[3] * f1 * (1 - f1)

    f1_t_pred = diffusion + drift + reaction

    return f1_t_pred
------------------------------------------------------
MSE          : 2.56e-13
Complexity   : 26
Sample time  : 2.106293737888336
Evaluate time: 5.7830846309661865
Sample orders: 13
======================================================


================= Evaluated Function =================
def equation(x: np.ndarray, f1: np.ndarray, params: np.ndarray, d_axis: callable) -> np.ndarray:
    """ Mathematical function for the RHS of an unknown 1D PDE.

    Args:
        x: spatial coordinate grid, shape (Nx, 1).
        f1: the measured field, shape (Nx, Nt).
        params: a fixed-length array of exactly 5 entries. Use only indices 0..4.
        d_axis: spatial derivative. Call d_axis(field, axis, order); axis=0 is x1.

    Return:
        `f1_t_pred`, a numpy array with the grid shape.

    STRICT CONSTRAINT:
        1. SPATIAL DERIVATIVES & MATH: you are a physicist discovering a PDE. Use ONLY
           the provided d_axis(field, axis, order) for derivatives (max order 4), with
           axis=0 for the single spatial coordinate x1. For mathematical functions you
           are STRICTLY LIMITED to np.sin, np.cos, np.tanh and np.exp. Do not call any
           other np.* routine, do not import anything, and do not write numerical
           algorithms. Ordinary arithmetic (+ - * / **) and params[0..4] are free.
        2. OUTPUT FORMAT: write the complete formula, assign it to f1_t_pred, and
           strictly end with return f1_t_pred. No placeholders. Mind the shapes: x is
           (Nx, 1) and f1 is (Nx, Nt), so a coordinate factor must broadcast against
           f1 -- write x or x[:, 0:1], never x[:, 0].
        3. PARETO EVOLUTION: the frontier trades MSE against complexity. Complexity
           counts the derivative calls, the arithmetic operations and every params
           you use, so the same term written more compactly is preferred.
        4. OPTIMIZATION STRATEGY:{PARETO_FRONTIER_PLACEHOLDER}
    """
    # Diffusion term (second-order smoothing)
    diffusion = params[0] * d_axis(f1, 0, 2)

    # Modulated self-limiting drift (divergence of flux)
    # f1*(1-f1) provides capacity throttling, sin provides periodic modulation
    drift_flux = f1 * (1 - f1) * np.sin(params[2] * x[:, 0:1] + params[4])
    drift = params[1] * d_axis(drift_flux, 0, 1)

    # Logistic reaction (adds where empty, removes where full)
    reaction = params[3] * f1 * (1 - f1)

    f1_t_pred = diffusion + drift + reaction

    return f1_t_pred✅ [EVALUATED] MSE: 2.56e-13 | Params: [ 0.100001  0.500005  0.999995  1.       -1.570787]
Execution Error: name 'f1_t_pred' is not defined
✅ [EVALUATED] MSE: 1.66e-03 | Params: [  0.117722 -10.614912   0.038217   0.589704   3.034379]
✅ [EVALUATED] MSE: 2.56e-13 | Params: [ 0.100001  0.500005  0.999995  1.       -1.570787]

------------------------------------------------------
MSE          : 2.56e-13
Complexity   : 27
Sample time  : 2.106293737888336
Evaluate time: 5.902977705001831
Sample orders: 14
======================================================


================= Evaluated Function =================
def equation(x: np.ndarray, f1: np.ndarray, params: np.ndarray, d_axis: callable) -> np.ndarray:
    """ Mathematical function for the RHS of an unknown 1D PDE.

    Args:
        x: spatial coordinate grid, shape (Nx, 1).
        f1: the measured field, shape (Nx, Nt).
        params: a fixed-length array of exactly 5 entries. Use only indices 0..4.
        d_axis: spatial derivative. Call d_axis(field, axis, order); axis=0 is x1.

    Return:
        `f1_t_pred`, a numpy array with the grid shape.

    STRICT CONSTRAINT:
        1. SPATIAL DERIVATIVES & MATH: you are a physicist discovering a PDE. Use ONLY
           the provided d_axis(field, axis, order) for derivatives (max order 4), with
           axis=0 for the single spatial coordinate x1. For mathematical functions you
           are STRICTLY LIMITED to np.sin, np.cos, np.tanh and np.exp. Do not call any
           other np.* routine, do not import anything, and do not write numerical
           algorithms. Ordinary arithmetic (+ - * / **) and params[0..4] are free.
        2. OUTPUT FORMAT: write the complete formula, assign it to f1_t_pred, and
           strictly end with return f1_t_pred. No placeholders. Mind the shapes: x is
           (Nx, 1) and f1 is (Nx, Nt), so a coordinate factor must broadcast against
           f1 -- write x or x[:, 0:1], never x[:, 0].
        3. PARETO EVOLUTION: the frontier trades MSE against complexity. Complexity
           counts the derivative calls, the arithmetic operations and every params
           you use, so the same term written more compactly is preferred.
        4. OPTIMIZATION STRATEGY:{PARETO_FRONTIER_PLACEHOLDER}
    """
    # Diffusion term (second-order smoothing)
    diffusion = params[0] * d_axis(f1, 0, 2)

    # Modulated self-limiting drift (divergence of flux)
    drift_flux = f1 * (1 - f1) * np.sin(params[2] * x[:, 0:1] + params[4])
    drift = params[1] * d_axis(drift_flux, 0, 1)

    # Logistic reaction (source/sink based on capacity)
    reaction = params[3] * f1 * (1 - f1)

    f1_t_pred = diffusion + drift + reaction

    return f1_t_pred
------------------------------------------------------
MSE          : 2.56e-13
Complexity   : 26
Sample time  : 2.106293737888336
Evaluate time: 5.4684624671936035
Sample orders: 15
======================================================


⏱️  [NO SCORE] the sandbox returned nothing for this draw (timeout 60s, or a runtime error); it gets no MSE and no frontier slot
================= Evaluated Function =================
def equation(x: np.ndarray, f1: np.ndarray, params: np.ndarray, d_axis: callable) -> np.ndarray:
    """ Mathematical function for the RHS of an unknown 1D PDE.

    Args:
        x: spatial coordinate grid, shape (Nx, 1).
        f1: the measured field, shape (Nx, Nt).
        params: a fixed-length array of exactly 5 entries. Use only indices 0..4.
        d_axis: spatial derivative. Call d_axis(field, axis, order); axis=0 is x1.

    Return:
        `f1_t_pred`, a numpy array with the grid shape.

    STRICT CONSTRAINT:
        1. SPATIAL DERIVATIVES & MATH: you are a physicist discovering a PDE. Use ONLY
           the provided d_axis(field, axis, order) for derivatives (max order 4), with
           axis=0 for the single spatial coordinate x1. For mathematical functions you
           are STRICTLY LIMITED to np.sin, np.cos, np.tanh and np.exp. Do not call any
           other np.* routine, do not import anything, and do not write numerical
           algorithms. Ordinary arithmetic (+ - * / **) and params[0..4] are free.
        2. OUTPUT FORMAT: write the complete formula, assign it to f1_t_pred, and
           strictly end with return f1_t_pred. No placeholders. Mind the shapes: x is
           (Nx, 1) and f1 is (Nx, Nt), so a coordinate factor must broadcast against
           f1 -- write x or x[:, 0:1], never x[:, 0].
        3. PARETO EVOLUTION: the frontier trades MSE against complexity. Complexity
           counts the derivative calls, the arithmetic operations and every params
           you use, so the same term written more compactly is preferred.
        4. OPTIMIZATION STRATEGY:{PARETO_FRONTIER_PLACEHOLDER}
    """
    return f1_t_pred
------------------------------------------------------
MSE          : N/A
Complexity   : N/A
Sample time  : 2.106293737888336
Evaluate time: 2.8865928649902344
Sample orders: 16
======================================================


================= Evaluated Function =================
def equation(x: np.ndarray, f1: np.ndarray, params: np.ndarray, d_axis: callable) -> np.ndarray:
    """ Mathematical function for the RHS of an unknown 1D PDE.

    Args:
        x: spatial coordinate grid, shape (Nx, 1).
        f1: the measured field, shape (Nx, Nt).
        params: a fixed-length array of exactly 5 entries. Use only indices 0..4.
        d_axis: spatial derivative. Call d_axis(field, axis, order); axis=0 is x1.

    Return:
        `f1_t_pred`, a numpy array with the grid shape.

    STRICT CONSTRAINT:
        1. SPATIAL DERIVATIVES & MATH: you are a physicist discovering a PDE. Use ONLY
           the provided d_axis(field, axis, order) for derivatives (max order 4), with
           axis=0 for the single spatial coordinate x1. For mathematical functions you
           are STRICTLY LIMITED to np.sin, np.cos, np.tanh and np.exp. Do not call any
           other np.* routine, do not import anything, and do not write numerical
           algorithms. Ordinary arithmetic (+ - * / **) and params[0..4] are free.
        2. OUTPUT FORMAT: write the complete formula, assign it to f1_t_pred, and
           strictly end with return f1_t_pred. No placeholders. Mind the shapes: x is
           (Nx, 1) and f1 is (Nx, Nt), so a coordinate factor must broadcast against
           f1 -- write x or x[:, 0:1], never x[:, 0].
        3. PARETO EVOLUTION: the frontier trades MSE against complexity. Complexity
           counts the derivative calls, the arithmetic operations and every params
           you use, so the same term written more compactly is preferred.
        4. OPTIMIZATION STRATEGY:{PARETO_FRONTIER_PLACEHOLDER}
    """
    # Diffusion term (second-order smoothing)
    diffusion = params[0] * d_axis(f1, 0, 2)

    # Modulated self-limiting drift (divergence of flux)
    drift_flux = f1 * (1 - f1) * np.sin(params[2] * x[:, 0:1] + params[4])
    drift = params[1] * d_axis(drift_flux, 0, 1)

    # Logistic reaction with spatial envelope (vanishes at boundaries, peaks in middle)
    # Since x is centered around some value, use a Gaussian-like envelope via cos or exp
    # Using np.exp(-params[3] * x[:,0:1]**2) would be a natural choice
    reaction_envelope = np.exp(-params[3] * x[:, 0:1]**2)
    reaction = params[3] * f1 * (1 - f1) * reaction_envelope

    f1_t_pred = diffusion + drift + reaction

    return f1_t_pred
------------------------------------------------------
MSE          : 1.66e-03
Complexity   : 41
Sample time  : 2.6069486141204834
Evaluate time: 10.994631290435791
Sample orders: 17
======================================================


================= Evaluated Function =================
def equation(x: np.ndarray, f1: np.ndarray, params: np.ndarray, d_axis: callable) -> np.ndarray:
    """ Mathematical function for the RHS of an unknown 1D PDE.

    Args:
        x: spatial coordinate grid, shape (Nx, 1).
        f1: the measured field, shape (Nx, Nt).
        params: a fixed-length array of exactly 5 entries. Use only indices 0..4.
        d_axis: spatial derivative. Call d_axis(field, axis, order); axis=0 is x1.

    Return:
        `f1_t_pred`, a numpy array with the grid shape.

    STRICT CONSTRAINT:
        1. SPATIAL DERIVATIVES & MATH: you are a physicist discovering a PDE. Use ONLY
           the provided d_axis(field, axis, order) for derivatives (max order 4), with
           axis=0 for the single spatial coordinate x1. For mathematical functions you
           are STRICTLY LIMITED to np.sin, np.cos, np.tanh and np.exp. Do not call any
           other np.* routine, do not import anything, and do not write numerical
           algorithms. Ordinary arithmetic (+ - * / **) and params[0..4] are free.
        2. OUTPUT FORMAT: write the complete formula, assign it to f1_t_pred, and
           strictly end with return f1_t_pred. No placeholders. Mind the shapes: x is
           (Nx, 1) and f1 is (Nx, Nt), so a coordinate factor must broadcast against
           f1 -- write x or x[:, 0:1], never x[:, 0].
        3. PARETO EVOLUTION: the frontier trades MSE against complexity. Complexity
           counts the derivative calls, the arithmetic operations and every params
           you use, so the same term written more compactly is preferred.
        4. OPTIMIZATION STRATEGY:{PARETO_FRONTIER_PLACEHOLDER}
    """
    # Diffusion term (second-order smoothing)
    diffusion = params[0] * d_axis(f1, 0, 2)

    # Modulated self-limiting drift (divergence of flux)
    drift_flux = f1 * (1 - f1) * np.sin(params[2] * x[:, 0:1] + params[4])
    drift = params[1] * d_axis(drift_flux, 0, 1)

    # Logistic reaction (source/sink based on capacity)
    reaction = params[3] * f1 * (1 - f1)

    f1_t_pred = diffusion + drift + reaction

    return f1_t_pred✅ [EVALUATED] MSE: 2.56e-13 | Params: [ 0.100001  0.500005  0.999995  1.       -1.570787]

------------------------------------------------------
MSE          : 2.56e-13
Complexity   : 26
Sample time  : 2.6069486141204834
Evaluate time: 5.132608413696289
Sample orders: 18
======================================================


================= Evaluated Function =================
def equation(x: np.ndarray, f1: np.ndarray, params: np.ndarray, d_axis: callable) -> np.ndarray:
    """ Mathematical function for the RHS of an unknown 1D PDE.

    Args:
        x: spatial coordinate grid, shape (Nx, 1).
        f1: the measured field, shape (Nx, Nt).
        params: a fixed-length array of exactly 5 entries. Use only indices 0..4.
        d_axis: spatial derivative. Call d_axis(field, axis, order); axis=0 is x1.

    Return:
        `f1_t_pred`, a numpy array with the grid shape.

    STRICT CONSTRAINT:
        1. SPATIAL DERIVATIVES & MATH: you are a physicist discovering a PDE. Use ONLY
           the provided d_axis(field, axis, order) for derivatives (max order 4), with
           axis=0 for the single spatial coordinate x1. For mathematical functions you
           are STRICTLY LIMITED to np.sin, np.cos, np.tanh and np.exp. Do not call any
           other np.* routine, do not import anything, and do not write numerical
           algorithms. Ordinary arithmetic (+ - * / **) and params[0..4] are free.
        2. OUTPUT FORMAT: write the complete formula, assign it to f1_t_pred, and
           strictly end with return f1_t_pred. No placeholders. Mind the shapes: x is
           (Nx, 1) and f1 is (Nx, Nt), so a coordinate factor must broadcast against
           f1 -- write x or x[:, 0:1], never x[:, 0].
        3. PARETO EVOLUTION: the frontier trades MSE against complexity. Complexity
           counts the derivative calls, the arithmetic operations and every params
           you use, so the same term written more compactly is preferred.
        4. OPTIMIZATION STRATEGY:{PARETO_FRONTIER_PLACEHOLDER}
    """
    # Diffusion term (second-order smoothing)
    diffusion = params[0] * d_axis(f1, 0, 2)

    # Modulated self-limiting drift (divergence of flux)
    drift_flux = f1 * (1 - f1) * np.sin(params[2] * x[:, 0:1] + params[4])
    drift = params[1] * d_axis(drift_flux, 0, 1)

    # Logistic reaction (source/sink based on capacity)
    reaction = params[3] * f1 * (1 - f1)

    f1_t_pred = diffusion + drift + reaction

    return f1_t_pred
------------------------------------------------------
MSE          : 2.56e-13
Complexity   : 26
Sample time  : 2.6069486141204834
Evaluate time: 5.611493349075317
Sample orders: 19
======================================================


🚫 [UNPARSABLE] the reply carried no executable body; draw dropped
✅ [EVALUATED] MSE: 2.56e-13 | Params: [ 0.100001  0.500005  0.999995  1.       -1.570787]
✅ [EVALUATED] MSE: 2.56e-13 | Params: [ 0.100001  0.500005  0.999995  1.       -1.570787]
✅ [EVALUATED] MSE: 2.56e-13 | Params: [ 0.100001  0.500005  0.999995  1.       -1.570787]
✅ [EVALUATED] MSE: 2.56e-13 | Params: [ 0.100001  0.500005  0.999995  1.       -1.570787]
================= Evaluated Function =================
def equation(x: np.ndarray, f1: np.ndarray, params: np.ndarray, d_axis: callable) -> np.ndarray:
    """ Mathematical function for the RHS of an unknown 1D PDE.

    Args:
        x: spatial coordinate grid, shape (Nx, 1).
        f1: the measured field, shape (Nx, Nt).
        params: a fixed-length array of exactly 5 entries. Use only indices 0..4.
        d_axis: spatial derivative. Call d_axis(field, axis, order); axis=0 is x1.

    Return:
        `f1_t_pred`, a numpy array with the grid shape.

    STRICT CONSTRAINT:
        1. SPATIAL DERIVATIVES & MATH: you are a physicist discovering a PDE. Use ONLY
           the provided d_axis(field, axis, order) for derivatives (max order 4), with
           axis=0 for the single spatial coordinate x1. For mathematical functions you
           are STRICTLY LIMITED to np.sin, np.cos, np.tanh and np.exp. Do not call any
           other np.* routine, do not import anything, and do not write numerical
           algorithms. Ordinary arithmetic (+ - * / **) and params[0..4] are free.
        2. OUTPUT FORMAT: write the complete formula, assign it to f1_t_pred, and
           strictly end with return f1_t_pred. No placeholders. Mind the shapes: x is
           (Nx, 1) and f1 is (Nx, Nt), so a coordinate factor must broadcast against
           f1 -- write x or x[:, 0:1], never x[:, 0].
        3. PARETO EVOLUTION: the frontier trades MSE against complexity. Complexity
           counts the derivative calls, the arithmetic operations and every params
           you use, so the same term written more compactly is preferred.
        4. OPTIMIZATION STRATEGY:{PARETO_FRONTIER_PLACEHOLDER}
    """
    # Diffusion term (second-order smoothing)
    diffusion = params[0] * d_axis(f1, 0, 2)

    # Modulated self-limiting drift (divergence of flux)
    drift_flux = f1 * (1 - f1) * np.sin(params[2] * x[:, 0:1] + params[4])
    drift = params[1] * d_axis(drift_flux, 0, 1)

    # Logistic reaction (source/sink based on capacity)
    reaction = params[3] * f1 * (1 - f1)

    f1_t_pred = diffusion + drift + reaction

    return f1_t_pred
------------------------------------------------------
MSE          : 2.56e-13
Complexity   : 26
Sample time  : 1.5465843081474304
Evaluate time: 5.896374464035034
Sample orders: 21
======================================================


================= Evaluated Function =================
def equation(x: np.ndarray, f1: np.ndarray, params: np.ndarray, d_axis: callable) -> np.ndarray:
    """ Mathematical function for the RHS of an unknown 1D PDE.

    Args:
        x: spatial coordinate grid, shape (Nx, 1).
        f1: the measured field, shape (Nx, Nt).
        params: a fixed-length array of exactly 5 entries. Use only indices 0..4.
        d_axis: spatial derivative. Call d_axis(field, axis, order); axis=0 is x1.

    Return:
        `f1_t_pred`, a numpy array with the grid shape.

    STRICT CONSTRAINT:
        1. SPATIAL DERIVATIVES & MATH: you are a physicist discovering a PDE. Use ONLY
           the provided d_axis(field, axis, order) for derivatives (max order 4), with
           axis=0 for the single spatial coordinate x1. For mathematical functions you
           are STRICTLY LIMITED to np.sin, np.cos, np.tanh and np.exp. Do not call any
           other np.* routine, do not import anything, and do not write numerical
           algorithms. Ordinary arithmetic (+ - * / **) and params[0..4] are free.
        2. OUTPUT FORMAT: write the complete formula, assign it to f1_t_pred, and
           strictly end with return f1_t_pred. No placeholders. Mind the shapes: x is
           (Nx, 1) and f1 is (Nx, Nt), so a coordinate factor must broadcast against
           f1 -- write x or x[:, 0:1], never x[:, 0].
        3. PARETO EVOLUTION: the frontier trades MSE against complexity. Complexity
           counts the derivative calls, the arithmetic operations and every params
           you use, so the same term written more compactly is preferred.
        4. OPTIMIZATION STRATEGY:{PARETO_FRONTIER_PLACEHOLDER}
    """
    # Diffusion term (second-order smoothing)
    diffusion = params[0] * d_axis(f1, 0, 2)

    # Modulated self-limiting drift (divergence of flux)
    drift_flux = f1 * (1 - f1) * np.sin(params[2] * x[:, 0:1] + params[4])
    drift = params[1] * d_axis(drift_flux, 0, 1)

    # Logistic reaction (source/sink based on capacity)
    reaction = params[3] * f1 * (1 - f1)

    f1_t_pred = diffusion + drift + reaction

    return f1_t_pred
------------------------------------------------------
MSE          : 2.56e-13
Complexity   : 26
Sample time  : 1.5465843081474304
Evaluate time: 5.681792974472046
Sample orders: 22
======================================================


================= Evaluated Function =================
def equation(x: np.ndarray, f1: np.ndarray, params: np.ndarray, d_axis: callable) -> np.ndarray:
    """ Mathematical function for the RHS of an unknown 1D PDE.

    Args:
        x: spatial coordinate grid, shape (Nx, 1).
        f1: the measured field, shape (Nx, Nt).
        params: a fixed-length array of exactly 5 entries. Use only indices 0..4.
        d_axis: spatial derivative. Call d_axis(field, axis, order); axis=0 is x1.

    Return:
        `f1_t_pred`, a numpy array with the grid shape.

    STRICT CONSTRAINT:
        1. SPATIAL DERIVATIVES & MATH: you are a physicist discovering a PDE. Use ONLY
           the provided d_axis(field, axis, order) for derivatives (max order 4), with
           axis=0 for the single spatial coordinate x1. For mathematical functions you
           are STRICTLY LIMITED to np.sin, np.cos, np.tanh and np.exp. Do not call any
           other np.* routine, do not import anything, and do not write numerical
           algorithms. Ordinary arithmetic (+ - * / **) and params[0..4] are free.
        2. OUTPUT FORMAT: write the complete formula, assign it to f1_t_pred, and
           strictly end with return f1_t_pred. No placeholders. Mind the shapes: x is
           (Nx, 1) and f1 is (Nx, Nt), so a coordinate factor must broadcast against
           f1 -- write x or x[:, 0:1], never x[:, 0].
        3. PARETO EVOLUTION: the frontier trades MSE against complexity. Complexity
           counts the derivative calls, the arithmetic operations and every params
           you use, so the same term written more compactly is preferred.
        4. OPTIMIZATION STRATEGY:{PARETO_FRONTIER_PLACEHOLDER}
    """
    # Diffusion term (second-order smoothing)
    diffusion = params[0] * d_axis(f1, 0, 2)

    # Modulated self-limiting drift (divergence of flux with periodic modulation and capacity factor)
    drift_flux = f1 * (1 - f1) * np.sin(params[2] * x[:, 0:1] + params[4])
    drift = params[1] * d_axis(drift_flux, 0, 1)

    # Logistic reaction (source/sink based on capacity)
    reaction = params[3] * f1 * (1 - f1)

    f1_t_pred = diffusion + drift + reaction

    return f1_t_pred
------------------------------------------------------
MSE          : 2.56e-13
Complexity   : 26
Sample time  : 1.5465843081474304
Evaluate time: 5.353325605392456
Sample orders: 23
======================================================


================= Evaluated Function =================
def equation(x: np.ndarray, f1: np.ndarray, params: np.ndarray, d_axis: callable) -> np.ndarray:
    """ Mathematical function for the RHS of an unknown 1D PDE.

    Args:
        x: spatial coordinate grid, shape (Nx, 1).
        f1: the measured field, shape (Nx, Nt).
        params: a fixed-length array of exactly 5 entries. Use only indices 0..4.
        d_axis: spatial derivative. Call d_axis(field, axis, order); axis=0 is x1.

    Return:
        `f1_t_pred`, a numpy array with the grid shape.

    STRICT CONSTRAINT:
        1. SPATIAL DERIVATIVES & MATH: you are a physicist discovering a PDE. Use ONLY
           the provided d_axis(field, axis, order) for derivatives (max order 4), with
           axis=0 for the single spatial coordinate x1. For mathematical functions you
           are STRICTLY LIMITED to np.sin, np.cos, np.tanh and np.exp. Do not call any
           other np.* routine, do not import anything, and do not write numerical
           algorithms. Ordinary arithmetic (+ - * / **) and params[0..4] are free.
        2. OUTPUT FORMAT: write the complete formula, assign it to f1_t_pred, and
           strictly end with return f1_t_pred. No placeholders. Mind the shapes: x is
           (Nx, 1) and f1 is (Nx, Nt), so a coordinate factor must broadcast against
           f1 -- write x or x[:, 0:1], never x[:, 0].
        3. PARETO EVOLUTION: the frontier trades MSE against complexity. Complexity
           counts the derivative calls, the arithmetic operations and every params
           you use, so the same term written more compactly is preferred.
        4. OPTIMIZATION STRATEGY:{PARETO_FRONTIER_PLACEHOLDER}
    """
    # Diffusion term (second-order smoothing)
    diffusion = params[0] * d_axis(f1, 0, 2)

    # Modulated self-limiting drift (divergence of flux with periodic sin modulation)
    drift_flux = f1 * (1 - f1) * np.sin(params[2] * x[:, 0:1] + params[4])
    drift = params[1] * d_axis(drift_flux, 0, 1)

    # Logistic reaction (adds where room, removes where overfull)
    reaction = params[3] * f1 * (1 - f1)

    f1_t_pred = diffusion + drift + reaction

    return f1_t_pred✅ [EVALUATED] MSE: 2.56e-13 | Params: [ 0.100001  0.500005  0.999995  1.       -1.570787]
✅ [EVALUATED] MSE: 2.56e-13 | Params: [ 0.100001  0.500005  0.999995  1.       -1.570787]
✅ [EVALUATED] MSE: 2.56e-13 | Params: [ 0.100001  0.500005  0.999995  1.       -1.570787]
✅ [EVALUATED] MSE: 2.56e-13 | Params: [ 0.100001  0.500005  0.999995  1.       -1.570787]

------------------------------------------------------
MSE          : 2.56e-13
Complexity   : 25
Sample time  : 1.5465843081474304
Evaluate time: 5.490681886672974
Sample orders: 24
======================================================


================= Evaluated Function =================
def equation(x: np.ndarray, f1: np.ndarray, params: np.ndarray, d_axis: callable) -> np.ndarray:
    """ Mathematical function for the RHS of an unknown 1D PDE.

    Args:
        x: spatial coordinate grid, shape (Nx, 1).
        f1: the measured field, shape (Nx, Nt).
        params: a fixed-length array of exactly 5 entries. Use only indices 0..4.
        d_axis: spatial derivative. Call d_axis(field, axis, order); axis=0 is x1.

    Return:
        `f1_t_pred`, a numpy array with the grid shape.

    STRICT CONSTRAINT:
        1. SPATIAL DERIVATIVES & MATH: you are a physicist discovering a PDE. Use ONLY
           the provided d_axis(field, axis, order) for derivatives (max order 4), with
           axis=0 for the single spatial coordinate x1. For mathematical functions you
           are STRICTLY LIMITED to np.sin, np.cos, np.tanh and np.exp. Do not call any
           other np.* routine, do not import anything, and do not write numerical
           algorithms. Ordinary arithmetic (+ - * / **) and params[0..4] are free.
        2. OUTPUT FORMAT: write the complete formula, assign it to f1_t_pred, and
           strictly end with return f1_t_pred. No placeholders. Mind the shapes: x is
           (Nx, 1) and f1 is (Nx, Nt), so a coordinate factor must broadcast against
           f1 -- write x or x[:, 0:1], never x[:, 0].
        3. PARETO EVOLUTION: the frontier trades MSE against complexity. Complexity
           counts the derivative calls, the arithmetic operations and every params
           you use, so the same term written more compactly is preferred.
        4. OPTIMIZATION STRATEGY:{PARETO_FRONTIER_PLACEHOLDER}
    """
    # Diffusion term (second-order smoothing)
    diffusion = params[0] * d_axis(f1, 0, 2)

    # Modulated self-limiting drift with periodic modulation and phase
    drift_flux = f1 * (1 - f1) * np.sin(params[2] * x[:, 0:1] + params[4])
    drift = params[1] * d_axis(drift_flux, 0, 1)

    # Logistic reaction term (adds where room, removes where overfull)
    reaction = params[3] * f1 * (1 - f1)

    f1_t_pred = diffusion + drift + reaction

    return f1_t_pred
------------------------------------------------------
MSE          : 2.56e-13
Complexity   : 24
Sample time  : 2.9104284048080444
Evaluate time: 5.656354665756226
Sample orders: 25
======================================================


================= Evaluated Function =================
def equation(x: np.ndarray, f1: np.ndarray, params: np.ndarray, d_axis: callable) -> np.ndarray:
    """ Mathematical function for the RHS of an unknown 1D PDE.

    Args:
        x: spatial coordinate grid, shape (Nx, 1).
        f1: the measured field, shape (Nx, Nt).
        params: a fixed-length array of exactly 5 entries. Use only indices 0..4.
        d_axis: spatial derivative. Call d_axis(field, axis, order); axis=0 is x1.

    Return:
        `f1_t_pred`, a numpy array with the grid shape.

    STRICT CONSTRAINT:
        1. SPATIAL DERIVATIVES & MATH: you are a physicist discovering a PDE. Use ONLY
           the provided d_axis(field, axis, order) for derivatives (max order 4), with
           axis=0 for the single spatial coordinate x1. For mathematical functions you
           are STRICTLY LIMITED to np.sin, np.cos, np.tanh and np.exp. Do not call any
           other np.* routine, do not import anything, and do not write numerical
           algorithms. Ordinary arithmetic (+ - * / **) and params[0..4] are free.
        2. OUTPUT FORMAT: write the complete formula, assign it to f1_t_pred, and
           strictly end with return f1_t_pred. No placeholders. Mind the shapes: x is
           (Nx, 1) and f1 is (Nx, Nt), so a coordinate factor must broadcast against
           f1 -- write x or x[:, 0:1], never x[:, 0].
        3. PARETO EVOLUTION: the frontier trades MSE against complexity. Complexity
           counts the derivative calls, the arithmetic operations and every params
           you use, so the same term written more compactly is preferred.
        4. OPTIMIZATION STRATEGY:{PARETO_FRONTIER_PLACEHOLDER}
    """
    # Second-order diffusion (smoothing)
    diffusion = params[0] * d_axis(f1, 0, 2)

    # Modulated self-limiting drift
    # The flux is f1*(1-f1)*sin(k*x1 + phase)
    # This vanishes at f1=0 and f1=1, and alternates direction periodically
    drift_flux = f1 * (1 - f1) * np.sin(params[2] * x[:, 0:1] + params[4])
    drift = params[1] * d_axis(drift_flux, 0, 1)

    # Logistic reaction term
    # Adds where there's room, removes where overfull
    # Vanishes at f1=0 and f1=1
    reaction = params[3] * f1 * (1 - f1)

    f1_t_pred = diffusion + drift + reaction

    return f1_t_pred
------------------------------------------------------
MSE          : 2.56e-13
Complexity   : 30
Sample time  : 2.9104284048080444
Evaluate time: 5.739588737487793
Sample orders: 26
======================================================


================= Evaluated Function =================
def equation(x: np.ndarray, f1: np.ndarray, params: np.ndarray, d_axis: callable) -> np.ndarray:
    """ Mathematical function for the RHS of an unknown 1D PDE.

    Args:
        x: spatial coordinate grid, shape (Nx, 1).
        f1: the measured field, shape (Nx, Nt).
        params: a fixed-length array of exactly 5 entries. Use only indices 0..4.
        d_axis: spatial derivative. Call d_axis(field, axis, order); axis=0 is x1.

    Return:
        `f1_t_pred`, a numpy array with the grid shape.

    STRICT CONSTRAINT:
        1. SPATIAL DERIVATIVES & MATH: you are a physicist discovering a PDE. Use ONLY
           the provided d_axis(field, axis, order) for derivatives (max order 4), with
           axis=0 for the single spatial coordinate x1. For mathematical functions you
           are STRICTLY LIMITED to np.sin, np.cos, np.tanh and np.exp. Do not call any
           other np.* routine, do not import anything, and do not write numerical
           algorithms. Ordinary arithmetic (+ - * / **) and params[0..4] are free.
        2. OUTPUT FORMAT: write the complete formula, assign it to f1_t_pred, and
           strictly end with return f1_t_pred. No placeholders. Mind the shapes: x is
           (Nx, 1) and f1 is (Nx, Nt), so a coordinate factor must broadcast against
           f1 -- write x or x[:, 0:1], never x[:, 0].
        3. PARETO EVOLUTION: the frontier trades MSE against complexity. Complexity
           counts the derivative calls, the arithmetic operations and every params
           you use, so the same term written more compactly is preferred.
        4. OPTIMIZATION STRATEGY:{PARETO_FRONTIER_PLACEHOLDER}
    """
    # Second-order diffusion (smoothing)
    diffusion = params[0] * d_axis(f1, 0, 2)

    # Modulated self-limiting drift with periodic sin modulation
    # The phase allows optimal alignment with the fixed spatial modulation
    drift_flux = f1 * (1 - f1) * np.sin(params[2] * x[:, 0:1] + params[4])
    drift = params[1] * d_axis(drift_flux, 0, 1)

    # Logistic reaction (strongest at f1=0.5, vanishes at 0 and 1)
    reaction = params[3] * f1 * (1 - f1)

    f1_t_pred = diffusion + drift + reaction

    return f1_t_pred
------------------------------------------------------
MSE          : 2.56e-13
Complexity   : 25
Sample time  : 2.9104284048080444
Evaluate time: 6.379546642303467
Sample orders: 27
======================================================


================= Evaluated Function =================
def equation(x: np.ndarray, f1: np.ndarray, params: np.ndarray, d_axis: callable) -> np.ndarray:
    """ Mathematical function for the RHS of an unknown 1D PDE.

    Args:
        x: spatial coordinate grid, shape (Nx, 1).
        f1: the measured field, shape (Nx, Nt).
        params: a fixed-length array of exactly 5 entries. Use only indices 0..4.
        d_axis: spatial derivative. Call d_axis(field, axis, order); axis=0 is x1.

    Return:
        `f1_t_pred`, a numpy array with the grid shape.

    STRICT CONSTRAINT:
        1. SPATIAL DERIVATIVES & MATH: you are a physicist discovering a PDE. Use ONLY
           the provided d_axis(field, axis, order) for derivatives (max order 4), with
           axis=0 for the single spatial coordinate x1. For mathematical functions you
           are STRICTLY LIMITED to np.sin, np.cos, np.tanh and np.exp. Do not call any
           other np.* routine, do not import anything, and do not write numerical
           algorithms. Ordinary arithmetic (+ - * / **) and params[0..4] are free.
        2. OUTPUT FORMAT: write the complete formula, assign it to f1_t_pred, and
           strictly end with return f1_t_pred. No placeholders. Mind the shapes: x is
           (Nx, 1) and f1 is (Nx, Nt), so a coordinate factor must broadcast against
           f1 -- write x or x[:, 0:1], never x[:, 0].
        3. PARETO EVOLUTION: the frontier trades MSE against complexity. Complexity
           counts the derivative calls, the arithmetic operations and every params
           you use, so the same term written more compactly is preferred.
        4. OPTIMIZATION STRATEGY:{PARETO_FRONTIER_PLACEHOLDER}
    """
    # Diffusion term (second-order smoothing)
    diffusion = params[0] * d_axis(f1, 0, 2)

    # Modulated self-limiting drift (divergence of flux with periodic sin modulation)
    drift_flux = f1 * (1 - f1) * np.sin(params[2] * x[:, 0:1] + params[4])
    drift = params[1] * d_axis(drift_flux, 0, 1)

    # Logistic reaction (adds where room, removes where overfull)
    reaction = params[3] * f1 * (1 - f1)

    f1_t_pred = diffusion + drift + reaction

    return f1_t_pred✅ [EVALUATED] MSE: 2.56e-13 | Params: [ 0.100001  0.500005  0.999995  1.       -1.570787]
✅ [EVALUATED] MSE: 2.56e-13 | Params: [ 0.100001  0.500005  0.999995  1.       -1.570787]

------------------------------------------------------
MSE          : 2.56e-13
Complexity   : 25
Sample time  : 2.9104284048080444
Evaluate time: 6.05916953086853
Sample orders: 28
======================================================


================= Evaluated Function =================
def equation(x: np.ndarray, f1: np.ndarray, params: np.ndarray, d_axis: callable) -> np.ndarray:
    """ Mathematical function for the RHS of an unknown 1D PDE.

    Args:
        x: spatial coordinate grid, shape (Nx, 1).
        f1: the measured field, shape (Nx, Nt).
        params: a fixed-length array of exactly 5 entries. Use only indices 0..4.
        d_axis: spatial derivative. Call d_axis(field, axis, order); axis=0 is x1.

    Return:
        `f1_t_pred`, a numpy array with the grid shape.

    STRICT CONSTRAINT:
        1. SPATIAL DERIVATIVES & MATH: you are a physicist discovering a PDE. Use ONLY
           the provided d_axis(field, axis, order) for derivatives (max order 4), with
           axis=0 for the single spatial coordinate x1. For mathematical functions you
           are STRICTLY LIMITED to np.sin, np.cos, np.tanh and np.exp. Do not call any
           other np.* routine, do not import anything, and do not write numerical
           algorithms. Ordinary arithmetic (+ - * / **) and params[0..4] are free.
        2. OUTPUT FORMAT: write the complete formula, assign it to f1_t_pred, and
           strictly end with return f1_t_pred. No placeholders. Mind the shapes: x is
           (Nx, 1) and f1 is (Nx, Nt), so a coordinate factor must broadcast against
           f1 -- write x or x[:, 0:1], never x[:, 0].
        3. PARETO EVOLUTION: the frontier trades MSE against complexity. Complexity
           counts the derivative calls, the arithmetic operations and every params
           you use, so the same term written more compactly is preferred.
        4. OPTIMIZATION STRATEGY:{PARETO_FRONTIER_PLACEHOLDER}
    """
    f1_t_pred = params[0] * d_axis(f1, 0, 2) + params[1] * d_axis(f1 * (1 - f1) * np.sin(params[2] * x[:, 0:1] + params[4]), 0, 1) + params[3] * f1 * (1 - f1)

    return f1_t_pred
------------------------------------------------------
MSE          : 2.56e-13
Complexity   : 22
Sample time  : 1.9483003616333008
Evaluate time: 5.70463490486145
Sample orders: 29
======================================================


================= Evaluated Function =================
def equation(x: np.ndarray, f1: np.ndarray, params: np.ndarray, d_axis: callable) -> np.ndarray:
    """ Mathematical function for the RHS of an unknown 1D PDE.

    Args:
        x: spatial coordinate grid, shape (Nx, 1).
        f1: the measured field, shape (Nx, Nt).
        params: a fixed-length array of exactly 5 entries. Use only indices 0..4.
        d_axis: spatial derivative. Call d_axis(field, axis, order); axis=0 is x1.

    Return:
        `f1_t_pred`, a numpy array with the grid shape.

    STRICT CONSTRAINT:
        1. SPATIAL DERIVATIVES & MATH: you are a physicist discovering a PDE. Use ONLY
           the provided d_axis(field, axis, order) for derivatives (max order 4), with
           axis=0 for the single spatial coordinate x1. For mathematical functions you
           are STRICTLY LIMITED to np.sin, np.cos, np.tanh and np.exp. Do not call any
           other np.* routine, do not import anything, and do not write numerical
           algorithms. Ordinary arithmetic (+ - * / **) and params[0..4] are free.
        2. OUTPUT FORMAT: write the complete formula, assign it to f1_t_pred, and
           strictly end with return f1_t_pred. No placeholders. Mind the shapes: x is
           (Nx, 1) and f1 is (Nx, Nt), so a coordinate factor must broadcast against
           f1 -- write x or x[:, 0:1], never x[:, 0].
        3. PARETO EVOLUTION: the frontier trades MSE against complexity. Complexity
           counts the derivative calls, the arithmetic operations and every params
           you use, so the same term written more compactly is preferred.
        4. OPTIMIZATION STRATEGY:{PARETO_FRONTIER_PLACEHOLDER}
    """
    # Diffusion term (second-order smoothing)
    diffusion = params[0] * d_axis(f1, 0, 2)

    # Modulated self-limiting drift with periodic modulation and phase
    drift_flux = f1 * (1 - f1) * np.sin(params[2] * x[:, 0:1] + params[4])
    drift = params[1] * d_axis(drift_flux, 0, 1)

    # Logistic reaction term (adds where room, removes where overfull)
    reaction = params[3] * f1 * (1 - f1)

    f1_t_pred = diffusion + drift + reaction

    return f1_t_pred
------------------------------------------------------
MSE          : 2.56e-13
Complexity   : 24
Sample time  : 1.9483003616333008
Evaluate time: 5.239284992218018
Sample orders: 30
======================================================


🚫 [UNPARSABLE] the reply carried no executable body; draw dropped
🚫 [UNPARSABLE] the reply carried no executable body; draw dropped
✅ [EVALUATED] MSE: 2.56e-13 | Params: [ 0.100001  0.500005  0.999995  1.       -1.570787]
✅ [EVALUATED] MSE: 2.56e-13 | Params: [ 0.100001  0.500005  0.999995  1.       -1.570787]
✅ [EVALUATED] MSE: 1.60e-04 | Params: [ 0.033629  2.140414 -0.008631  1.333671  0.023212]
✅ [EVALUATED] MSE: 2.56e-13 | Params: [ 0.100001  0.500005  0.999995  1.       -1.570787]
================= Evaluated Function =================
def equation(x: np.ndarray, f1: np.ndarray, params: np.ndarray, d_axis: callable) -> np.ndarray:
    """ Mathematical function for the RHS of an unknown 1D PDE.

    Args:
        x: spatial coordinate grid, shape (Nx, 1).
        f1: the measured field, shape (Nx, Nt).
        params: a fixed-length array of exactly 5 entries. Use only indices 0..4.
        d_axis: spatial derivative. Call d_axis(field, axis, order); axis=0 is x1.

    Return:
        `f1_t_pred`, a numpy array with the grid shape.

    STRICT CONSTRAINT:
        1. SPATIAL DERIVATIVES & MATH: you are a physicist discovering a PDE. Use ONLY
           the provided d_axis(field, axis, order) for derivatives (max order 4), with
           axis=0 for the single spatial coordinate x1. For mathematical functions you
           are STRICTLY LIMITED to np.sin, np.cos, np.tanh and np.exp. Do not call any
           other np.* routine, do not import anything, and do not write numerical
           algorithms. Ordinary arithmetic (+ - * / **) and params[0..4] are free.
        2. OUTPUT FORMAT: write the complete formula, assign it to f1_t_pred, and
           strictly end with return f1_t_pred. No placeholders. Mind the shapes: x is
           (Nx, 1) and f1 is (Nx, Nt), so a coordinate factor must broadcast against
           f1 -- write x or x[:, 0:1], never x[:, 0].
        3. PARETO EVOLUTION: the frontier trades MSE against complexity. Complexity
           counts the derivative calls, the arithmetic operations and every params
           you use, so the same term written more compactly is preferred.
        4. OPTIMIZATION STRATEGY:{PARETO_FRONTIER_PLACEHOLDER}
    """
    f1_t_pred = params[0] * d_axis(f1, 0, 2) + params[1] * d_axis(f1 * (1 - f1) * np.sin(params[2] * x[:, 0:1] + params[4]), 0, 1) + params[3] * f1 * (1 - f1)

    return f1_t_pred
------------------------------------------------------
MSE          : 2.56e-13
Complexity   : 22
Sample time  : 1.9733864068984985
Evaluate time: 5.494531869888306
Sample orders: 33
======================================================


================= Evaluated Function =================
def equation(x: np.ndarray, f1: np.ndarray, params: np.ndarray, d_axis: callable) -> np.ndarray:
    """ Mathematical function for the RHS of an unknown 1D PDE.

    Args:
        x: spatial coordinate grid, shape (Nx, 1).
        f1: the measured field, shape (Nx, Nt).
        params: a fixed-length array of exactly 5 entries. Use only indices 0..4.
        d_axis: spatial derivative. Call d_axis(field, axis, order); axis=0 is x1.

    Return:
        `f1_t_pred`, a numpy array with the grid shape.

    STRICT CONSTRAINT:
        1. SPATIAL DERIVATIVES & MATH: you are a physicist discovering a PDE. Use ONLY
           the provided d_axis(field, axis, order) for derivatives (max order 4), with
           axis=0 for the single spatial coordinate x1. For mathematical functions you
           are STRICTLY LIMITED to np.sin, np.cos, np.tanh and np.exp. Do not call any
           other np.* routine, do not import anything, and do not write numerical
           algorithms. Ordinary arithmetic (+ - * / **) and params[0..4] are free.
        2. OUTPUT FORMAT: write the complete formula, assign it to f1_t_pred, and
           strictly end with return f1_t_pred. No placeholders. Mind the shapes: x is
           (Nx, 1) and f1 is (Nx, Nt), so a coordinate factor must broadcast against
           f1 -- write x or x[:, 0:1], never x[:, 0].
        3. PARETO EVOLUTION: the frontier trades MSE against complexity. Complexity
           counts the derivative calls, the arithmetic operations and every params
           you use, so the same term written more compactly is preferred.
        4. OPTIMIZATION STRATEGY:{PARETO_FRONTIER_PLACEHOLDER}
    """
    f1_t_pred = params[0] * d_axis(f1, 0, 2) + params[1] * d_axis(f1 * (1 - f1) * np.sin(params[2] * x[:, 0:1] + params[4]), 0, 1) + params[3] * f1 * (1 - f1)

    return f1_t_pred
------------------------------------------------------
MSE          : 2.56e-13
Complexity   : 22
Sample time  : 1.9733864068984985
Evaluate time: 5.771866083145142
Sample orders: 34
======================================================


================= Evaluated Function =================
def equation(x: np.ndarray, f1: np.ndarray, params: np.ndarray, d_axis: callable) -> np.ndarray:
    """ Mathematical function for the RHS of an unknown 1D PDE.

    Args:
        x: spatial coordinate grid, shape (Nx, 1).
        f1: the measured field, shape (Nx, Nt).
        params: a fixed-length array of exactly 5 entries. Use only indices 0..4.
        d_axis: spatial derivative. Call d_axis(field, axis, order); axis=0 is x1.

    Return:
        `f1_t_pred`, a numpy array with the grid shape.

    STRICT CONSTRAINT:
        1. SPATIAL DERIVATIVES & MATH: you are a physicist discovering a PDE. Use ONLY
           the provided d_axis(field, axis, order) for derivatives (max order 4), with
           axis=0 for the single spatial coordinate x1. For mathematical functions you
           are STRICTLY LIMITED to np.sin, np.cos, np.tanh and np.exp. Do not call any
           other np.* routine, do not import anything, and do not write numerical
           algorithms. Ordinary arithmetic (+ - * / **) and params[0..4] are free.
        2. OUTPUT FORMAT: write the complete formula, assign it to f1_t_pred, and
           strictly end with return f1_t_pred. No placeholders. Mind the shapes: x is
           (Nx, 1) and f1 is (Nx, Nt), so a coordinate factor must broadcast against
           f1 -- write x or x[:, 0:1], never x[:, 0].
        3. PARETO EVOLUTION: the frontier trades MSE against complexity. Complexity
           counts the derivative calls, the arithmetic operations and every params
           you use, so the same term written more compactly is preferred.
        4. OPTIMIZATION STRATEGY:{PARETO_FRONTIER_PLACEHOLDER}
    """
    f1_t_pred = params[0] * d_axis(f1, 0, 2) + params[1] * d_axis(f1 * (1 - f1) * np.sin(params[2] * x[:, 0:1] + params[4]), 0, 1) + params[3] * f1 * (1 - f1) * np.exp(-params[4] * x[:, 0:1]**2)

    return f1_t_pred
------------------------------------------------------
MSE          : 1.60e-04
Complexity   : 29
Sample time  : 1.9733864068984985
Evaluate time: 9.6811363697052
Sample orders: 35
======================================================


================= Evaluated Function =================
def equation(x: np.ndarray, f1: np.ndarray, params: np.ndarray, d_axis: callable) -> np.ndarray:
    """ Mathematical function for the RHS of an unknown 1D PDE.

    Args:
        x: spatial coordinate grid, shape (Nx, 1).
        f1: the measured field, shape (Nx, Nt).
        params: a fixed-length array of exactly 5 entries. Use only indices 0..4.
        d_axis: spatial derivative. Call d_axis(field, axis, order); axis=0 is x1.

    Return:
        `f1_t_pred`, a numpy array with the grid shape.

    STRICT CONSTRAINT:
        1. SPATIAL DERIVATIVES & MATH: you are a physicist discovering a PDE. Use ONLY
           the provided d_axis(field, axis, order) for derivatives (max order 4), with
           axis=0 for the single spatial coordinate x1. For mathematical functions you
           are STRICTLY LIMITED to np.sin, np.cos, np.tanh and np.exp. Do not call any
           other np.* routine, do not import anything, and do not write numerical
           algorithms. Ordinary arithmetic (+ - * / **) and params[0..4] are free.
        2. OUTPUT FORMAT: write the complete formula, assign it to f1_t_pred, and
           strictly end with return f1_t_pred. No placeholders. Mind the shapes: x is
           (Nx, 1) and f1 is (Nx, Nt), so a coordinate factor must broadcast against
           f1 -- write x or x[:, 0:1], never x[:, 0].
        3. PARETO EVOLUTION: the frontier trades MSE against complexity. Complexity
           counts the derivative calls, the arithmetic operations and every params
           you use, so the same term written more compactly is preferred.
        4. OPTIMIZATION STRATEGY:{PARETO_FRONTIER_PLACEHOLDER}
    """
    f1_t_pred = params[0] * d_axis(f1, 0, 2) + params[1] * d_axis(f1 * (1 - f1) * np.sin(params[2] * x[:, 0:1] + params[4]), 0, 1) + params[3] * f1 * (1 - f1)

    return f1_t_pred
------------------------------------------------------
MSE          : 2.56e-13
Complexity   : 22
Sample time  : 1.9733864068984985
Evaluate time: 5.263713121414185
Sample orders: 36
======================================================


🚫 [UNPARSABLE] the reply carried no executable body; draw dropped
✅ [EVALUATED] MSE: 2.56e-13 | Params: [ 0.100001  0.500005  0.999995  1.       -1.570787]
✅ [EVALUATED] MSE: 2.56e-13 | Params: [ 0.100001  0.500005  0.999995  1.       -1.570787]
✅ [EVALUATED] MSE: 2.56e-13 | Params: [ 0.100001  0.500005  0.999995  1.       -1.570787]
✅ [EVALUATED] MSE: 2.56e-13 | Params: [ 0.100001  0.500005  0.999995  1.       -1.570787]
================= Evaluated Function =================
def equation(x: np.ndarray, f1: np.ndarray, params: np.ndarray, d_axis: callable) -> np.ndarray:
    """ Mathematical function for the RHS of an unknown 1D PDE.

    Args:
        x: spatial coordinate grid, shape (Nx, 1).
        f1: the measured field, shape (Nx, Nt).
        params: a fixed-length array of exactly 5 entries. Use only indices 0..4.
        d_axis: spatial derivative. Call d_axis(field, axis, order); axis=0 is x1.

    Return:
        `f1_t_pred`, a numpy array with the grid shape.

    STRICT CONSTRAINT:
        1. SPATIAL DERIVATIVES & MATH: you are a physicist discovering a PDE. Use ONLY
           the provided d_axis(field, axis, order) for derivatives (max order 4), with
           axis=0 for the single spatial coordinate x1. For mathematical functions you
           are STRICTLY LIMITED to np.sin, np.cos, np.tanh and np.exp. Do not call any
           other np.* routine, do not import anything, and do not write numerical
           algorithms. Ordinary arithmetic (+ - * / **) and params[0..4] are free.
        2. OUTPUT FORMAT: write the complete formula, assign it to f1_t_pred, and
           strictly end with return f1_t_pred. No placeholders. Mind the shapes: x is
           (Nx, 1) and f1 is (Nx, Nt), so a coordinate factor must broadcast against
           f1 -- write x or x[:, 0:1], never x[:, 0].
        3. PARETO EVOLUTION: the frontier trades MSE against complexity. Complexity
           counts the derivative calls, the arithmetic operations and every params
           you use, so the same term written more compactly is preferred.
        4. OPTIMIZATION STRATEGY:{PARETO_FRONTIER_PLACEHOLDER}
    """
    f1_t_pred = params[0] * d_axis(f1, 0, 2) + params[1] * d_axis(f1 * (1 - f1) * np.sin(params[2] * x[:, 0:1] + params[4]), 0, 1) + params[3] * f1 * (1 - f1)

    return f1_t_pred
------------------------------------------------------
MSE          : 2.56e-13
Complexity   : 22
Sample time  : 1.407318115234375
Evaluate time: 5.737895488739014
Sample orders: 38
======================================================


================= Evaluated Function =================
def equation(x: np.ndarray, f1: np.ndarray, params: np.ndarray, d_axis: callable) -> np.ndarray:
    """ Mathematical function for the RHS of an unknown 1D PDE.

    Args:
        x: spatial coordinate grid, shape (Nx, 1).
        f1: the measured field, shape (Nx, Nt).
        params: a fixed-length array of exactly 5 entries. Use only indices 0..4.
        d_axis: spatial derivative. Call d_axis(field, axis, order); axis=0 is x1.

    Return:
        `f1_t_pred`, a numpy array with the grid shape.

    STRICT CONSTRAINT:
        1. SPATIAL DERIVATIVES & MATH: you are a physicist discovering a PDE. Use ONLY
           the provided d_axis(field, axis, order) for derivatives (max order 4), with
           axis=0 for the single spatial coordinate x1. For mathematical functions you
           are STRICTLY LIMITED to np.sin, np.cos, np.tanh and np.exp. Do not call any
           other np.* routine, do not import anything, and do not write numerical
           algorithms. Ordinary arithmetic (+ - * / **) and params[0..4] are free.
        2. OUTPUT FORMAT: write the complete formula, assign it to f1_t_pred, and
           strictly end with return f1_t_pred. No placeholders. Mind the shapes: x is
           (Nx, 1) and f1 is (Nx, Nt), so a coordinate factor must broadcast against
           f1 -- write x or x[:, 0:1], never x[:, 0].
        3. PARETO EVOLUTION: the frontier trades MSE against complexity. Complexity
           counts the derivative calls, the arithmetic operations and every params
           you use, so the same term written more compactly is preferred.
        4. OPTIMIZATION STRATEGY:{PARETO_FRONTIER_PLACEHOLDER}
    """
    f1_t_pred = params[0] * d_axis(f1, 0, 2) + params[1] * d_axis(f1 * (1 - f1) * np.sin(params[2] * x[:, 0:1] + params[4]), 0, 1) + params[3] * f1 * (1 - f1)

    return f1_t_pred
------------------------------------------------------
MSE          : 2.56e-13
Complexity   : 22
Sample time  : 1.407318115234375
Evaluate time: 5.668945550918579
Sample orders: 39
======================================================


================= Evaluated Function =================
def equation(x: np.ndarray, f1: np.ndarray, params: np.ndarray, d_axis: callable) -> np.ndarray:
    """ Mathematical function for the RHS of an unknown 1D PDE.

    Args:
        x: spatial coordinate grid, shape (Nx, 1).
        f1: the measured field, shape (Nx, Nt).
        params: a fixed-length array of exactly 5 entries. Use only indices 0..4.
        d_axis: spatial derivative. Call d_axis(field, axis, order); axis=0 is x1.

    Return:
        `f1_t_pred`, a numpy array with the grid shape.

    STRICT CONSTRAINT:
        1. SPATIAL DERIVATIVES & MATH: you are a physicist discovering a PDE. Use ONLY
           the provided d_axis(field, axis, order) for derivatives (max order 4), with
           axis=0 for the single spatial coordinate x1. For mathematical functions you
           are STRICTLY LIMITED to np.sin, np.cos, np.tanh and np.exp. Do not call any
           other np.* routine, do not import anything, and do not write numerical
           algorithms. Ordinary arithmetic (+ - * / **) and params[0..4] are free.
        2. OUTPUT FORMAT: write the complete formula, assign it to f1_t_pred, and
           strictly end with return f1_t_pred. No placeholders. Mind the shapes: x is
           (Nx, 1) and f1 is (Nx, Nt), so a coordinate factor must broadcast against
           f1 -- write x or x[:, 0:1], never x[:, 0].
        3. PARETO EVOLUTION: the frontier trades MSE against complexity. Complexity
           counts the derivative calls, the arithmetic operations and every params
           you use, so the same term written more compactly is preferred.
        4. OPTIMIZATION STRATEGY:{PARETO_FRONTIER_PLACEHOLDER}
    """
    f1_t_pred = params[0] * d_axis(f1, 0, 2) + params[1] * d_axis(f1 * (1 - f1) * np.sin(params[2] * x[:, 0:1] + params[4]), 0, 1) + params[3] * f1 * (1 - f1)

    return f1_t_pred
------------------------------------------------------
MSE          : 2.56e-13
Complexity   : 22
Sample time  : 1.407318115234375
Evaluate time: 6.026787519454956
Sample orders: 40
======================================================


================= Evaluated Function =================
def equation(x: np.ndarray, f1: np.ndarray, params: np.ndarray, d_axis: callable) -> np.ndarray:
    """ Mathematical function for the RHS of an unknown 1D PDE.

    Args:
        x: spatial coordinate grid, shape (Nx, 1).
        f1: the measured field, shape (Nx, Nt).
        params: a fixed-length array of exactly 5 entries. Use only indices 0..4.
        d_axis: spatial derivative. Call d_axis(field, axis, order); axis=0 is x1.

    Return:
        `f1_t_pred`, a numpy array with the grid shape.

    STRICT CONSTRAINT:
        1. SPATIAL DERIVATIVES & MATH: you are a physicist discovering a PDE. Use ONLY
           the provided d_axis(field, axis, order) for derivatives (max order 4), with
           axis=0 for the single spatial coordinate x1. For mathematical functions you
           are STRICTLY LIMITED to np.sin, np.cos, np.tanh and np.exp. Do not call any
           other np.* routine, do not import anything, and do not write numerical
           algorithms. Ordinary arithmetic (+ - * / **) and params[0..4] are free.
        2. OUTPUT FORMAT: write the complete formula, assign it to f1_t_pred, and
           strictly end with return f1_t_pred. No placeholders. Mind the shapes: x is
           (Nx, 1) and f1 is (Nx, Nt), so a coordinate factor must broadcast against
           f1 -- write x or x[:, 0:1], never x[:, 0].
        3. PARETO EVOLUTION: the frontier trades MSE against complexity. Complexity
           counts the derivative calls, the arithmetic operations and every params
           you use, so the same term written more compactly is preferred.
        4. OPTIMIZATION STRATEGY:{PARETO_FRONTIER_PLACEHOLDER}
    """
    # Physical model: diffusion + drift with periodic modulation and capacity throttle + logistic reaction
    # param[0]: diffusion coefficient
    # param[1]: drift amplitude
    # param[2]: spatial wavenumber for periodic modulation
    # param[3]: reaction rate
    # param[4]: phase offset for spatial modulation

    # Diffusion term: second-order
    diffusion = params[0] * d_axis(f1, 0, 2)

    # Drift term: divergence of f1*(1-f1)*sin(k*x1 + phase) flux
    capacity_factor = f1 * (1 - f1)
    modulation = np.sin(params[2] * x[:, 0:1] + params[4])
    drift = params[1] * d_axis(capacity_factor * modulation, 0, 1)

    # Reaction term: logistic f1*(1-f1)
    reaction = params[3] * f1 * (1 - f1)

    f1_t_pred = diffusion + drift + reaction

    return f1_t_pred✅ [EVALUATED] MSE: 2.56e-13 | Params: [ 0.100001  0.500005  0.999995  1.       -1.570787]
✅ [EVALUATED] MSE: 2.56e-13 | Params: [ 0.100001  0.500005  0.999995  1.       -1.570787]
✅ [EVALUATED] MSE: 2.56e-13 | Params: [ 0.100001  0.500005  0.999995  1.       -1.570787]
✅ [EVALUATED] MSE: 1.68e-03 | Params: [ 0.081217 -7.643548  0.045582  1.349711  3.017245]

------------------------------------------------------
MSE          : 2.56e-13
Complexity   : 33
Sample time  : 5.588880240917206
Evaluate time: 5.553924322128296
Sample orders: 41
======================================================


================= Evaluated Function =================
def equation(x: np.ndarray, f1: np.ndarray, params: np.ndarray, d_axis: callable) -> np.ndarray:
    """ Mathematical function for the RHS of an unknown 1D PDE.

    Args:
        x: spatial coordinate grid, shape (Nx, 1).
        f1: the measured field, shape (Nx, Nt).
        params: a fixed-length array of exactly 5 entries. Use only indices 0..4.
        d_axis: spatial derivative. Call d_axis(field, axis, order); axis=0 is x1.

    Return:
        `f1_t_pred`, a numpy array with the grid shape.

    STRICT CONSTRAINT:
        1. SPATIAL DERIVATIVES & MATH: you are a physicist discovering a PDE. Use ONLY
           the provided d_axis(field, axis, order) for derivatives (max order 4), with
           axis=0 for the single spatial coordinate x1. For mathematical functions you
           are STRICTLY LIMITED to np.sin, np.cos, np.tanh and np.exp. Do not call any
           other np.* routine, do not import anything, and do not write numerical
           algorithms. Ordinary arithmetic (+ - * / **) and params[0..4] are free.
        2. OUTPUT FORMAT: write the complete formula, assign it to f1_t_pred, and
           strictly end with return f1_t_pred. No placeholders. Mind the shapes: x is
           (Nx, 1) and f1 is (Nx, Nt), so a coordinate factor must broadcast against
           f1 -- write x or x[:, 0:1], never x[:, 0].
        3. PARETO EVOLUTION: the frontier trades MSE against complexity. Complexity
           counts the derivative calls, the arithmetic operations and every params
           you use, so the same term written more compactly is preferred.
        4. OPTIMIZATION STRATEGY:{PARETO_FRONTIER_PLACEHOLDER}
    """
    f1_t_pred = params[0] * d_axis(f1, 0, 2) + params[1] * d_axis(f1 * (1 - f1) * np.sin(params[2] * x[:, 0:1] + params[4]), 0, 1) + params[3] * f1 * (1 - f1)

    return f1_t_pred
------------------------------------------------------
MSE          : 2.56e-13
Complexity   : 22
Sample time  : 5.588880240917206
Evaluate time: 6.182674407958984
Sample orders: 42
======================================================


================= Evaluated Function =================
def equation(x: np.ndarray, f1: np.ndarray, params: np.ndarray, d_axis: callable) -> np.ndarray:
    """ Mathematical function for the RHS of an unknown 1D PDE.

    Args:
        x: spatial coordinate grid, shape (Nx, 1).
        f1: the measured field, shape (Nx, Nt).
        params: a fixed-length array of exactly 5 entries. Use only indices 0..4.
        d_axis: spatial derivative. Call d_axis(field, axis, order); axis=0 is x1.

    Return:
        `f1_t_pred`, a numpy array with the grid shape.

    STRICT CONSTRAINT:
        1. SPATIAL DERIVATIVES & MATH: you are a physicist discovering a PDE. Use ONLY
           the provided d_axis(field, axis, order) for derivatives (max order 4), with
           axis=0 for the single spatial coordinate x1. For mathematical functions you
           are STRICTLY LIMITED to np.sin, np.cos, np.tanh and np.exp. Do not call any
           other np.* routine, do not import anything, and do not write numerical
           algorithms. Ordinary arithmetic (+ - * / **) and params[0..4] are free.
        2. OUTPUT FORMAT: write the complete formula, assign it to f1_t_pred, and
           strictly end with return f1_t_pred. No placeholders. Mind the shapes: x is
           (Nx, 1) and f1 is (Nx, Nt), so a coordinate factor must broadcast against
           f1 -- write x or x[:, 0:1], never x[:, 0].
        3. PARETO EVOLUTION: the frontier trades MSE against complexity. Complexity
           counts the derivative calls, the arithmetic operations and every params
           you use, so the same term written more compactly is preferred.
        4. OPTIMIZATION STRATEGY:{PARETO_FRONTIER_PLACEHOLDER}
    """
    f1_t_pred = params[0] * d_axis(f1, 0, 2) + params[1] * d_axis(f1 * (1 - f1) * np.sin(params[2] * x[:, 0:1] + params[4]), 0, 1) + params[3] * f1 * (1 - f1)

    return f1_t_pred
------------------------------------------------------
MSE          : 2.56e-13
Complexity   : 22
Sample time  : 5.588880240917206
Evaluate time: 6.072351694107056
Sample orders: 43
======================================================


================= Evaluated Function =================
def equation(x: np.ndarray, f1: np.ndarray, params: np.ndarray, d_axis: callable) -> np.ndarray:
    """ Mathematical function for the RHS of an unknown 1D PDE.

    Args:
        x: spatial coordinate grid, shape (Nx, 1).
        f1: the measured field, shape (Nx, Nt).
        params: a fixed-length array of exactly 5 entries. Use only indices 0..4.
        d_axis: spatial derivative. Call d_axis(field, axis, order); axis=0 is x1.

    Return:
        `f1_t_pred`, a numpy array with the grid shape.

    STRICT CONSTRAINT:
        1. SPATIAL DERIVATIVES & MATH: you are a physicist discovering a PDE. Use ONLY
           the provided d_axis(field, axis, order) for derivatives (max order 4), with
           axis=0 for the single spatial coordinate x1. For mathematical functions you
           are STRICTLY LIMITED to np.sin, np.cos, np.tanh and np.exp. Do not call any
           other np.* routine, do not import anything, and do not write numerical
           algorithms. Ordinary arithmetic (+ - * / **) and params[0..4] are free.
        2. OUTPUT FORMAT: write the complete formula, assign it to f1_t_pred, and
           strictly end with return f1_t_pred. No placeholders. Mind the shapes: x is
           (Nx, 1) and f1 is (Nx, Nt), so a coordinate factor must broadcast against
           f1 -- write x or x[:, 0:1], never x[:, 0].
        3. PARETO EVOLUTION: the frontier trades MSE against complexity. Complexity
           counts the derivative calls, the arithmetic operations and every params
           you use, so the same term written more compactly is preferred.
        4. OPTIMIZATION STRATEGY:{PARETO_FRONTIER_PLACEHOLDER}
    """
    f1_t_pred = params[0] * d_axis(f1, 0, 2) + params[1] * d_axis(f1 * (1 - f1) * np.sin(params[2] * x[:, 0:1] + params[4]), 0, 1) + params[3] * f1 * (1 - f1)

    return f1_t_pred
------------------------------------------------------
MSE          : 2.56e-13
Complexity   : 22
Sample time  : 5.588880240917206
Evaluate time: 5.4948060512542725
Sample orders: 44
======================================================


================= Evaluated Function =================
def equation(x: np.ndarray, f1: np.ndarray, params: np.ndarray, d_axis: callable) -> np.ndarray:
    """ Mathematical function for the RHS of an unknown 1D PDE.

    Args:
        x: spatial coordinate grid, shape (Nx, 1).
        f1: the measured field, shape (Nx, Nt).
        params: a fixed-length array of exactly 5 entries. Use only indices 0..4.
        d_axis: spatial derivative. Call d_axis(field, axis, order); axis=0 is x1.

    Return:
        `f1_t_pred`, a numpy array with the grid shape.

    STRICT CONSTRAINT:
        1. SPATIAL DERIVATIVES & MATH: you are a physicist discovering a PDE. Use ONLY
           the provided d_axis(field, axis, order) for derivatives (max order 4), with
           axis=0 for the single spatial coordinate x1. For mathematical functions you
           are STRICTLY LIMITED to np.sin, np.cos, np.tanh and np.exp. Do not call any
           other np.* routine, do not import anything, and do not write numerical
           algorithms. Ordinary arithmetic (+ - * / **) and params[0..4] are free.
        2. OUTPUT FORMAT: write the complete formula, assign it to f1_t_pred, and
           strictly end with return f1_t_pred. No placeholders. Mind the shapes: x is
           (Nx, 1) and f1 is (Nx, Nt), so a coordinate factor must broadcast against
           f1 -- write x or x[:, 0:1], never x[:, 0].
        3. PARETO EVOLUTION: the frontier trades MSE against complexity. Complexity
           counts the derivative calls, the arithmetic operations and every params
           you use, so the same term written more compactly is preferred.
        4. OPTIMIZATION STRATEGY:{PARETO_FRONTIER_PLACEHOLDER}
    """
    f1_t_pred = params[0] * d_axis(f1, 0, 2) + params[1] * d_axis(f1 * (1 - f1) * np.sin(params[2] * x[:, 0:1] + params[4]), 0, 1) + params[3] * f1 * (1 - f1) * np.exp(-x[:, 0:1]**2)

    return f1_t_pred✅ [EVALUATED] MSE: 2.56e-13 | Params: [ 0.100001  0.500005  0.999995  1.       -1.570787]
✅ [EVALUATED] MSE: 2.11e-04 | Params: [ 0.116607 -0.631445 -1.087677  1.433931  1.353497]
✅ [EVALUATED] MSE: 2.56e-13 | Params: [ 0.100001  0.500005  0.999995  1.       -1.570787]
✅ [EVALUATED] MSE: 2.56e-13 | Params: [ 0.100001  0.500005  0.999995  1.       -1.570787]

------------------------------------------------------
MSE          : 1.68e-03
Complexity   : 27
Sample time  : 2.609609067440033
Evaluate time: 9.027337312698364
Sample orders: 45
======================================================


================= Evaluated Function =================
def equation(x: np.ndarray, f1: np.ndarray, params: np.ndarray, d_axis: callable) -> np.ndarray:
    """ Mathematical function for the RHS of an unknown 1D PDE.

    Args:
        x: spatial coordinate grid, shape (Nx, 1).
        f1: the measured field, shape (Nx, Nt).
        params: a fixed-length array of exactly 5 entries. Use only indices 0..4.
        d_axis: spatial derivative. Call d_axis(field, axis, order); axis=0 is x1.

    Return:
        `f1_t_pred`, a numpy array with the grid shape.

    STRICT CONSTRAINT:
        1. SPATIAL DERIVATIVES & MATH: you are a physicist discovering a PDE. Use ONLY
           the provided d_axis(field, axis, order) for derivatives (max order 4), with
           axis=0 for the single spatial coordinate x1. For mathematical functions you
           are STRICTLY LIMITED to np.sin, np.cos, np.tanh and np.exp. Do not call any
           other np.* routine, do not import anything, and do not write numerical
           algorithms. Ordinary arithmetic (+ - * / **) and params[0..4] are free.
        2. OUTPUT FORMAT: write the complete formula, assign it to f1_t_pred, and
           strictly end with return f1_t_pred. No placeholders. Mind the shapes: x is
           (Nx, 1) and f1 is (Nx, Nt), so a coordinate factor must broadcast against
           f1 -- write x or x[:, 0:1], never x[:, 0].
        3. PARETO EVOLUTION: the frontier trades MSE against complexity. Complexity
           counts the derivative calls, the arithmetic operations and every params
           you use, so the same term written more compactly is preferred.
        4. OPTIMIZATION STRATEGY:{PARETO_FRONTIER_PLACEHOLDER}
    """
    f1_t_pred = params[0] * d_axis(f1, 0, 2) + params[1] * d_axis(f1 * (1 - f1) * np.sin(params[2] * x[:, 0:1] + params[4]), 0, 1) + params[3] * f1 * (1 - f1)

    return f1_t_pred
------------------------------------------------------
MSE          : 2.56e-13
Complexity   : 22
Sample time  : 2.609609067440033
Evaluate time: 5.215746879577637
Sample orders: 46
======================================================


================= Evaluated Function =================
def equation(x: np.ndarray, f1: np.ndarray, params: np.ndarray, d_axis: callable) -> np.ndarray:
    """ Mathematical function for the RHS of an unknown 1D PDE.

    Args:
        x: spatial coordinate grid, shape (Nx, 1).
        f1: the measured field, shape (Nx, Nt).
        params: a fixed-length array of exactly 5 entries. Use only indices 0..4.
        d_axis: spatial derivative. Call d_axis(field, axis, order); axis=0 is x1.

    Return:
        `f1_t_pred`, a numpy array with the grid shape.

    STRICT CONSTRAINT:
        1. SPATIAL DERIVATIVES & MATH: you are a physicist discovering a PDE. Use ONLY
           the provided d_axis(field, axis, order) for derivatives (max order 4), with
           axis=0 for the single spatial coordinate x1. For mathematical functions you
           are STRICTLY LIMITED to np.sin, np.cos, np.tanh and np.exp. Do not call any
           other np.* routine, do not import anything, and do not write numerical
           algorithms. Ordinary arithmetic (+ - * / **) and params[0..4] are free.
        2. OUTPUT FORMAT: write the complete formula, assign it to f1_t_pred, and
           strictly end with return f1_t_pred. No placeholders. Mind the shapes: x is
           (Nx, 1) and f1 is (Nx, Nt), so a coordinate factor must broadcast against
           f1 -- write x or x[:, 0:1], never x[:, 0].
        3. PARETO EVOLUTION: the frontier trades MSE against complexity. Complexity
           counts the derivative calls, the arithmetic operations and every params
           you use, so the same term written more compactly is preferred.
        4. OPTIMIZATION STRATEGY:{PARETO_FRONTIER_PLACEHOLDER}
    """
    # Diffusion term
    diffusion = params[0] * d_axis(f1, 0, 2)

    # Modulated self-limiting drift with capacity factor
    drift = params[1] * d_axis(f1 * (1 - f1) * np.sin(params[2] * x[:, 0:1] + params[4]), 0, 1)

    # Logistic reaction with spatial weighting (strongest at center, vanishes at boundaries)
    # Use sin envelope that peaks at domain center
    x_min = x[:, 0:1].min()
    x_max = x[:, 0:1].max()
    x_center = (x_min + x_max) / 2
    x_range = x_max - x_min
    spatial_weight = np.sin(np.pi * (x[:, 0:1] - x_min) / x_range)  # peaks at center, zero at edges
    reaction = params[3] * f1 * (1 - f1) * spatial_weight

    f1_t_pred = diffusion + drift + reaction
    return f1_t_pred
------------------------------------------------------
MSE          : 2.11e-04
Complexity   : 32
Sample time  : 2.609609067440033
Evaluate time: 7.620927572250366
Sample orders: 47
======================================================


================= Evaluated Function =================
def equation(x: np.ndarray, f1: np.ndarray, params: np.ndarray, d_axis: callable) -> np.ndarray:
    """ Mathematical function for the RHS of an unknown 1D PDE.

    Args:
        x: spatial coordinate grid, shape (Nx, 1).
        f1: the measured field, shape (Nx, Nt).
        params: a fixed-length array of exactly 5 entries. Use only indices 0..4.
        d_axis: spatial derivative. Call d_axis(field, axis, order); axis=0 is x1.

    Return:
        `f1_t_pred`, a numpy array with the grid shape.

    STRICT CONSTRAINT:
        1. SPATIAL DERIVATIVES & MATH: you are a physicist discovering a PDE. Use ONLY
           the provided d_axis(field, axis, order) for derivatives (max order 4), with
           axis=0 for the single spatial coordinate x1. For mathematical functions you
           are STRICTLY LIMITED to np.sin, np.cos, np.tanh and np.exp. Do not call any
           other np.* routine, do not import anything, and do not write numerical
           algorithms. Ordinary arithmetic (+ - * / **) and params[0..4] are free.
        2. OUTPUT FORMAT: write the complete formula, assign it to f1_t_pred, and
           strictly end with return f1_t_pred. No placeholders. Mind the shapes: x is
           (Nx, 1) and f1 is (Nx, Nt), so a coordinate factor must broadcast against
           f1 -- write x or x[:, 0:1], never x[:, 0].
        3. PARETO EVOLUTION: the frontier trades MSE against complexity. Complexity
           counts the derivative calls, the arithmetic operations and every params
           you use, so the same term written more compactly is preferred.
        4. OPTIMIZATION STRATEGY:{PARETO_FRONTIER_PLACEHOLDER}
    """
    f1_t_pred = params[0] * d_axis(f1, 0, 2) + params[1] * d_axis(f1 * (1 - f1) * np.sin(params[2] * x[:, 0:1] + params[4]), 0, 1) + params[3] * f1 * (1 - f1)

    return f1_t_pred
------------------------------------------------------
MSE          : 2.56e-13
Complexity   : 22
Sample time  : 2.609609067440033
Evaluate time: 5.970645427703857
Sample orders: 48
======================================================


================= Evaluated Function =================
def equation(x: np.ndarray, f1: np.ndarray, params: np.ndarray, d_axis: callable) -> np.ndarray:
    """ Mathematical function for the RHS of an unknown 1D PDE.

    Args:
        x: spatial coordinate grid, shape (Nx, 1).
        f1: the measured field, shape (Nx, Nt).
        params: a fixed-length array of exactly 5 entries. Use only indices 0..4.
        d_axis: spatial derivative. Call d_axis(field, axis, order); axis=0 is x1.

    Return:
        `f1_t_pred`, a numpy array with the grid shape.

    STRICT CONSTRAINT:
        1. SPATIAL DERIVATIVES & MATH: you are a physicist discovering a PDE. Use ONLY
           the provided d_axis(field, axis, order) for derivatives (max order 4), with
           axis=0 for the single spatial coordinate x1. For mathematical functions you
           are STRICTLY LIMITED to np.sin, np.cos, np.tanh and np.exp. Do not call any
           other np.* routine, do not import anything, and do not write numerical
           algorithms. Ordinary arithmetic (+ - * / **) and params[0..4] are free.
        2. OUTPUT FORMAT: write the complete formula, assign it to f1_t_pred, and
           strictly end with return f1_t_pred. No placeholders. Mind the shapes: x is
           (Nx, 1) and f1 is (Nx, Nt), so a coordinate factor must broadcast against
           f1 -- write x or x[:, 0:1], never x[:, 0].
        3. PARETO EVOLUTION: the frontier trades MSE against complexity. Complexity
           counts the derivative calls, the arithmetic operations and every params
           you use, so the same term written more compactly is preferred.
        4. OPTIMIZATION STRATEGY:{PARETO_FRONTIER_PLACEHOLDER}
    """
    f1_t_pred = params[0] * d_axis(f1, 0, 2) + params[1] * d_axis(f1 * (1 - f1) * np.sin(params[2] * x[:, 0:1] + params[4]), 0, 1) + params[3] * f1 * (1 - f1)

    return f1_t_pred✅ [EVALUATED] MSE: 2.56e-13 | Params: [ 0.100001  0.500005  0.999995  1.       -1.570787]
✅ [EVALUATED] MSE: 2.56e-13 | Params: [ 0.100001  0.500005  0.999995  1.       -1.570787]

------------------------------------------------------
MSE          : 2.56e-13
Complexity   : 22
Sample time  : 1.3418200612068176
Evaluate time: 5.802701711654663
Sample orders: 49
======================================================


================= Evaluated Function =================
def equation(x: np.ndarray, f1: np.ndarray, params: np.ndarray, d_axis: callable) -> np.ndarray:
    """ Mathematical function for the RHS of an unknown 1D PDE.

    Args:
        x: spatial coordinate grid, shape (Nx, 1).
        f1: the measured field, shape (Nx, Nt).
        params: a fixed-length array of exactly 5 entries. Use only indices 0..4.
        d_axis: spatial derivative. Call d_axis(field, axis, order); axis=0 is x1.

    Return:
        `f1_t_pred`, a numpy array with the grid shape.

    STRICT CONSTRAINT:
        1. SPATIAL DERIVATIVES & MATH: you are a physicist discovering a PDE. Use ONLY
           the provided d_axis(field, axis, order) for derivatives (max order 4), with
           axis=0 for the single spatial coordinate x1. For mathematical functions you
           are STRICTLY LIMITED to np.sin, np.cos, np.tanh and np.exp. Do not call any
           other np.* routine, do not import anything, and do not write numerical
           algorithms. Ordinary arithmetic (+ - * / **) and params[0..4] are free.
        2. OUTPUT FORMAT: write the complete formula, assign it to f1_t_pred, and
           strictly end with return f1_t_pred. No placeholders. Mind the shapes: x is
           (Nx, 1) and f1 is (Nx, Nt), so a coordinate factor must broadcast against
           f1 -- write x or x[:, 0:1], never x[:, 0].
        3. PARETO EVOLUTION: the frontier trades MSE against complexity. Complexity
           counts the derivative calls, the arithmetic operations and every params
           you use, so the same term written more compactly is preferred.
        4. OPTIMIZATION STRATEGY:{PARETO_FRONTIER_PLACEHOLDER}
    """
    f1_t_pred = params[0] * d_axis(f1, 0, 2) + params[1] * d_axis(f1 * (1 - f1) * np.sin(params[2] * x[:, 0:1] + params[4]), 0, 1) + params[3] * f1 * (1 - f1)

    return f1_t_pred
------------------------------------------------------
MSE          : 2.56e-13
Complexity   : 22
Sample time  : 1.3418200612068176
Evaluate time: 5.441807985305786
Sample orders: 50
======================================================


================= Evaluated Function =================
def equation(x: np.ndarray, f1: np.ndarray, params: np.ndarray, d_axis: callable) -> np.ndarray:
    """ Mathematical function for the RHS of an unknown 1D PDE.

    Args:
        x: spatial coordinate grid, shape (Nx, 1).
        f1: the measured field, shape (Nx, Nt).
        params: a fixed-length array of exactly 5 entries. Use only indices 0..4.
        d_axis: spatial derivative. Call d_axis(field, axis, order); axis=0 is x1.

    Return:
        `f1_t_pred`, a numpy array with the grid shape.

    STRICT CONSTRAINT:
        1. SPATIAL DERIVATIVES & MATH: you are a physicist discovering a PDE. Use ONLY
           the provided d_axis(field, axis, order) for derivatives (max order 4), with
           axis=0 for the single spatial coordinate x1. For mathematical functions you
           are STRICTLY LIMITED to np.sin, np.cos, np.tanh and np.exp. Do not call any
           other np.* routine, do not import anything, and do not write numerical
           algorithms. Ordinary arithmetic (+ - * / **) and params[0..4] are free.
        2. OUTPUT FORMAT: write the complete formula, assign it to f1_t_pred, and
           strictly end with return f1_t_pred. No placeholders. Mind the shapes: x is
           (Nx, 1) and f1 is (Nx, Nt), so a coordinate factor must broadcast against
           f1 -- write x or x[:, 0:1], never x[:, 0].
        3. PARETO EVOLUTION: the frontier trades MSE against complexity. Complexity
           counts the derivative calls, the arithmetic operations and every params
           you use, so the same term written more compactly is preferred.
        4. OPTIMIZATION STRATEGY:{PARETO_FRONTIER_PLACEHOLDER}
    """
    f1_t_pred = params[0] * d_axis(f1, 0, 2) + params[1] * d_axis(f1 * (1 - f1) * np.sin(params[2] * x[:, 0:1] + params[4]), 0, 1) + params[3] * f1 * (1 - f1)

    return f1_t_pred
------------------------------------------------------
MSE          : 2.56e-13
Complexity   : 22
Sample time  : 1.3418200612068176
Evaluate time: 6.109007120132446
Sample orders: 51
======================================================


🚫 [UNPARSABLE] the reply carried no executable body; draw dropped
✅ [EVALUATED] MSE: 2.56e-13 | Params: [ 0.100001  0.500005  0.999995  1.       -1.570787]
✅ [EVALUATED] MSE: 2.56e-13 | Params: [ 0.100001  0.500005  0.999995  1.       -1.570787]
✅ [EVALUATED] MSE: 2.56e-13 | Params: [ 0.100001  0.500005  0.999995  1.       -1.570787]
✅ [EVALUATED] MSE: 2.56e-13 | Params: [ 0.100001  0.500005  0.999995  1.       -1.570787]
================= Evaluated Function =================
def equation(x: np.ndarray, f1: np.ndarray, params: np.ndarray, d_axis: callable) -> np.ndarray:
    """ Mathematical function for the RHS of an unknown 1D PDE.

    Args:
        x: spatial coordinate grid, shape (Nx, 1).
        f1: the measured field, shape (Nx, Nt).
        params: a fixed-length array of exactly 5 entries. Use only indices 0..4.
        d_axis: spatial derivative. Call d_axis(field, axis, order); axis=0 is x1.

    Return:
        `f1_t_pred`, a numpy array with the grid shape.

    STRICT CONSTRAINT:
        1. SPATIAL DERIVATIVES & MATH: you are a physicist discovering a PDE. Use ONLY
           the provided d_axis(field, axis, order) for derivatives (max order 4), with
           axis=0 for the single spatial coordinate x1. For mathematical functions you
           are STRICTLY LIMITED to np.sin, np.cos, np.tanh and np.exp. Do not call any
           other np.* routine, do not import anything, and do not write numerical
           algorithms. Ordinary arithmetic (+ - * / **) and params[0..4] are free.
        2. OUTPUT FORMAT: write the complete formula, assign it to f1_t_pred, and
           strictly end with return f1_t_pred. No placeholders. Mind the shapes: x is
           (Nx, 1) and f1 is (Nx, Nt), so a coordinate factor must broadcast against
           f1 -- write x or x[:, 0:1], never x[:, 0].
        3. PARETO EVOLUTION: the frontier trades MSE against complexity. Complexity
           counts the derivative calls, the arithmetic operations and every params
           you use, so the same term written more compactly is preferred.
        4. OPTIMIZATION STRATEGY:{PARETO_FRONTIER_PLACEHOLDER}
    """
    f1_t_pred = params[0] * d_axis(f1, 0, 2) + params[1] * d_axis(f1 * (1 - f1) * np.sin(params[2] * x[:, 0:1] + params[4]), 0, 1) + params[3] * f1 * (1 - f1)

    return f1_t_pred
------------------------------------------------------
MSE          : 2.56e-13
Complexity   : 22
Sample time  : 2.159919500350952
Evaluate time: 5.338541269302368
Sample orders: 53
======================================================


================= Evaluated Function =================
def equation(x: np.ndarray, f1: np.ndarray, params: np.ndarray, d_axis: callable) -> np.ndarray:
    """ Mathematical function for the RHS of an unknown 1D PDE.

    Args:
        x: spatial coordinate grid, shape (Nx, 1).
        f1: the measured field, shape (Nx, Nt).
        params: a fixed-length array of exactly 5 entries. Use only indices 0..4.
        d_axis: spatial derivative. Call d_axis(field, axis, order); axis=0 is x1.

    Return:
        `f1_t_pred`, a numpy array with the grid shape.

    STRICT CONSTRAINT:
        1. SPATIAL DERIVATIVES & MATH: you are a physicist discovering a PDE. Use ONLY
           the provided d_axis(field, axis, order) for derivatives (max order 4), with
           axis=0 for the single spatial coordinate x1. For mathematical functions you
           are STRICTLY LIMITED to np.sin, np.cos, np.tanh and np.exp. Do not call any
           other np.* routine, do not import anything, and do not write numerical
           algorithms. Ordinary arithmetic (+ - * / **) and params[0..4] are free.
        2. OUTPUT FORMAT: write the complete formula, assign it to f1_t_pred, and
           strictly end with return f1_t_pred. No placeholders. Mind the shapes: x is
           (Nx, 1) and f1 is (Nx, Nt), so a coordinate factor must broadcast against
           f1 -- write x or x[:, 0:1], never x[:, 0].
        3. PARETO EVOLUTION: the frontier trades MSE against complexity. Complexity
           counts the derivative calls, the arithmetic operations and every params
           you use, so the same term written more compactly is preferred.
        4. OPTIMIZATION STRATEGY:{PARETO_FRONTIER_PLACEHOLDER}
    """
    f1_t_pred = params[0] * d_axis(f1, 0, 2) + params[1] * d_axis(f1 * (1 - f1) * np.sin(params[2] * x[:, 0:1] + params[4]), 0, 1) + params[3] * f1 * (1 - f1)

    return f1_t_pred
------------------------------------------------------
MSE          : 2.56e-13
Complexity   : 22
Sample time  : 2.159919500350952
Evaluate time: 5.505819797515869
Sample orders: 54
======================================================


================= Evaluated Function =================
def equation(x: np.ndarray, f1: np.ndarray, params: np.ndarray, d_axis: callable) -> np.ndarray:
    """ Mathematical function for the RHS of an unknown 1D PDE.

    Args:
        x: spatial coordinate grid, shape (Nx, 1).
        f1: the measured field, shape (Nx, Nt).
        params: a fixed-length array of exactly 5 entries. Use only indices 0..4.
        d_axis: spatial derivative. Call d_axis(field, axis, order); axis=0 is x1.

    Return:
        `f1_t_pred`, a numpy array with the grid shape.

    STRICT CONSTRAINT:
        1. SPATIAL DERIVATIVES & MATH: you are a physicist discovering a PDE. Use ONLY
           the provided d_axis(field, axis, order) for derivatives (max order 4), with
           axis=0 for the single spatial coordinate x1. For mathematical functions you
           are STRICTLY LIMITED to np.sin, np.cos, np.tanh and np.exp. Do not call any
           other np.* routine, do not import anything, and do not write numerical
           algorithms. Ordinary arithmetic (+ - * / **) and params[0..4] are free.
        2. OUTPUT FORMAT: write the complete formula, assign it to f1_t_pred, and
           strictly end with return f1_t_pred. No placeholders. Mind the shapes: x is
           (Nx, 1) and f1 is (Nx, Nt), so a coordinate factor must broadcast against
           f1 -- write x or x[:, 0:1], never x[:, 0].
        3. PARETO EVOLUTION: the frontier trades MSE against complexity. Complexity
           counts the derivative calls, the arithmetic operations and every params
           you use, so the same term written more compactly is preferred.
        4. OPTIMIZATION STRATEGY:{PARETO_FRONTIER_PLACEHOLDER}
    """
    # Diffusion: second-order smoothing
    diffusion = params[0] * d_axis(f1, 0, 2)

    # Periodic modulated self-limiting drift: divergence of f1*(1-f1)*sin(k*x1 + phase)
    capacity_factor = f1 * (1 - f1)
    modulation = np.sin(params[2] * x[:, 0:1] + params[4])
    drift_flux = params[1] * capacity_factor * modulation
    drift = d_axis(drift_flux, 0, 1)

    # Logistic reaction: f1*(1-f1), zero at boundaries, strongest at f1=0.5
    reaction = params[3] * f1 * (1 - f1)

    f1_t_pred = diffusion + drift + reaction

    return f1_t_pred
------------------------------------------------------
MSE          : 2.56e-13
Complexity   : 32
Sample time  : 2.159919500350952
Evaluate time: 5.553198575973511
Sample orders: 55
======================================================


================= Evaluated Function =================
def equation(x: np.ndarray, f1: np.ndarray, params: np.ndarray, d_axis: callable) -> np.ndarray:
    """ Mathematical function for the RHS of an unknown 1D PDE.

    Args:
        x: spatial coordinate grid, shape (Nx, 1).
        f1: the measured field, shape (Nx, Nt).
        params: a fixed-length array of exactly 5 entries. Use only indices 0..4.
        d_axis: spatial derivative. Call d_axis(field, axis, order); axis=0 is x1.

    Return:
        `f1_t_pred`, a numpy array with the grid shape.

    STRICT CONSTRAINT:
        1. SPATIAL DERIVATIVES & MATH: you are a physicist discovering a PDE. Use ONLY
           the provided d_axis(field, axis, order) for derivatives (max order 4), with
           axis=0 for the single spatial coordinate x1. For mathematical functions you
           are STRICTLY LIMITED to np.sin, np.cos, np.tanh and np.exp. Do not call any
           other np.* routine, do not import anything, and do not write numerical
           algorithms. Ordinary arithmetic (+ - * / **) and params[0..4] are free.
        2. OUTPUT FORMAT: write the complete formula, assign it to f1_t_pred, and
           strictly end with return f1_t_pred. No placeholders. Mind the shapes: x is
           (Nx, 1) and f1 is (Nx, Nt), so a coordinate factor must broadcast against
           f1 -- write x or x[:, 0:1], never x[:, 0].
        3. PARETO EVOLUTION: the frontier trades MSE against complexity. Complexity
           counts the derivative calls, the arithmetic operations and every params
           you use, so the same term written more compactly is preferred.
        4. OPTIMIZATION STRATEGY:{PARETO_FRONTIER_PLACEHOLDER}
    """
    # Diffusion term: second-order smoothing
    diffusion = params[0] * d_axis(f1, 0, 2)

    # Modulated self-limiting drift: periodic spatial modulation with capacity factor
    # The drift alternates direction with sin(k*x1 + phase), and is throttled by f1*(1-f1)
    # so it vanishes where field is empty (f1=0) or full (f1=1)
    modulation = np.sin(params[2] * x[:, 0:1] + params[4])
    capacity_factor = f1 * (1 - f1)
    drift_flux = capacity_factor * modulation
    drift = params[1] * d_axis(drift_flux, 0, 1)

    # Logistic reaction term: adds where room available, removes where overfull
    # Vanishes at f1=0 and f1=1, strongest at f1=0.5
    reaction = params[3] * f1 * (1 - f1)

    f1_t_pred = diffusion + drift + reaction

    return f1_t_pred✅ [EVALUATED] MSE: 2.56e-13 | Params: [ 0.100001  0.500005  0.999995  1.       -1.570787]

------------------------------------------------------
MSE          : 2.56e-13
Complexity   : 29
Sample time  : 2.159919500350952
Evaluate time: 5.329295873641968
Sample orders: 56
======================================================


================= Evaluated Function =================
def equation(x: np.ndarray, f1: np.ndarray, params: np.ndarray, d_axis: callable) -> np.ndarray:
    """ Mathematical function for the RHS of an unknown 1D PDE.

    Args:
        x: spatial coordinate grid, shape (Nx, 1).
        f1: the measured field, shape (Nx, Nt).
        params: a fixed-length array of exactly 5 entries. Use only indices 0..4.
        d_axis: spatial derivative. Call d_axis(field, axis, order); axis=0 is x1.

    Return:
        `f1_t_pred`, a numpy array with the grid shape.

    STRICT CONSTRAINT:
        1. SPATIAL DERIVATIVES & MATH: you are a physicist discovering a PDE. Use ONLY
           the provided d_axis(field, axis, order) for derivatives (max order 4), with
           axis=0 for the single spatial coordinate x1. For mathematical functions you
           are STRICTLY LIMITED to np.sin, np.cos, np.tanh and np.exp. Do not call any
           other np.* routine, do not import anything, and do not write numerical
           algorithms. Ordinary arithmetic (+ - * / **) and params[0..4] are free.
        2. OUTPUT FORMAT: write the complete formula, assign it to f1_t_pred, and
           strictly end with return f1_t_pred. No placeholders. Mind the shapes: x is
           (Nx, 1) and f1 is (Nx, Nt), so a coordinate factor must broadcast against
           f1 -- write x or x[:, 0:1], never x[:, 0].
        3. PARETO EVOLUTION: the frontier trades MSE against complexity. Complexity
           counts the derivative calls, the arithmetic operations and every params
           you use, so the same term written more compactly is preferred.
        4. OPTIMIZATION STRATEGY:{PARETO_FRONTIER_PLACEHOLDER}
    """
    f1_t_pred = params[0] * d_axis(f1, 0, 2) + params[1] * d_axis(f1 * (1 - f1) * np.sin(params[2] * x[:, 0:1] + params[4]), 0, 1) + params[3] * f1 * (1 - f1)
    return f1_t_pred
------------------------------------------------------
MSE          : 2.56e-13
Complexity   : 22
Sample time  : 1.8226338028907776
Evaluate time: 5.622866630554199
Sample orders: 57
======================================================


🚫 [UNPARSABLE] the reply carried no executable body; draw dropped
✅ [EVALUATED] MSE: 2.56e-13 | Params: [ 0.100001  0.500005  0.999995  1.       -1.570787]
✅ [EVALUATED] MSE: 2.56e-13 | Params: [ 0.100001  0.500005  0.999995  1.       -1.570787]
✅ [EVALUATED] MSE: 2.56e-13 | Params: [ 0.100001  0.500005  0.999995  1.       -1.570787]
================= Evaluated Function =================
def equation(x: np.ndarray, f1: np.ndarray, params: np.ndarray, d_axis: callable) -> np.ndarray:
    """ Mathematical function for the RHS of an unknown 1D PDE.

    Args:
        x: spatial coordinate grid, shape (Nx, 1).
        f1: the measured field, shape (Nx, Nt).
        params: a fixed-length array of exactly 5 entries. Use only indices 0..4.
        d_axis: spatial derivative. Call d_axis(field, axis, order); axis=0 is x1.

    Return:
        `f1_t_pred`, a numpy array with the grid shape.

    STRICT CONSTRAINT:
        1. SPATIAL DERIVATIVES & MATH: you are a physicist discovering a PDE. Use ONLY
           the provided d_axis(field, axis, order) for derivatives (max order 4), with
           axis=0 for the single spatial coordinate x1. For mathematical functions you
           are STRICTLY LIMITED to np.sin, np.cos, np.tanh and np.exp. Do not call any
           other np.* routine, do not import anything, and do not write numerical
           algorithms. Ordinary arithmetic (+ - * / **) and params[0..4] are free.
        2. OUTPUT FORMAT: write the complete formula, assign it to f1_t_pred, and
           strictly end with return f1_t_pred. No placeholders. Mind the shapes: x is
           (Nx, 1) and f1 is (Nx, Nt), so a coordinate factor must broadcast against
           f1 -- write x or x[:, 0:1], never x[:, 0].
        3. PARETO EVOLUTION: the frontier trades MSE against complexity. Complexity
           counts the derivative calls, the arithmetic operations and every params
           you use, so the same term written more compactly is preferred.
        4. OPTIMIZATION STRATEGY:{PARETO_FRONTIER_PLACEHOLDER}
    """
    f1_t_pred = params[0] * d_axis(f1, 0, 2) + params[1] * d_axis(f1 * (1 - f1) * np.sin(params[2] * x[:, 0:1] + params[4]), 0, 1) + params[3] * f1 * (1 - f1)

    return f1_t_pred
------------------------------------------------------
MSE          : 2.56e-13
Complexity   : 22
Sample time  : 1.8226338028907776
Evaluate time: 6.156627655029297
Sample orders: 59
======================================================


================= Evaluated Function =================
def equation(x: np.ndarray, f1: np.ndarray, params: np.ndarray, d_axis: callable) -> np.ndarray:
    """ Mathematical function for the RHS of an unknown 1D PDE.

    Args:
        x: spatial coordinate grid, shape (Nx, 1).
        f1: the measured field, shape (Nx, Nt).
        params: a fixed-length array of exactly 5 entries. Use only indices 0..4.
        d_axis: spatial derivative. Call d_axis(field, axis, order); axis=0 is x1.

    Return:
        `f1_t_pred`, a numpy array with the grid shape.

    STRICT CONSTRAINT:
        1. SPATIAL DERIVATIVES & MATH: you are a physicist discovering a PDE. Use ONLY
           the provided d_axis(field, axis, order) for derivatives (max order 4), with
           axis=0 for the single spatial coordinate x1. For mathematical functions you
           are STRICTLY LIMITED to np.sin, np.cos, np.tanh and np.exp. Do not call any
           other np.* routine, do not import anything, and do not write numerical
           algorithms. Ordinary arithmetic (+ - * / **) and params[0..4] are free.
        2. OUTPUT FORMAT: write the complete formula, assign it to f1_t_pred, and
           strictly end with return f1_t_pred. No placeholders. Mind the shapes: x is
           (Nx, 1) and f1 is (Nx, Nt), so a coordinate factor must broadcast against
           f1 -- write x or x[:, 0:1], never x[:, 0].
        3. PARETO EVOLUTION: the frontier trades MSE against complexity. Complexity
           counts the derivative calls, the arithmetic operations and every params
           you use, so the same term written more compactly is preferred.
        4. OPTIMIZATION STRATEGY:{PARETO_FRONTIER_PLACEHOLDER}
    """
    f1_t_pred = params[0] * d_axis(f1, 0, 2) + params[1] * d_axis(f1 * (1 - f1) * np.sin(params[2] * x[:, 0:1] + params[4]), 0, 1) + params[3] * f1 * (1 - f1)

    return f1_t_pred
------------------------------------------------------
MSE          : 2.56e-13
Complexity   : 22
Sample time  : 1.8226338028907776
Evaluate time: 5.94256067276001
Sample orders: 60
======================================================


================= Evaluated Function =================
def equation(x: np.ndarray, f1: np.ndarray, params: np.ndarray, d_axis: callable) -> np.ndarray:
    """ Mathematical function for the RHS of an unknown 1D PDE.

    Args:
        x: spatial coordinate grid, shape (Nx, 1).
        f1: the measured field, shape (Nx, Nt).
        params: a fixed-length array of exactly 5 entries. Use only indices 0..4.
        d_axis: spatial derivative. Call d_axis(field, axis, order); axis=0 is x1.

    Return:
        `f1_t_pred`, a numpy array with the grid shape.

    STRICT CONSTRAINT:
        1. SPATIAL DERIVATIVES & MATH: you are a physicist discovering a PDE. Use ONLY
           the provided d_axis(field, axis, order) for derivatives (max order 4), with
           axis=0 for the single spatial coordinate x1. For mathematical functions you
           are STRICTLY LIMITED to np.sin, np.cos, np.tanh and np.exp. Do not call any
           other np.* routine, do not import anything, and do not write numerical
           algorithms. Ordinary arithmetic (+ - * / **) and params[0..4] are free.
        2. OUTPUT FORMAT: write the complete formula, assign it to f1_t_pred, and
           strictly end with return f1_t_pred. No placeholders. Mind the shapes: x is
           (Nx, 1) and f1 is (Nx, Nt), so a coordinate factor must broadcast against
           f1 -- write x or x[:, 0:1], never x[:, 0].
        3. PARETO EVOLUTION: the frontier trades MSE against complexity. Complexity
           counts the derivative calls, the arithmetic operations and every params
           you use, so the same term written more compactly is preferred.
        4. OPTIMIZATION STRATEGY:{PARETO_FRONTIER_PLACEHOLDER}
    """
    f1_t_pred = params[0] * d_axis(f1, 0, 2) + params[1] * d_axis(f1 * (1 - f1) * np.sin(params[2] * x[:, 0:1] + params[4]), 0, 1) + params[3] * f1 * (1 - f1)

    return f1_t_pred
------------------------------------------------------
MSE          : 2.56e-13
Complexity   : 22
Sample time  : 1.3832708597183228
Evaluate time: 5.5080296993255615
Sample orders: 61
======================================================


🚫 [UNPARSABLE] the reply carried no executable body; draw dropped
✅ [EVALUATED] MSE: 2.56e-13 | Params: [ 0.100001  0.500005  0.999995  1.       -1.570787]
✅ [EVALUATED] MSE: 2.56e-13 | Params: [ 0.100001  0.500005  0.999995  1.       -1.570787]
✅ [EVALUATED] MSE: 2.56e-13 | Params: [ 0.100001  0.500005  0.999995  1.       -1.570787]
✅ [EVALUATED] MSE: 2.56e-13 | Params: [ 0.100001  0.500005  0.999995  1.       -1.570787]
================= Evaluated Function =================
def equation(x: np.ndarray, f1: np.ndarray, params: np.ndarray, d_axis: callable) -> np.ndarray:
    """ Mathematical function for the RHS of an unknown 1D PDE.

    Args:
        x: spatial coordinate grid, shape (Nx, 1).
        f1: the measured field, shape (Nx, Nt).
        params: a fixed-length array of exactly 5 entries. Use only indices 0..4.
        d_axis: spatial derivative. Call d_axis(field, axis, order); axis=0 is x1.

    Return:
        `f1_t_pred`, a numpy array with the grid shape.

    STRICT CONSTRAINT:
        1. SPATIAL DERIVATIVES & MATH: you are a physicist discovering a PDE. Use ONLY
           the provided d_axis(field, axis, order) for derivatives (max order 4), with
           axis=0 for the single spatial coordinate x1. For mathematical functions you
           are STRICTLY LIMITED to np.sin, np.cos, np.tanh and np.exp. Do not call any
           other np.* routine, do not import anything, and do not write numerical
           algorithms. Ordinary arithmetic (+ - * / **) and params[0..4] are free.
        2. OUTPUT FORMAT: write the complete formula, assign it to f1_t_pred, and
           strictly end with return f1_t_pred. No placeholders. Mind the shapes: x is
           (Nx, 1) and f1 is (Nx, Nt), so a coordinate factor must broadcast against
           f1 -- write x or x[:, 0:1], never x[:, 0].
        3. PARETO EVOLUTION: the frontier trades MSE against complexity. Complexity
           counts the derivative calls, the arithmetic operations and every params
           you use, so the same term written more compactly is preferred.
        4. OPTIMIZATION STRATEGY:{PARETO_FRONTIER_PLACEHOLDER}
    """
    f1_t_pred = params[0] * d_axis(f1, 0, 2) + params[1] * d_axis(f1 * (1 - f1) * np.sin(params[2] * x[:, 0:1] + params[4]), 0, 1) + params[3] * f1 * (1 - f1)

    return f1_t_pred
------------------------------------------------------
MSE          : 2.56e-13
Complexity   : 22
Sample time  : 1.3832708597183228
Evaluate time: 5.895741701126099
Sample orders: 63
======================================================


================= Evaluated Function =================
def equation(x: np.ndarray, f1: np.ndarray, params: np.ndarray, d_axis: callable) -> np.ndarray:
    """ Mathematical function for the RHS of an unknown 1D PDE.

    Args:
        x: spatial coordinate grid, shape (Nx, 1).
        f1: the measured field, shape (Nx, Nt).
        params: a fixed-length array of exactly 5 entries. Use only indices 0..4.
        d_axis: spatial derivative. Call d_axis(field, axis, order); axis=0 is x1.

    Return:
        `f1_t_pred`, a numpy array with the grid shape.

    STRICT CONSTRAINT:
        1. SPATIAL DERIVATIVES & MATH: you are a physicist discovering a PDE. Use ONLY
           the provided d_axis(field, axis, order) for derivatives (max order 4), with
           axis=0 for the single spatial coordinate x1. For mathematical functions you
           are STRICTLY LIMITED to np.sin, np.cos, np.tanh and np.exp. Do not call any
           other np.* routine, do not import anything, and do not write numerical
           algorithms. Ordinary arithmetic (+ - * / **) and params[0..4] are free.
        2. OUTPUT FORMAT: write the complete formula, assign it to f1_t_pred, and
           strictly end with return f1_t_pred. No placeholders. Mind the shapes: x is
           (Nx, 1) and f1 is (Nx, Nt), so a coordinate factor must broadcast against
           f1 -- write x or x[:, 0:1], never x[:, 0].
        3. PARETO EVOLUTION: the frontier trades MSE against complexity. Complexity
           counts the derivative calls, the arithmetic operations and every params
           you use, so the same term written more compactly is preferred.
        4. OPTIMIZATION STRATEGY:{PARETO_FRONTIER_PLACEHOLDER}
    """
    f1_t_pred = params[0] * d_axis(f1, 0, 2) + params[1] * d_axis(f1 * (1 - f1) * np.sin(params[2] * x[:, 0:1] + params[4]), 0, 1) + params[3] * f1 * (1 - f1)

    return f1_t_pred
------------------------------------------------------
MSE          : 2.56e-13
Complexity   : 22
Sample time  : 1.3832708597183228
Evaluate time: 6.053243398666382
Sample orders: 64
======================================================


================= Evaluated Function =================
def equation(x: np.ndarray, f1: np.ndarray, params: np.ndarray, d_axis: callable) -> np.ndarray:
    """ Mathematical function for the RHS of an unknown 1D PDE.

    Args:
        x: spatial coordinate grid, shape (Nx, 1).
        f1: the measured field, shape (Nx, Nt).
        params: a fixed-length array of exactly 5 entries. Use only indices 0..4.
        d_axis: spatial derivative. Call d_axis(field, axis, order); axis=0 is x1.

    Return:
        `f1_t_pred`, a numpy array with the grid shape.

    STRICT CONSTRAINT:
        1. SPATIAL DERIVATIVES & MATH: you are a physicist discovering a PDE. Use ONLY
           the provided d_axis(field, axis, order) for derivatives (max order 4), with
           axis=0 for the single spatial coordinate x1. For mathematical functions you
           are STRICTLY LIMITED to np.sin, np.cos, np.tanh and np.exp. Do not call any
           other np.* routine, do not import anything, and do not write numerical
           algorithms. Ordinary arithmetic (+ - * / **) and params[0..4] are free.
        2. OUTPUT FORMAT: write the complete formula, assign it to f1_t_pred, and
           strictly end with return f1_t_pred. No placeholders. Mind the shapes: x is
           (Nx, 1) and f1 is (Nx, Nt), so a coordinate factor must broadcast against
           f1 -- write x or x[:, 0:1], never x[:, 0].
        3. PARETO EVOLUTION: the frontier trades MSE against complexity. Complexity
           counts the derivative calls, the arithmetic operations and every params
           you use, so the same term written more compactly is preferred.
        4. OPTIMIZATION STRATEGY:{PARETO_FRONTIER_PLACEHOLDER}
    """
    f1_t_pred = params[0] * d_axis(f1, 0, 2) + params[1] * d_axis(f1 * (1 - f1) * np.sin(params[2] * x[:, 0:1] + params[4]), 0, 1) + params[3] * f1 * (1 - f1)

    return f1_t_pred
------------------------------------------------------
MSE          : 2.56e-13
Complexity   : 22
Sample time  : 1.3344435691833496
Evaluate time: 5.919108629226685
Sample orders: 65
======================================================


================= Evaluated Function =================
def equation(x: np.ndarray, f1: np.ndarray, params: np.ndarray, d_axis: callable) -> np.ndarray:
    """ Mathematical function for the RHS of an unknown 1D PDE.

    Args:
        x: spatial coordinate grid, shape (Nx, 1).
        f1: the measured field, shape (Nx, Nt).
        params: a fixed-length array of exactly 5 entries. Use only indices 0..4.
        d_axis: spatial derivative. Call d_axis(field, axis, order); axis=0 is x1.

    Return:
        `f1_t_pred`, a numpy array with the grid shape.

    STRICT CONSTRAINT:
        1. SPATIAL DERIVATIVES & MATH: you are a physicist discovering a PDE. Use ONLY
           the provided d_axis(field, axis, order) for derivatives (max order 4), with
           axis=0 for the single spatial coordinate x1. For mathematical functions you
           are STRICTLY LIMITED to np.sin, np.cos, np.tanh and np.exp. Do not call any
           other np.* routine, do not import anything, and do not write numerical
           algorithms. Ordinary arithmetic (+ - * / **) and params[0..4] are free.
        2. OUTPUT FORMAT: write the complete formula, assign it to f1_t_pred, and
           strictly end with return f1_t_pred. No placeholders. Mind the shapes: x is
           (Nx, 1) and f1 is (Nx, Nt), so a coordinate factor must broadcast against
           f1 -- write x or x[:, 0:1], never x[:, 0].
        3. PARETO EVOLUTION: the frontier trades MSE against complexity. Complexity
           counts the derivative calls, the arithmetic operations and every params
           you use, so the same term written more compactly is preferred.
        4. OPTIMIZATION STRATEGY:{PARETO_FRONTIER_PLACEHOLDER}
    """
    f1_t_pred = params[0] * d_axis(f1, 0, 2) + params[1] * d_axis(f1 * (1 - f1) * np.sin(params[2] * x[:, 0:1] + params[4]), 0, 1) + params[3] * f1 * (1 - f1)

    return f1_t_pred✅ [EVALUATED] MSE: 2.56e-13 | Params: [ 0.100001  0.500005  0.999995  1.       -1.570787]
✅ [EVALUATED] MSE: 2.56e-13 | Params: [ 0.100001  0.500005  0.999995  1.       -1.570787]
✅ [EVALUATED] MSE: 2.56e-13 | Params: [ 0.100001  0.500005  0.999995  1.       -1.570787]
✅ [EVALUATED] MSE: 2.56e-13 | Params: [ 0.100001  0.500005  0.999995  1.       -1.570787]

------------------------------------------------------
MSE          : 2.56e-13
Complexity   : 22
Sample time  : 1.3344435691833496
Evaluate time: 6.272246599197388
Sample orders: 66
======================================================


================= Evaluated Function =================
def equation(x: np.ndarray, f1: np.ndarray, params: np.ndarray, d_axis: callable) -> np.ndarray:
    """ Mathematical function for the RHS of an unknown 1D PDE.

    Args:
        x: spatial coordinate grid, shape (Nx, 1).
        f1: the measured field, shape (Nx, Nt).
        params: a fixed-length array of exactly 5 entries. Use only indices 0..4.
        d_axis: spatial derivative. Call d_axis(field, axis, order); axis=0 is x1.

    Return:
        `f1_t_pred`, a numpy array with the grid shape.

    STRICT CONSTRAINT:
        1. SPATIAL DERIVATIVES & MATH: you are a physicist discovering a PDE. Use ONLY
           the provided d_axis(field, axis, order) for derivatives (max order 4), with
           axis=0 for the single spatial coordinate x1. For mathematical functions you
           are STRICTLY LIMITED to np.sin, np.cos, np.tanh and np.exp. Do not call any
           other np.* routine, do not import anything, and do not write numerical
           algorithms. Ordinary arithmetic (+ - * / **) and params[0..4] are free.
        2. OUTPUT FORMAT: write the complete formula, assign it to f1_t_pred, and
           strictly end with return f1_t_pred. No placeholders. Mind the shapes: x is
           (Nx, 1) and f1 is (Nx, Nt), so a coordinate factor must broadcast against
           f1 -- write x or x[:, 0:1], never x[:, 0].
        3. PARETO EVOLUTION: the frontier trades MSE against complexity. Complexity
           counts the derivative calls, the arithmetic operations and every params
           you use, so the same term written more compactly is preferred.
        4. OPTIMIZATION STRATEGY:{PARETO_FRONTIER_PLACEHOLDER}
    """
    f1_t_pred = params[0] * d_axis(f1, 0, 2) + params[1] * d_axis(f1 * (1 - f1) * np.sin(params[2] * x[:, 0:1] + params[4]), 0, 1) + params[3] * f1 * (1 - f1)

    return f1_t_pred
------------------------------------------------------
MSE          : 2.56e-13
Complexity   : 22
Sample time  : 1.3344435691833496
Evaluate time: 5.431002378463745
Sample orders: 67
======================================================


================= Evaluated Function =================
def equation(x: np.ndarray, f1: np.ndarray, params: np.ndarray, d_axis: callable) -> np.ndarray:
    """ Mathematical function for the RHS of an unknown 1D PDE.

    Args:
        x: spatial coordinate grid, shape (Nx, 1).
        f1: the measured field, shape (Nx, Nt).
        params: a fixed-length array of exactly 5 entries. Use only indices 0..4.
        d_axis: spatial derivative. Call d_axis(field, axis, order); axis=0 is x1.

    Return:
        `f1_t_pred`, a numpy array with the grid shape.

    STRICT CONSTRAINT:
        1. SPATIAL DERIVATIVES & MATH: you are a physicist discovering a PDE. Use ONLY
           the provided d_axis(field, axis, order) for derivatives (max order 4), with
           axis=0 for the single spatial coordinate x1. For mathematical functions you
           are STRICTLY LIMITED to np.sin, np.cos, np.tanh and np.exp. Do not call any
           other np.* routine, do not import anything, and do not write numerical
           algorithms. Ordinary arithmetic (+ - * / **) and params[0..4] are free.
        2. OUTPUT FORMAT: write the complete formula, assign it to f1_t_pred, and
           strictly end with return f1_t_pred. No placeholders. Mind the shapes: x is
           (Nx, 1) and f1 is (Nx, Nt), so a coordinate factor must broadcast against
           f1 -- write x or x[:, 0:1], never x[:, 0].
        3. PARETO EVOLUTION: the frontier trades MSE against complexity. Complexity
           counts the derivative calls, the arithmetic operations and every params
           you use, so the same term written more compactly is preferred.
        4. OPTIMIZATION STRATEGY:{PARETO_FRONTIER_PLACEHOLDER}
    """
    f1_t_pred = params[0] * d_axis(f1, 0, 2) + params[1] * d_axis(f1 * (1 - f1) * np.sin(params[2] * x[:, 0:1] + params[4]), 0, 1) + params[3] * f1 * (1 - f1)

    return f1_t_pred
------------------------------------------------------
MSE          : 2.56e-13
Complexity   : 22
Sample time  : 1.3344435691833496
Evaluate time: 5.3587353229522705
Sample orders: 68
======================================================


================= Evaluated Function =================
def equation(x: np.ndarray, f1: np.ndarray, params: np.ndarray, d_axis: callable) -> np.ndarray:
    """ Mathematical function for the RHS of an unknown 1D PDE.

    Args:
        x: spatial coordinate grid, shape (Nx, 1).
        f1: the measured field, shape (Nx, Nt).
        params: a fixed-length array of exactly 5 entries. Use only indices 0..4.
        d_axis: spatial derivative. Call d_axis(field, axis, order); axis=0 is x1.

    Return:
        `f1_t_pred`, a numpy array with the grid shape.

    STRICT CONSTRAINT:
        1. SPATIAL DERIVATIVES & MATH: you are a physicist discovering a PDE. Use ONLY
           the provided d_axis(field, axis, order) for derivatives (max order 4), with
           axis=0 for the single spatial coordinate x1. For mathematical functions you
           are STRICTLY LIMITED to np.sin, np.cos, np.tanh and np.exp. Do not call any
           other np.* routine, do not import anything, and do not write numerical
           algorithms. Ordinary arithmetic (+ - * / **) and params[0..4] are free.
        2. OUTPUT FORMAT: write the complete formula, assign it to f1_t_pred, and
           strictly end with return f1_t_pred. No placeholders. Mind the shapes: x is
           (Nx, 1) and f1 is (Nx, Nt), so a coordinate factor must broadcast against
           f1 -- write x or x[:, 0:1], never x[:, 0].
        3. PARETO EVOLUTION: the frontier trades MSE against complexity. Complexity
           counts the derivative calls, the arithmetic operations and every params
           you use, so the same term written more compactly is preferred.
        4. OPTIMIZATION STRATEGY:{PARETO_FRONTIER_PLACEHOLDER}
    """
    f1_t_pred = params[0] * d_axis(f1, 0, 2) + params[1] * d_axis(f1 * (1 - f1) * np.sin(params[2] * x[:, 0:1] + params[4]), 0, 1) + params[3] * f1 * (1 - f1)

    return f1_t_pred
------------------------------------------------------
MSE          : 2.56e-13
Complexity   : 22
Sample time  : 1.6732298135757446
Evaluate time: 5.580803871154785
Sample orders: 69
======================================================


================= Evaluated Function =================
def equation(x: np.ndarray, f1: np.ndarray, params: np.ndarray, d_axis: callable) -> np.ndarray:
    """ Mathematical function for the RHS of an unknown 1D PDE.

    Args:
        x: spatial coordinate grid, shape (Nx, 1).
        f1: the measured field, shape (Nx, Nt).
        params: a fixed-length array of exactly 5 entries. Use only indices 0..4.
        d_axis: spatial derivative. Call d_axis(field, axis, order); axis=0 is x1.

    Return:
        `f1_t_pred`, a numpy array with the grid shape.

    STRICT CONSTRAINT:
        1. SPATIAL DERIVATIVES & MATH: you are a physicist discovering a PDE. Use ONLY
           the provided d_axis(field, axis, order) for derivatives (max order 4), with
           axis=0 for the single spatial coordinate x1. For mathematical functions you
           are STRICTLY LIMITED to np.sin, np.cos, np.tanh and np.exp. Do not call any
           other np.* routine, do not import anything, and do not write numerical
           algorithms. Ordinary arithmetic (+ - * / **) and params[0..4] are free.
        2. OUTPUT FORMAT: write the complete formula, assign it to f1_t_pred, and
           strictly end with return f1_t_pred. No placeholders. Mind the shapes: x is
           (Nx, 1) and f1 is (Nx, Nt), so a coordinate factor must broadcast against
           f1 -- write x or x[:, 0:1], never x[:, 0].
        3. PARETO EVOLUTION: the frontier trades MSE against complexity. Complexity
           counts the derivative calls, the arithmetic operations and every params
           you use, so the same term written more compactly is preferred.
        4. OPTIMIZATION STRATEGY:{PARETO_FRONTIER_PLACEHOLDER}
    """
    f1_t_pred = params[0] * d_axis(f1, 0, 2) + params[1] * d_axis(f1 * (1 - f1) * np.sin(params[2] * x[:, 0:1] + params[4]), 0, 1) + params[3] * f1 * (1 - f1)

    return f1_t_pred
------------------------------------------------------
MSE          : 2.56e-13
Complexity   : 22
Sample time  : 1.6732298135757446
Evaluate time: 5.243657827377319
Sample orders: 70
======================================================


🚫 [UNPARSABLE] the reply carried no executable body; draw dropped
🚫 [UNPARSABLE] the reply carried no executable body; draw dropped
✅ [EVALUATED] MSE: 2.56e-13 | Params: [ 0.100001  0.500005  0.999995  1.       -1.570787]
================= Evaluated Function =================
def equation(x: np.ndarray, f1: np.ndarray, params: np.ndarray, d_axis: callable) -> np.ndarray:
    """ Mathematical function for the RHS of an unknown 1D PDE.

    Args:
        x: spatial coordinate grid, shape (Nx, 1).
        f1: the measured field, shape (Nx, Nt).
        params: a fixed-length array of exactly 5 entries. Use only indices 0..4.
        d_axis: spatial derivative. Call d_axis(field, axis, order); axis=0 is x1.

    Return:
        `f1_t_pred`, a numpy array with the grid shape.

    STRICT CONSTRAINT:
        1. SPATIAL DERIVATIVES & MATH: you are a physicist discovering a PDE. Use ONLY
           the provided d_axis(field, axis, order) for derivatives (max order 4), with
           axis=0 for the single spatial coordinate x1. For mathematical functions you
           are STRICTLY LIMITED to np.sin, np.cos, np.tanh and np.exp. Do not call any
           other np.* routine, do not import anything, and do not write numerical
           algorithms. Ordinary arithmetic (+ - * / **) and params[0..4] are free.
        2. OUTPUT FORMAT: write the complete formula, assign it to f1_t_pred, and
           strictly end with return f1_t_pred. No placeholders. Mind the shapes: x is
           (Nx, 1) and f1 is (Nx, Nt), so a coordinate factor must broadcast against
           f1 -- write x or x[:, 0:1], never x[:, 0].
        3. PARETO EVOLUTION: the frontier trades MSE against complexity. Complexity
           counts the derivative calls, the arithmetic operations and every params
           you use, so the same term written more compactly is preferred.
        4. OPTIMIZATION STRATEGY:{PARETO_FRONTIER_PLACEHOLDER}
    """
    f1_t_pred = params[0] * d_axis(f1, 0, 2) + params[1] * d_axis(f1 * (1 - f1) * np.sin(params[2] * x[:, 0:1] + params[4]), 0, 1) + params[3] * f1 * (1 - f1)

    return f1_t_pred
------------------------------------------------------
MSE          : 2.56e-13
Complexity   : 22
Sample time  : 1.7095366716384888
Evaluate time: 5.660992860794067
Sample orders: 73
======================================================


🚫 [UNPARSABLE] the reply carried no executable body; draw dropped
🚫 [UNPARSABLE] the reply carried no executable body; draw dropped
✅ [EVALUATED] MSE: 2.56e-13 | Params: [ 0.100001  0.500005  0.999995  1.       -1.570787]
✅ [EVALUATED] MSE: 2.56e-13 | Params: [ 0.100001  0.500005  0.999995  1.       -1.570787]
✅ [EVALUATED] MSE: 2.56e-13 | Params: [ 0.100001  0.500005  0.999995  1.       -1.570787]
Execution Error: name 'f1_t_pred' is not defined
================= Evaluated Function =================
def equation(x: np.ndarray, f1: np.ndarray, params: np.ndarray, d_axis: callable) -> np.ndarray:
    """ Mathematical function for the RHS of an unknown 1D PDE.

    Args:
        x: spatial coordinate grid, shape (Nx, 1).
        f1: the measured field, shape (Nx, Nt).
        params: a fixed-length array of exactly 5 entries. Use only indices 0..4.
        d_axis: spatial derivative. Call d_axis(field, axis, order); axis=0 is x1.

    Return:
        `f1_t_pred`, a numpy array with the grid shape.

    STRICT CONSTRAINT:
        1. SPATIAL DERIVATIVES & MATH: you are a physicist discovering a PDE. Use ONLY
           the provided d_axis(field, axis, order) for derivatives (max order 4), with
           axis=0 for the single spatial coordinate x1. For mathematical functions you
           are STRICTLY LIMITED to np.sin, np.cos, np.tanh and np.exp. Do not call any
           other np.* routine, do not import anything, and do not write numerical
           algorithms. Ordinary arithmetic (+ - * / **) and params[0..4] are free.
        2. OUTPUT FORMAT: write the complete formula, assign it to f1_t_pred, and
           strictly end with return f1_t_pred. No placeholders. Mind the shapes: x is
           (Nx, 1) and f1 is (Nx, Nt), so a coordinate factor must broadcast against
           f1 -- write x or x[:, 0:1], never x[:, 0].
        3. PARETO EVOLUTION: the frontier trades MSE against complexity. Complexity
           counts the derivative calls, the arithmetic operations and every params
           you use, so the same term written more compactly is preferred.
        4. OPTIMIZATION STRATEGY:{PARETO_FRONTIER_PLACEHOLDER}
    """
    # Diffusion (second-order smoothing)
    diffusion = params[0] * d_axis(f1, 0, 2)

    # Modulated drift with self-limiting factor f1*(1-f1)
    # The periodic modulation sin(k*x1 + phase) alternates drift direction
    drift = params[1] * d_axis(f1 * (1 - f1) * np.sin(params[2] * x[:, 0:1] + params[4]), 0, 1)

    # Logistic reaction: f1*(1-f1) - vanishes at f1=0 and f1=1, strongest at f1=0.5
    reaction = params[3] * f1 * (1 - f1)

    f1_t_pred = diffusion + drift + reaction

    return f1_t_pred
------------------------------------------------------
MSE          : 2.56e-13
Complexity   : 32
Sample time  : 1.7095366716384888
Evaluate time: 5.5382139682769775
Sample orders: 76
======================================================


================= Evaluated Function =================
def equation(x: np.ndarray, f1: np.ndarray, params: np.ndarray, d_axis: callable) -> np.ndarray:
    """ Mathematical function for the RHS of an unknown 1D PDE.

    Args:
        x: spatial coordinate grid, shape (Nx, 1).
        f1: the measured field, shape (Nx, Nt).
        params: a fixed-length array of exactly 5 entries. Use only indices 0..4.
        d_axis: spatial derivative. Call d_axis(field, axis, order); axis=0 is x1.

    Return:
        `f1_t_pred`, a numpy array with the grid shape.

    STRICT CONSTRAINT:
        1. SPATIAL DERIVATIVES & MATH: you are a physicist discovering a PDE. Use ONLY
           the provided d_axis(field, axis, order) for derivatives (max order 4), with
           axis=0 for the single spatial coordinate x1. For mathematical functions you
           are STRICTLY LIMITED to np.sin, np.cos, np.tanh and np.exp. Do not call any
           other np.* routine, do not import anything, and do not write numerical
           algorithms. Ordinary arithmetic (+ - * / **) and params[0..4] are free.
        2. OUTPUT FORMAT: write the complete formula, assign it to f1_t_pred, and
           strictly end with return f1_t_pred. No placeholders. Mind the shapes: x is
           (Nx, 1) and f1 is (Nx, Nt), so a coordinate factor must broadcast against
           f1 -- write x or x[:, 0:1], never x[:, 0].
        3. PARETO EVOLUTION: the frontier trades MSE against complexity. Complexity
           counts the derivative calls, the arithmetic operations and every params
           you use, so the same term written more compactly is preferred.
        4. OPTIMIZATION STRATEGY:{PARETO_FRONTIER_PLACEHOLDER}
    """
    # Diffusion term - second-order smoothing
    diffusion = params[0] * d_axis(f1, 0, 2)

    # Modulated self-limiting drift - periodic direction alternation
    # with capacity throttling via f1(1-f1)
    capacity = f1 * (1 - f1)
    modulation = np.sin(params[2] * x[:, 0:1] + params[4])  # periodic modulation
    drift_flux = capacity * modulation
    drift = params[1] * d_axis(drift_flux, 0, 1)

    # Logistic reaction - strongest at mid-range, vanishes at endpoints
    reaction = params[3] * f1 * (1 - f1)

    f1_t_pred = diffusion + drift + reaction

    return f1_t_pred
------------------------------------------------------
MSE          : 2.56e-13
Complexity   : 29
Sample time  : 1.9934649467468262
Evaluate time: 5.658921480178833
Sample orders: 77
======================================================


================= Evaluated Function =================
def equation(x: np.ndarray, f1: np.ndarray, params: np.ndarray, d_axis: callable) -> np.ndarray:
    """ Mathematical function for the RHS of an unknown 1D PDE.

    Args:
        x: spatial coordinate grid, shape (Nx, 1).
        f1: the measured field, shape (Nx, Nt).
        params: a fixed-length array of exactly 5 entries. Use only indices 0..4.
        d_axis: spatial derivative. Call d_axis(field, axis, order); axis=0 is x1.

    Return:
        `f1_t_pred`, a numpy array with the grid shape.

    STRICT CONSTRAINT:
        1. SPATIAL DERIVATIVES & MATH: you are a physicist discovering a PDE. Use ONLY
           the provided d_axis(field, axis, order) for derivatives (max order 4), with
           axis=0 for the single spatial coordinate x1. For mathematical functions you
           are STRICTLY LIMITED to np.sin, np.cos, np.tanh and np.exp. Do not call any
           other np.* routine, do not import anything, and do not write numerical
           algorithms. Ordinary arithmetic (+ - * / **) and params[0..4] are free.
        2. OUTPUT FORMAT: write the complete formula, assign it to f1_t_pred, and
           strictly end with return f1_t_pred. No placeholders. Mind the shapes: x is
           (Nx, 1) and f1 is (Nx, Nt), so a coordinate factor must broadcast against
           f1 -- write x or x[:, 0:1], never x[:, 0].
        3. PARETO EVOLUTION: the frontier trades MSE against complexity. Complexity
           counts the derivative calls, the arithmetic operations and every params
           you use, so the same term written more compactly is preferred.
        4. OPTIMIZATION STRATEGY:{PARETO_FRONTIER_PLACEHOLDER}
    """
    f1_t_pred = params[0] * d_axis(f1, 0, 2) + params[1] * d_axis(f1 * (1 - f1) * np.sin(params[2] * x[:, 0:1] + params[4]), 0, 1) + params[3] * f1 * (1 - f1)

    return f1_t_pred
------------------------------------------------------
MSE          : 2.56e-13
Complexity   : 22
Sample time  : 1.9934649467468262
Evaluate time: 5.448939323425293
Sample orders: 78
======================================================


⏱️  [NO SCORE] the sandbox returned nothing for this draw (timeout 60s, or a runtime error); it gets no MSE and no frontier slot
================= Evaluated Function =================
def equation(x: np.ndarray, f1: np.ndarray, params: np.ndarray, d_axis: callable) -> np.ndarray:
    """ Mathematical function for the RHS of an unknown 1D PDE.

    Args:
        x: spatial coordinate grid, shape (Nx, 1).
        f1: the measured field, shape (Nx, Nt).
        params: a fixed-length array of exactly 5 entries. Use only indices 0..4.
        d_axis: spatial derivative. Call d_axis(field, axis, order); axis=0 is x1.

    Return:
        `f1_t_pred`, a numpy array with the grid shape.

    STRICT CONSTRAINT:
        1. SPATIAL DERIVATIVES & MATH: you are a physicist discovering a PDE. Use ONLY
           the provided d_axis(field, axis, order) for derivatives (max order 4), with
           axis=0 for the single spatial coordinate x1. For mathematical functions you
           are STRICTLY LIMITED to np.sin, np.cos, np.tanh and np.exp. Do not call any
           other np.* routine, do not import anything, and do not write numerical
           algorithms. Ordinary arithmetic (+ - * / **) and params[0..4] are free.
        2. OUTPUT FORMAT: write the complete formula, assign it to f1_t_pred, and
           strictly end with return f1_t_pred. No placeholders. Mind the shapes: x is
           (Nx, 1) and f1 is (Nx, Nt), so a coordinate factor must broadcast against
           f1 -- write x or x[:, 0:1], never x[:, 0].
        3. PARETO EVOLUTION: the frontier trades MSE against complexity. Complexity
           counts the derivative calls, the arithmetic operations and every params
           you use, so the same term written more compactly is preferred.
        4. OPTIMIZATION STRATEGY:{PARETO_FRONTIER_PLACEHOLDER}
    """
    return f1_t_pred✅ [EVALUATED] MSE: 2.56e-13 | Params: [ 0.100001  0.500005  0.999995  1.       -1.570787]
✅ [EVALUATED] MSE: 2.56e-13 | Params: [ 0.100001  0.500005  0.999995  1.       -1.570787]
✅ [EVALUATED] MSE: 2.56e-13 | Params: [ 0.100001  0.500005  0.999995  1.       -1.570787]
✅ [EVALUATED] MSE: 2.56e-13 | Params: [ 0.100001  0.500005  0.999995  1.       -1.570787]

------------------------------------------------------
MSE          : N/A
Complexity   : N/A
Sample time  : 1.9934649467468262
Evaluate time: 2.9526803493499756
Sample orders: 79
======================================================


================= Evaluated Function =================
def equation(x: np.ndarray, f1: np.ndarray, params: np.ndarray, d_axis: callable) -> np.ndarray:
    """ Mathematical function for the RHS of an unknown 1D PDE.

    Args:
        x: spatial coordinate grid, shape (Nx, 1).
        f1: the measured field, shape (Nx, Nt).
        params: a fixed-length array of exactly 5 entries. Use only indices 0..4.
        d_axis: spatial derivative. Call d_axis(field, axis, order); axis=0 is x1.

    Return:
        `f1_t_pred`, a numpy array with the grid shape.

    STRICT CONSTRAINT:
        1. SPATIAL DERIVATIVES & MATH: you are a physicist discovering a PDE. Use ONLY
           the provided d_axis(field, axis, order) for derivatives (max order 4), with
           axis=0 for the single spatial coordinate x1. For mathematical functions you
           are STRICTLY LIMITED to np.sin, np.cos, np.tanh and np.exp. Do not call any
           other np.* routine, do not import anything, and do not write numerical
           algorithms. Ordinary arithmetic (+ - * / **) and params[0..4] are free.
        2. OUTPUT FORMAT: write the complete formula, assign it to f1_t_pred, and
           strictly end with return f1_t_pred. No placeholders. Mind the shapes: x is
           (Nx, 1) and f1 is (Nx, Nt), so a coordinate factor must broadcast against
           f1 -- write x or x[:, 0:1], never x[:, 0].
        3. PARETO EVOLUTION: the frontier trades MSE against complexity. Complexity
           counts the derivative calls, the arithmetic operations and every params
           you use, so the same term written more compactly is preferred.
        4. OPTIMIZATION STRATEGY:{PARETO_FRONTIER_PLACEHOLDER}
    """
    f1_t_pred = params[0] * d_axis(f1, 0, 2) + params[1] * d_axis(f1 * (1 - f1) * np.sin(params[2] * x[:, 0:1] + params[4]), 0, 1) + params[3] * f1 * (1 - f1)

    return f1_t_pred
------------------------------------------------------
MSE          : 2.56e-13
Complexity   : 22
Sample time  : 1.9934649467468262
Evaluate time: 5.214055299758911
Sample orders: 80
======================================================


================= Evaluated Function =================
def equation(x: np.ndarray, f1: np.ndarray, params: np.ndarray, d_axis: callable) -> np.ndarray:
    """ Mathematical function for the RHS of an unknown 1D PDE.

    Args:
        x: spatial coordinate grid, shape (Nx, 1).
        f1: the measured field, shape (Nx, Nt).
        params: a fixed-length array of exactly 5 entries. Use only indices 0..4.
        d_axis: spatial derivative. Call d_axis(field, axis, order); axis=0 is x1.

    Return:
        `f1_t_pred`, a numpy array with the grid shape.

    STRICT CONSTRAINT:
        1. SPATIAL DERIVATIVES & MATH: you are a physicist discovering a PDE. Use ONLY
           the provided d_axis(field, axis, order) for derivatives (max order 4), with
           axis=0 for the single spatial coordinate x1. For mathematical functions you
           are STRICTLY LIMITED to np.sin, np.cos, np.tanh and np.exp. Do not call any
           other np.* routine, do not import anything, and do not write numerical
           algorithms. Ordinary arithmetic (+ - * / **) and params[0..4] are free.
        2. OUTPUT FORMAT: write the complete formula, assign it to f1_t_pred, and
           strictly end with return f1_t_pred. No placeholders. Mind the shapes: x is
           (Nx, 1) and f1 is (Nx, Nt), so a coordinate factor must broadcast against
           f1 -- write x or x[:, 0:1], never x[:, 0].
        3. PARETO EVOLUTION: the frontier trades MSE against complexity. Complexity
           counts the derivative calls, the arithmetic operations and every params
           you use, so the same term written more compactly is preferred.
        4. OPTIMIZATION STRATEGY:{PARETO_FRONTIER_PLACEHOLDER}
    """
    f1_t_pred = params[0] * d_axis(f1, 0, 2) + params[1] * d_axis(f1 * (1 - f1) * np.sin(params[2] * x[:, 0:1] + params[4]), 0, 1) + params[3] * f1 * (1 - f1)

    return f1_t_pred
------------------------------------------------------
MSE          : 2.56e-13
Complexity   : 22
Sample time  : 2.0599895119667053
Evaluate time: 5.796281814575195
Sample orders: 81
======================================================


================= Evaluated Function =================
def equation(x: np.ndarray, f1: np.ndarray, params: np.ndarray, d_axis: callable) -> np.ndarray:
    """ Mathematical function for the RHS of an unknown 1D PDE.

    Args:
        x: spatial coordinate grid, shape (Nx, 1).
        f1: the measured field, shape (Nx, Nt).
        params: a fixed-length array of exactly 5 entries. Use only indices 0..4.
        d_axis: spatial derivative. Call d_axis(field, axis, order); axis=0 is x1.

    Return:
        `f1_t_pred`, a numpy array with the grid shape.

    STRICT CONSTRAINT:
        1. SPATIAL DERIVATIVES & MATH: you are a physicist discovering a PDE. Use ONLY
           the provided d_axis(field, axis, order) for derivatives (max order 4), with
           axis=0 for the single spatial coordinate x1. For mathematical functions you
           are STRICTLY LIMITED to np.sin, np.cos, np.tanh and np.exp. Do not call any
           other np.* routine, do not import anything, and do not write numerical
           algorithms. Ordinary arithmetic (+ - * / **) and params[0..4] are free.
        2. OUTPUT FORMAT: write the complete formula, assign it to f1_t_pred, and
           strictly end with return f1_t_pred. No placeholders. Mind the shapes: x is
           (Nx, 1) and f1 is (Nx, Nt), so a coordinate factor must broadcast against
           f1 -- write x or x[:, 0:1], never x[:, 0].
        3. PARETO EVOLUTION: the frontier trades MSE against complexity. Complexity
           counts the derivative calls, the arithmetic operations and every params
           you use, so the same term written more compactly is preferred.
        4. OPTIMIZATION STRATEGY:{PARETO_FRONTIER_PLACEHOLDER}
    """
    f1_t_pred = params[0] * d_axis(f1, 0, 2) + params[1] * d_axis(f1 * (1 - f1) * np.sin(params[2] * x[:, 0:1] + params[4]), 0, 1) + params[3] * f1 * (1 - f1)

    return f1_t_pred
------------------------------------------------------
MSE          : 2.56e-13
Complexity   : 22
Sample time  : 2.0599895119667053
Evaluate time: 6.288509368896484
Sample orders: 82
======================================================


================= Evaluated Function =================
def equation(x: np.ndarray, f1: np.ndarray, params: np.ndarray, d_axis: callable) -> np.ndarray:
    """ Mathematical function for the RHS of an unknown 1D PDE.

    Args:
        x: spatial coordinate grid, shape (Nx, 1).
        f1: the measured field, shape (Nx, Nt).
        params: a fixed-length array of exactly 5 entries. Use only indices 0..4.
        d_axis: spatial derivative. Call d_axis(field, axis, order); axis=0 is x1.

    Return:
        `f1_t_pred`, a numpy array with the grid shape.

    STRICT CONSTRAINT:
        1. SPATIAL DERIVATIVES & MATH: you are a physicist discovering a PDE. Use ONLY
           the provided d_axis(field, axis, order) for derivatives (max order 4), with
           axis=0 for the single spatial coordinate x1. For mathematical functions you
           are STRICTLY LIMITED to np.sin, np.cos, np.tanh and np.exp. Do not call any
           other np.* routine, do not import anything, and do not write numerical
           algorithms. Ordinary arithmetic (+ - * / **) and params[0..4] are free.
        2. OUTPUT FORMAT: write the complete formula, assign it to f1_t_pred, and
           strictly end with return f1_t_pred. No placeholders. Mind the shapes: x is
           (Nx, 1) and f1 is (Nx, Nt), so a coordinate factor must broadcast against
           f1 -- write x or x[:, 0:1], never x[:, 0].
        3. PARETO EVOLUTION: the frontier trades MSE against complexity. Complexity
           counts the derivative calls, the arithmetic operations and every params
           you use, so the same term written more compactly is preferred.
        4. OPTIMIZATION STRATEGY:{PARETO_FRONTIER_PLACEHOLDER}
    """
    f1_t_pred = params[0] * d_axis(f1, 0, 2) + params[1] * d_axis(f1 * (1 - f1) * np.sin(params[2] * x[:, 0:1] + params[4]), 0, 1) + params[3] * f1 * (1 - f1)

    return f1_t_pred
------------------------------------------------------
MSE          : 2.56e-13
Complexity   : 22
Sample time  : 2.0599895119667053
Evaluate time: 6.07741904258728
Sample orders: 83
======================================================


🚫 [UNPARSABLE] the reply carried no executable body; draw dropped
✅ [EVALUATED] MSE: 2.56e-13 | Params: [ 0.100001  0.500005  0.999995  1.       -1.570787]
================= Evaluated Function =================
def equation(x: np.ndarray, f1: np.ndarray, params: np.ndarray, d_axis: callable) -> np.ndarray:
    """ Mathematical function for the RHS of an unknown 1D PDE.

    Args:
        x: spatial coordinate grid, shape (Nx, 1).
        f1: the measured field, shape (Nx, Nt).
        params: a fixed-length array of exactly 5 entries. Use only indices 0..4.
        d_axis: spatial derivative. Call d_axis(field, axis, order); axis=0 is x1.

    Return:
        `f1_t_pred`, a numpy array with the grid shape.

    STRICT CONSTRAINT:
        1. SPATIAL DERIVATIVES & MATH: you are a physicist discovering a PDE. Use ONLY
           the provided d_axis(field, axis, order) for derivatives (max order 4), with
           axis=0 for the single spatial coordinate x1. For mathematical functions you
           are STRICTLY LIMITED to np.sin, np.cos, np.tanh and np.exp. Do not call any
           other np.* routine, do not import anything, and do not write numerical
           algorithms. Ordinary arithmetic (+ - * / **) and params[0..4] are free.
        2. OUTPUT FORMAT: write the complete formula, assign it to f1_t_pred, and
           strictly end with return f1_t_pred. No placeholders. Mind the shapes: x is
           (Nx, 1) and f1 is (Nx, Nt), so a coordinate factor must broadcast against
           f1 -- write x or x[:, 0:1], never x[:, 0].
        3. PARETO EVOLUTION: the frontier trades MSE against complexity. Complexity
           counts the derivative calls, the arithmetic operations and every params
           you use, so the same term written more compactly is preferred.
        4. OPTIMIZATION STRATEGY:{PARETO_FRONTIER_PLACEHOLDER}
    """
    f1_t_pred = params[0] * d_axis(f1, 0, 2) + params[1] * d_axis(f1 * (1 - f1) * np.sin(params[2] * x[:, 0:1] + params[4]), 0, 1) + params[3] * f1 * (1 - f1)

    return f1_t_pred
------------------------------------------------------
MSE          : 2.56e-13
Complexity   : 22
Sample time  : 1.9345020651817322
Evaluate time: 5.865372180938721
Sample orders: 85
======================================================


🚫 [UNPARSABLE] the reply carried no executable body; draw dropped
✅ [EVALUATED] MSE: 2.56e-13 | Params: [ 0.100001  0.500005  0.999995  1.       -1.570787]
✅ [EVALUATED] MSE: 2.56e-13 | Params: [ 0.100001  0.500005  0.999995  1.       -1.570787]
================= Evaluated Function =================
def equation(x: np.ndarray, f1: np.ndarray, params: np.ndarray, d_axis: callable) -> np.ndarray:
    """ Mathematical function for the RHS of an unknown 1D PDE.

    Args:
        x: spatial coordinate grid, shape (Nx, 1).
        f1: the measured field, shape (Nx, Nt).
        params: a fixed-length array of exactly 5 entries. Use only indices 0..4.
        d_axis: spatial derivative. Call d_axis(field, axis, order); axis=0 is x1.

    Return:
        `f1_t_pred`, a numpy array with the grid shape.

    STRICT CONSTRAINT:
        1. SPATIAL DERIVATIVES & MATH: you are a physicist discovering a PDE. Use ONLY
           the provided d_axis(field, axis, order) for derivatives (max order 4), with
           axis=0 for the single spatial coordinate x1. For mathematical functions you
           are STRICTLY LIMITED to np.sin, np.cos, np.tanh and np.exp. Do not call any
           other np.* routine, do not import anything, and do not write numerical
           algorithms. Ordinary arithmetic (+ - * / **) and params[0..4] are free.
        2. OUTPUT FORMAT: write the complete formula, assign it to f1_t_pred, and
           strictly end with return f1_t_pred. No placeholders. Mind the shapes: x is
           (Nx, 1) and f1 is (Nx, Nt), so a coordinate factor must broadcast against
           f1 -- write x or x[:, 0:1], never x[:, 0].
        3. PARETO EVOLUTION: the frontier trades MSE against complexity. Complexity
           counts the derivative calls, the arithmetic operations and every params
           you use, so the same term written more compactly is preferred.
        4. OPTIMIZATION STRATEGY:{PARETO_FRONTIER_PLACEHOLDER}
    """
    f1_t_pred = params[0] * d_axis(f1, 0, 2) + params[1] * d_axis(f1 * (1 - f1) * np.sin(params[2] * x[:, 0:1] + params[4]), 0, 1) + params[3] * f1 * (1 - f1)

    return f1_t_pred
------------------------------------------------------
MSE          : 2.56e-13
Complexity   : 22
Sample time  : 1.9345020651817322
Evaluate time: 5.386897087097168
Sample orders: 87
======================================================


================= Evaluated Function =================
def equation(x: np.ndarray, f1: np.ndarray, params: np.ndarray, d_axis: callable) -> np.ndarray:
    """ Mathematical function for the RHS of an unknown 1D PDE.

    Args:
        x: spatial coordinate grid, shape (Nx, 1).
        f1: the measured field, shape (Nx, Nt).
        params: a fixed-length array of exactly 5 entries. Use only indices 0..4.
        d_axis: spatial derivative. Call d_axis(field, axis, order); axis=0 is x1.

    Return:
        `f1_t_pred`, a numpy array with the grid shape.

    STRICT CONSTRAINT:
        1. SPATIAL DERIVATIVES & MATH: you are a physicist discovering a PDE. Use ONLY
           the provided d_axis(field, axis, order) for derivatives (max order 4), with
           axis=0 for the single spatial coordinate x1. For mathematical functions you
           are STRICTLY LIMITED to np.sin, np.cos, np.tanh and np.exp. Do not call any
           other np.* routine, do not import anything, and do not write numerical
           algorithms. Ordinary arithmetic (+ - * / **) and params[0..4] are free.
        2. OUTPUT FORMAT: write the complete formula, assign it to f1_t_pred, and
           strictly end with return f1_t_pred. No placeholders. Mind the shapes: x is
           (Nx, 1) and f1 is (Nx, Nt), so a coordinate factor must broadcast against
           f1 -- write x or x[:, 0:1], never x[:, 0].
        3. PARETO EVOLUTION: the frontier trades MSE against complexity. Complexity
           counts the derivative calls, the arithmetic operations and every params
           you use, so the same term written more compactly is preferred.
        4. OPTIMIZATION STRATEGY:{PARETO_FRONTIER_PLACEHOLDER}
    """
    f1_t_pred = params[0] * d_axis(f1, 0, 2) + params[1] * d_axis(f1 * (1 - f1) * np.sin(params[2] * x[:, 0:1] + params[4]), 0, 1) + params[3] * f1 * (1 - f1)

    return f1_t_pred
------------------------------------------------------
MSE          : 2.56e-13
Complexity   : 22
Sample time  : 1.9345020651817322
Evaluate time: 4.936130046844482
Sample orders: 88
======================================================


🚫 [UNPARSABLE] the reply carried no executable body; draw dropped
✅ [EVALUATED] MSE: 2.56e-13 | Params: [ 0.100001  0.500005  0.999995  1.       -1.570787]
✅ [EVALUATED] MSE: 2.56e-13 | Params: [ 0.100001  0.500005  0.999995  1.       -1.570787]
✅ [EVALUATED] MSE: 2.56e-13 | Params: [ 0.100001  0.500005  0.999995  1.       -1.570787]
✅ [EVALUATED] MSE: 2.56e-13 | Params: [ 0.100001  0.500005  0.999995  1.       -1.570787]
================= Evaluated Function =================
def equation(x: np.ndarray, f1: np.ndarray, params: np.ndarray, d_axis: callable) -> np.ndarray:
    """ Mathematical function for the RHS of an unknown 1D PDE.

    Args:
        x: spatial coordinate grid, shape (Nx, 1).
        f1: the measured field, shape (Nx, Nt).
        params: a fixed-length array of exactly 5 entries. Use only indices 0..4.
        d_axis: spatial derivative. Call d_axis(field, axis, order); axis=0 is x1.

    Return:
        `f1_t_pred`, a numpy array with the grid shape.

    STRICT CONSTRAINT:
        1. SPATIAL DERIVATIVES & MATH: you are a physicist discovering a PDE. Use ONLY
           the provided d_axis(field, axis, order) for derivatives (max order 4), with
           axis=0 for the single spatial coordinate x1. For mathematical functions you
           are STRICTLY LIMITED to np.sin, np.cos, np.tanh and np.exp. Do not call any
           other np.* routine, do not import anything, and do not write numerical
           algorithms. Ordinary arithmetic (+ - * / **) and params[0..4] are free.
        2. OUTPUT FORMAT: write the complete formula, assign it to f1_t_pred, and
           strictly end with return f1_t_pred. No placeholders. Mind the shapes: x is
           (Nx, 1) and f1 is (Nx, Nt), so a coordinate factor must broadcast against
           f1 -- write x or x[:, 0:1], never x[:, 0].
        3. PARETO EVOLUTION: the frontier trades MSE against complexity. Complexity
           counts the derivative calls, the arithmetic operations and every params
           you use, so the same term written more compactly is preferred.
        4. OPTIMIZATION STRATEGY:{PARETO_FRONTIER_PLACEHOLDER}
    """
    f1_t_pred = params[0] * d_axis(f1, 0, 2) + params[1] * d_axis(f1 * (1 - f1) * np.sin(params[2] * x[:, 0:1] + params[4]), 0, 1) + params[3] * f1 * (1 - f1)

    return f1_t_pred
------------------------------------------------------
MSE          : 2.56e-13
Complexity   : 22
Sample time  : 2.0445140600204468
Evaluate time: 5.277080774307251
Sample orders: 90
======================================================


================= Evaluated Function =================
def equation(x: np.ndarray, f1: np.ndarray, params: np.ndarray, d_axis: callable) -> np.ndarray:
    """ Mathematical function for the RHS of an unknown 1D PDE.

    Args:
        x: spatial coordinate grid, shape (Nx, 1).
        f1: the measured field, shape (Nx, Nt).
        params: a fixed-length array of exactly 5 entries. Use only indices 0..4.
        d_axis: spatial derivative. Call d_axis(field, axis, order); axis=0 is x1.

    Return:
        `f1_t_pred`, a numpy array with the grid shape.

    STRICT CONSTRAINT:
        1. SPATIAL DERIVATIVES & MATH: you are a physicist discovering a PDE. Use ONLY
           the provided d_axis(field, axis, order) for derivatives (max order 4), with
           axis=0 for the single spatial coordinate x1. For mathematical functions you
           are STRICTLY LIMITED to np.sin, np.cos, np.tanh and np.exp. Do not call any
           other np.* routine, do not import anything, and do not write numerical
           algorithms. Ordinary arithmetic (+ - * / **) and params[0..4] are free.
        2. OUTPUT FORMAT: write the complete formula, assign it to f1_t_pred, and
           strictly end with return f1_t_pred. No placeholders. Mind the shapes: x is
           (Nx, 1) and f1 is (Nx, Nt), so a coordinate factor must broadcast against
           f1 -- write x or x[:, 0:1], never x[:, 0].
        3. PARETO EVOLUTION: the frontier trades MSE against complexity. Complexity
           counts the derivative calls, the arithmetic operations and every params
           you use, so the same term written more compactly is preferred.
        4. OPTIMIZATION STRATEGY:{PARETO_FRONTIER_PLACEHOLDER}
    """
    f1_t_pred = params[0] * d_axis(f1, 0, 2) + params[1] * d_axis(f1 * (1 - f1) * np.sin(params[2] * x[:, 0:1] + params[4]), 0, 1) + params[3] * f1 * (1 - f1)

    return f1_t_pred
------------------------------------------------------
MSE          : 2.56e-13
Complexity   : 22
Sample time  : 2.0445140600204468
Evaluate time: 5.528666734695435
Sample orders: 91
======================================================


================= Evaluated Function =================
def equation(x: np.ndarray, f1: np.ndarray, params: np.ndarray, d_axis: callable) -> np.ndarray:
    """ Mathematical function for the RHS of an unknown 1D PDE.

    Args:
        x: spatial coordinate grid, shape (Nx, 1).
        f1: the measured field, shape (Nx, Nt).
        params: a fixed-length array of exactly 5 entries. Use only indices 0..4.
        d_axis: spatial derivative. Call d_axis(field, axis, order); axis=0 is x1.

    Return:
        `f1_t_pred`, a numpy array with the grid shape.

    STRICT CONSTRAINT:
        1. SPATIAL DERIVATIVES & MATH: you are a physicist discovering a PDE. Use ONLY
           the provided d_axis(field, axis, order) for derivatives (max order 4), with
           axis=0 for the single spatial coordinate x1. For mathematical functions you
           are STRICTLY LIMITED to np.sin, np.cos, np.tanh and np.exp. Do not call any
           other np.* routine, do not import anything, and do not write numerical
           algorithms. Ordinary arithmetic (+ - * / **) and params[0..4] are free.
        2. OUTPUT FORMAT: write the complete formula, assign it to f1_t_pred, and
           strictly end with return f1_t_pred. No placeholders. Mind the shapes: x is
           (Nx, 1) and f1 is (Nx, Nt), so a coordinate factor must broadcast against
           f1 -- write x or x[:, 0:1], never x[:, 0].
        3. PARETO EVOLUTION: the frontier trades MSE against complexity. Complexity
           counts the derivative calls, the arithmetic operations and every params
           you use, so the same term written more compactly is preferred.
        4. OPTIMIZATION STRATEGY:{PARETO_FRONTIER_PLACEHOLDER}
    """
    f1_t_pred = params[0] * d_axis(f1, 0, 2) + params[1] * d_axis(f1 * (1 - f1) * np.sin(params[2] * x[:, 0:1] + params[4]), 0, 1) + params[3] * f1 * (1 - f1)

    return f1_t_pred
------------------------------------------------------
MSE          : 2.56e-13
Complexity   : 22
Sample time  : 2.0445140600204468
Evaluate time: 5.795182943344116
Sample orders: 92
======================================================


================= Evaluated Function =================
def equation(x: np.ndarray, f1: np.ndarray, params: np.ndarray, d_axis: callable) -> np.ndarray:
    """ Mathematical function for the RHS of an unknown 1D PDE.

    Args:
        x: spatial coordinate grid, shape (Nx, 1).
        f1: the measured field, shape (Nx, Nt).
        params: a fixed-length array of exactly 5 entries. Use only indices 0..4.
        d_axis: spatial derivative. Call d_axis(field, axis, order); axis=0 is x1.

    Return:
        `f1_t_pred`, a numpy array with the grid shape.

    STRICT CONSTRAINT:
        1. SPATIAL DERIVATIVES & MATH: you are a physicist discovering a PDE. Use ONLY
           the provided d_axis(field, axis, order) for derivatives (max order 4), with
           axis=0 for the single spatial coordinate x1. For mathematical functions you
           are STRICTLY LIMITED to np.sin, np.cos, np.tanh and np.exp. Do not call any
           other np.* routine, do not import anything, and do not write numerical
           algorithms. Ordinary arithmetic (+ - * / **) and params[0..4] are free.
        2. OUTPUT FORMAT: write the complete formula, assign it to f1_t_pred, and
           strictly end with return f1_t_pred. No placeholders. Mind the shapes: x is
           (Nx, 1) and f1 is (Nx, Nt), so a coordinate factor must broadcast against
           f1 -- write x or x[:, 0:1], never x[:, 0].
        3. PARETO EVOLUTION: the frontier trades MSE against complexity. Complexity
           counts the derivative calls, the arithmetic operations and every params
           you use, so the same term written more compactly is preferred.
        4. OPTIMIZATION STRATEGY:{PARETO_FRONTIER_PLACEHOLDER}
    """
    f1_t_pred = params[0] * d_axis(f1, 0, 2) + params[1] * d_axis(f1 * (1 - f1) * np.sin(params[2] * x[:, 0:1] + params[4]), 0, 1) + params[3] * f1 * (1 - f1)

    return f1_t_pred✅ [EVALUATED] MSE: 2.56e-13 | Params: [ 0.100001  0.500005  0.999995  1.       -1.570787]
✅ [EVALUATED] MSE: 2.56e-13 | Params: [ 0.100001  0.500005  0.999995  1.       -1.570787]
✅ [EVALUATED] MSE: 2.56e-13 | Params: [ 0.100001  0.500005  0.999995  1.       -1.570787]
✅ [EVALUATED] MSE: 2.56e-13 | Params: [ 0.100001  0.500005  0.999995  1.       -1.570787]

------------------------------------------------------
MSE          : 2.56e-13
Complexity   : 22
Sample time  : 1.6848697066307068
Evaluate time: 5.679819583892822
Sample orders: 93
======================================================


================= Evaluated Function =================
def equation(x: np.ndarray, f1: np.ndarray, params: np.ndarray, d_axis: callable) -> np.ndarray:
    """ Mathematical function for the RHS of an unknown 1D PDE.

    Args:
        x: spatial coordinate grid, shape (Nx, 1).
        f1: the measured field, shape (Nx, Nt).
        params: a fixed-length array of exactly 5 entries. Use only indices 0..4.
        d_axis: spatial derivative. Call d_axis(field, axis, order); axis=0 is x1.

    Return:
        `f1_t_pred`, a numpy array with the grid shape.

    STRICT CONSTRAINT:
        1. SPATIAL DERIVATIVES & MATH: you are a physicist discovering a PDE. Use ONLY
           the provided d_axis(field, axis, order) for derivatives (max order 4), with
           axis=0 for the single spatial coordinate x1. For mathematical functions you
           are STRICTLY LIMITED to np.sin, np.cos, np.tanh and np.exp. Do not call any
           other np.* routine, do not import anything, and do not write numerical
           algorithms. Ordinary arithmetic (+ - * / **) and params[0..4] are free.
        2. OUTPUT FORMAT: write the complete formula, assign it to f1_t_pred, and
           strictly end with return f1_t_pred. No placeholders. Mind the shapes: x is
           (Nx, 1) and f1 is (Nx, Nt), so a coordinate factor must broadcast against
           f1 -- write x or x[:, 0:1], never x[:, 0].
        3. PARETO EVOLUTION: the frontier trades MSE against complexity. Complexity
           counts the derivative calls, the arithmetic operations and every params
           you use, so the same term written more compactly is preferred.
        4. OPTIMIZATION STRATEGY:{PARETO_FRONTIER_PLACEHOLDER}
    """
    f1_t_pred = params[0] * d_axis(f1, 0, 2) + params[1] * d_axis(f1 * (1 - f1) * np.sin(params[2] * x[:, 0:1] + params[4]), 0, 1) + params[3] * f1 * (1 - f1)

    return f1_t_pred
------------------------------------------------------
MSE          : 2.56e-13
Complexity   : 22
Sample time  : 1.6848697066307068
Evaluate time: 5.566720485687256
Sample orders: 94
======================================================


================= Evaluated Function =================
def equation(x: np.ndarray, f1: np.ndarray, params: np.ndarray, d_axis: callable) -> np.ndarray:
    """ Mathematical function for the RHS of an unknown 1D PDE.

    Args:
        x: spatial coordinate grid, shape (Nx, 1).
        f1: the measured field, shape (Nx, Nt).
        params: a fixed-length array of exactly 5 entries. Use only indices 0..4.
        d_axis: spatial derivative. Call d_axis(field, axis, order); axis=0 is x1.

    Return:
        `f1_t_pred`, a numpy array with the grid shape.

    STRICT CONSTRAINT:
        1. SPATIAL DERIVATIVES & MATH: you are a physicist discovering a PDE. Use ONLY
           the provided d_axis(field, axis, order) for derivatives (max order 4), with
           axis=0 for the single spatial coordinate x1. For mathematical functions you
           are STRICTLY LIMITED to np.sin, np.cos, np.tanh and np.exp. Do not call any
           other np.* routine, do not import anything, and do not write numerical
           algorithms. Ordinary arithmetic (+ - * / **) and params[0..4] are free.
        2. OUTPUT FORMAT: write the complete formula, assign it to f1_t_pred, and
           strictly end with return f1_t_pred. No placeholders. Mind the shapes: x is
           (Nx, 1) and f1 is (Nx, Nt), so a coordinate factor must broadcast against
           f1 -- write x or x[:, 0:1], never x[:, 0].
        3. PARETO EVOLUTION: the frontier trades MSE against complexity. Complexity
           counts the derivative calls, the arithmetic operations and every params
           you use, so the same term written more compactly is preferred.
        4. OPTIMIZATION STRATEGY:{PARETO_FRONTIER_PLACEHOLDER}
    """
    # Diffusion term: second-order smoothing
    diffusion = params[0] * d_axis(f1, 0, 2)

    # Self-limiting drift with periodic modulation
    # Drift coefficient: f1*(1-f1) vanishes at empty (f1=0) and full (f1=1)
    # Periodic modulation: sin(k*x + phase) with alternating direction
    drift_flux = f1 * (1 - f1) * np.sin(params[2] * x[:, 0:1] + params[4])
    drift = params[1] * d_axis(drift_flux, 0, 1)

    # Logistic reaction term: adds where room, removes where overfull
    reaction = params[3] * f1 * (1 - f1)

    f1_t_pred = diffusion + drift + reaction

    return f1_t_pred
------------------------------------------------------
MSE          : 2.56e-13
Complexity   : 29
Sample time  : 1.6848697066307068
Evaluate time: 5.387439489364624
Sample orders: 95
======================================================


================= Evaluated Function =================
def equation(x: np.ndarray, f1: np.ndarray, params: np.ndarray, d_axis: callable) -> np.ndarray:
    """ Mathematical function for the RHS of an unknown 1D PDE.

    Args:
        x: spatial coordinate grid, shape (Nx, 1).
        f1: the measured field, shape (Nx, Nt).
        params: a fixed-length array of exactly 5 entries. Use only indices 0..4.
        d_axis: spatial derivative. Call d_axis(field, axis, order); axis=0 is x1.

    Return:
        `f1_t_pred`, a numpy array with the grid shape.

    STRICT CONSTRAINT:
        1. SPATIAL DERIVATIVES & MATH: you are a physicist discovering a PDE. Use ONLY
           the provided d_axis(field, axis, order) for derivatives (max order 4), with
           axis=0 for the single spatial coordinate x1. For mathematical functions you
           are STRICTLY LIMITED to np.sin, np.cos, np.tanh and np.exp. Do not call any
           other np.* routine, do not import anything, and do not write numerical
           algorithms. Ordinary arithmetic (+ - * / **) and params[0..4] are free.
        2. OUTPUT FORMAT: write the complete formula, assign it to f1_t_pred, and
           strictly end with return f1_t_pred. No placeholders. Mind the shapes: x is
           (Nx, 1) and f1 is (Nx, Nt), so a coordinate factor must broadcast against
           f1 -- write x or x[:, 0:1], never x[:, 0].
        3. PARETO EVOLUTION: the frontier trades MSE against complexity. Complexity
           counts the derivative calls, the arithmetic operations and every params
           you use, so the same term written more compactly is preferred.
        4. OPTIMIZATION STRATEGY:{PARETO_FRONTIER_PLACEHOLDER}
    """
    f1_t_pred = params[0] * d_axis(f1, 0, 2) + params[1] * d_axis(f1 * (1 - f1) * np.sin(params[2] * x[:, 0:1] + params[4]), 0, 1) + params[3] * f1 * (1 - f1)

    return f1_t_pred
------------------------------------------------------
MSE          : 2.56e-13
Complexity   : 22
Sample time  : 1.6848697066307068
Evaluate time: 5.252352237701416
Sample orders: 96
======================================================


================= Evaluated Function =================
def equation(x: np.ndarray, f1: np.ndarray, params: np.ndarray, d_axis: callable) -> np.ndarray:
    """ Mathematical function for the RHS of an unknown 1D PDE.

    Args:
        x: spatial coordinate grid, shape (Nx, 1).
        f1: the measured field, shape (Nx, Nt).
        params: a fixed-length array of exactly 5 entries. Use only indices 0..4.
        d_axis: spatial derivative. Call d_axis(field, axis, order); axis=0 is x1.

    Return:
        `f1_t_pred`, a numpy array with the grid shape.

    STRICT CONSTRAINT:
        1. SPATIAL DERIVATIVES & MATH: you are a physicist discovering a PDE. Use ONLY
           the provided d_axis(field, axis, order) for derivatives (max order 4), with
           axis=0 for the single spatial coordinate x1. For mathematical functions you
           are STRICTLY LIMITED to np.sin, np.cos, np.tanh and np.exp. Do not call any
           other np.* routine, do not import anything, and do not write numerical
           algorithms. Ordinary arithmetic (+ - * / **) and params[0..4] are free.
        2. OUTPUT FORMAT: write the complete formula, assign it to f1_t_pred, and
           strictly end with return f1_t_pred. No placeholders. Mind the shapes: x is
           (Nx, 1) and f1 is (Nx, Nt), so a coordinate factor must broadcast against
           f1 -- write x or x[:, 0:1], never x[:, 0].
        3. PARETO EVOLUTION: the frontier trades MSE against complexity. Complexity
           counts the derivative calls, the arithmetic operations and every params
           you use, so the same term written more compactly is preferred.
        4. OPTIMIZATION STRATEGY:{PARETO_FRONTIER_PLACEHOLDER}
    """
    f1_t_pred = params[0] * d_axis(f1, 0, 2) + params[1] * d_axis(f1 * (1 - f1) * np.sin(params[2] * x[:, 0:1] + params[4]), 0, 1) + params[3] * f1 * (1 - f1)

    return f1_t_pred✅ [EVALUATED] MSE: 2.56e-13 | Params: [ 0.100001  0.500005  0.999995  1.       -1.570787]
✅ [EVALUATED] MSE: 2.56e-13 | Params: [ 0.100001  0.500005  0.999995  1.       -1.570787]
✅ [EVALUATED] MSE: 2.56e-13 | Params: [ 0.100001  0.500005  0.999995  1.       -1.570787]

------------------------------------------------------
MSE          : 2.56e-13
Complexity   : 22
Sample time  : 5.709786236286163
Evaluate time: 5.6470324993133545
Sample orders: 97
======================================================


================= Evaluated Function =================
def equation(x: np.ndarray, f1: np.ndarray, params: np.ndarray, d_axis: callable) -> np.ndarray:
    """ Mathematical function for the RHS of an unknown 1D PDE.

    Args:
        x: spatial coordinate grid, shape (Nx, 1).
        f1: the measured field, shape (Nx, Nt).
        params: a fixed-length array of exactly 5 entries. Use only indices 0..4.
        d_axis: spatial derivative. Call d_axis(field, axis, order); axis=0 is x1.

    Return:
        `f1_t_pred`, a numpy array with the grid shape.

    STRICT CONSTRAINT:
        1. SPATIAL DERIVATIVES & MATH: you are a physicist discovering a PDE. Use ONLY
           the provided d_axis(field, axis, order) for derivatives (max order 4), with
           axis=0 for the single spatial coordinate x1. For mathematical functions you
           are STRICTLY LIMITED to np.sin, np.cos, np.tanh and np.exp. Do not call any
           other np.* routine, do not import anything, and do not write numerical
           algorithms. Ordinary arithmetic (+ - * / **) and params[0..4] are free.
        2. OUTPUT FORMAT: write the complete formula, assign it to f1_t_pred, and
           strictly end with return f1_t_pred. No placeholders. Mind the shapes: x is
           (Nx, 1) and f1 is (Nx, Nt), so a coordinate factor must broadcast against
           f1 -- write x or x[:, 0:1], never x[:, 0].
        3. PARETO EVOLUTION: the frontier trades MSE against complexity. Complexity
           counts the derivative calls, the arithmetic operations and every params
           you use, so the same term written more compactly is preferred.
        4. OPTIMIZATION STRATEGY:{PARETO_FRONTIER_PLACEHOLDER}
    """
    f1_t_pred = params[0] * d_axis(f1, 0, 2) + params[1] * d_axis(f1 * (1 - f1) * np.sin(params[2] * x[:, 0:1] + params[4]), 0, 1) + params[3] * f1 * (1 - f1)

    return f1_t_pred
------------------------------------------------------
MSE          : 2.56e-13
Complexity   : 22
Sample time  : 5.709786236286163
Evaluate time: 5.79321813583374
Sample orders: 98
======================================================


================= Evaluated Function =================
def equation(x: np.ndarray, f1: np.ndarray, params: np.ndarray, d_axis: callable) -> np.ndarray:
    """ Mathematical function for the RHS of an unknown 1D PDE.

    Args:
        x: spatial coordinate grid, shape (Nx, 1).
        f1: the measured field, shape (Nx, Nt).
        params: a fixed-length array of exactly 5 entries. Use only indices 0..4.
        d_axis: spatial derivative. Call d_axis(field, axis, order); axis=0 is x1.

    Return:
        `f1_t_pred`, a numpy array with the grid shape.

    STRICT CONSTRAINT:
        1. SPATIAL DERIVATIVES & MATH: you are a physicist discovering a PDE. Use ONLY
           the provided d_axis(field, axis, order) for derivatives (max order 4), with
           axis=0 for the single spatial coordinate x1. For mathematical functions you
           are STRICTLY LIMITED to np.sin, np.cos, np.tanh and np.exp. Do not call any
           other np.* routine, do not import anything, and do not write numerical
           algorithms. Ordinary arithmetic (+ - * / **) and params[0..4] are free.
        2. OUTPUT FORMAT: write the complete formula, assign it to f1_t_pred, and
           strictly end with return f1_t_pred. No placeholders. Mind the shapes: x is
           (Nx, 1) and f1 is (Nx, Nt), so a coordinate factor must broadcast against
           f1 -- write x or x[:, 0:1], never x[:, 0].
        3. PARETO EVOLUTION: the frontier trades MSE against complexity. Complexity
           counts the derivative calls, the arithmetic operations and every params
           you use, so the same term written more compactly is preferred.
        4. OPTIMIZATION STRATEGY:{PARETO_FRONTIER_PLACEHOLDER}
    """
    f1_t_pred = params[0] * d_axis(f1, 0, 2) + params[1] * d_axis(f1 * (1 - f1) * np.sin(params[2] * x[:, 0:1] + params[4]), 0, 1) + params[3] * f1 * (1 - f1)

    return f1_t_pred
------------------------------------------------------
MSE          : 2.56e-13
Complexity   : 22
Sample time  : 5.709786236286163
Evaluate time: 5.566219091415405
Sample orders: 99
======================================================


================= Evaluated Function =================
def equation(x: np.ndarray, f1: np.ndarray, params: np.ndarray, d_axis: callable) -> np.ndarray:
    """ Mathematical function for the RHS of an unknown 1D PDE.

    Args:
        x: spatial coordinate grid, shape (Nx, 1).
        f1: the measured field, shape (Nx, Nt).
        params: a fixed-length array of exactly 5 entries. Use only indices 0..4.
        d_axis: spatial derivative. Call d_axis(field, axis, order); axis=0 is x1.

    Return:
        `f1_t_pred`, a numpy array with the grid shape.

    STRICT CONSTRAINT:
        1. SPATIAL DERIVATIVES & MATH: you are a physicist discovering a PDE. Use ONLY
           the provided d_axis(field, axis, order) for derivatives (max order 4), with
           axis=0 for the single spatial coordinate x1. For mathematical functions you
           are STRICTLY LIMITED to np.sin, np.cos, np.tanh and np.exp. Do not call any
           other np.* routine, do not import anything, and do not write numerical
           algorithms. Ordinary arithmetic (+ - * / **) and params[0..4] are free.
        2. OUTPUT FORMAT: write the complete formula, assign it to f1_t_pred, and
           strictly end with return f1_t_pred. No placeholders. Mind the shapes: x is
           (Nx, 1) and f1 is (Nx, Nt), so a coordinate factor must broadcast against
           f1 -- write x or x[:, 0:1], never x[:, 0].
        3. PARETO EVOLUTION: the frontier trades MSE against complexity. Complexity
           counts the derivative calls, the arithmetic operations and every params
           you use, so the same term written more compactly is preferred.
        4. OPTIMIZATION STRATEGY:{PARETO_FRONTIER_PLACEHOLDER}
    """
    f1_t_pred = params[0] * d_axis(f1, 0, 2) + params[1] * d_axis(f1 * (1 - f1) * np.sin(params[2] * x[:, 0:1] + params[4]), 0, 1) + params[3] * f1 * (1 - f1)

    return f1_t_pred
------------------------------------------------------
MSE          : 2.56e-13
Complexity   : 22
Sample time  : 5.709786236286163
Evaluate time: 5.68310546875
Sample orders: 100
======================================================



==================================================
🎉 Evolution Finished! Final Pareto Frontier:
[1] MSE: 2.56e-13 | Complexity: 22
f1_t_pred = params[0] * d_axis(f1, 0, 2) + params[1] * d_axis(f1 * (1 - f1) * np.sin(params[2] * x[:, 0:1] + params[4]), 0, 1) + params[3] * f1 * (1 - f1)

    return f1_t_pred

[2] MSE: 2.56e-13 | Complexity: 22
f1_t_pred = params[0] * d_axis(f1, 0, 2) + params[1] * d_axis(f1 * (1 - f1) * np.sin(params[2] * x[:, 0:1] + params[4]), 0, 1) + params[3] * f1 * (1 - f1)

    return f1_t_pred

[3] MSE: 2.56e-13 | Complexity: 22
f1_t_pred = params[0] * d_axis(f1, 0, 2) + params[1] * d_axis(f1 * (1 - f1) * np.sin(params[2] * x[:, 0:1] + params[4]), 0, 1) + params[3] * f1 * (1 - f1)

    return f1_t_pred

[4] MSE: 2.56e-13 | Complexity: 22
f1_t_pred = params[0] * d_axis(f1, 0, 2) + params[1] * d_axis(f1 * (1 - f1) * np.sin(params[2] * x[:, 0:1] + params[4]), 0, 1) + params[3] * f1 * (1 - f1)

    return f1_t_pred

[5] MSE: 2.56e-13 | Complexity: 22
f1_t_pred = params[0] * d_axis(f1, 0, 2) + params[1] * d_axis(f1 * (1 - f1) * np.sin(params[2] * x[:, 0:1] + params[4]), 0, 1) + params[3] * f1 * (1 - f1)

    return f1_t_pred

[6] MSE: 2.56e-13 | Complexity: 22
f1_t_pred = params[0] * d_axis(f1, 0, 2) + params[1] * d_axis(f1 * (1 - f1) * np.sin(params[2] * x[:, 0:1] + params[4]), 0, 1) + params[3] * f1 * (1 - f1)

    return f1_t_pred

[7] MSE: 2.56e-13 | Complexity: 22
f1_t_pred = params[0] * d_axis(f1, 0, 2) + params[1] * d_axis(f1 * (1 - f1) * np.sin(params[2] * x[:, 0:1] + params[4]), 0, 1) + params[3] * f1 * (1 - f1)

    return f1_t_pred

[8] MSE: 2.56e-13 | Complexity: 22
f1_t_pred = params[0] * d_axis(f1, 0, 2) + params[1] * d_axis(f1 * (1 - f1) * np.sin(params[2] * x[:, 0:1] + params[4]), 0, 1) + params[3] * f1 * (1 - f1)

    return f1_t_pred

[9] MSE: 2.56e-13 | Complexity: 22
f1_t_pred = params[0] * d_axis(f1, 0, 2) + params[1] * d_axis(f1 * (1 - f1) * np.sin(params[2] * x[:, 0:1] + params[4]), 0, 1) + params[3] * f1 * (1 - f1)

    return f1_t_pred

[10] MSE: 2.56e-13 | Complexity: 22
f1_t_pred = params[0] * d_axis(f1, 0, 2) + params[1] * d_axis(f1 * (1 - f1) * np.sin(params[2] * x[:, 0:1] + params[4]), 0, 1) + params[3] * f1 * (1 - f1)

    return f1_t_pred

[11] MSE: 2.56e-13 | Complexity: 22
f1_t_pred = params[0] * d_axis(f1, 0, 2) + params[1] * d_axis(f1 * (1 - f1) * np.sin(params[2] * x[:, 0:1] + params[4]), 0, 1) + params[3] * f1 * (1 - f1)

    return f1_t_pred

[12] MSE: 2.56e-13 | Complexity: 22
f1_t_pred = params[0] * d_axis(f1, 0, 2) + params[1] * d_axis(f1 * (1 - f1) * np.sin(params[2] * x[:, 0:1] + params[4]), 0, 1) + params[3] * f1 * (1 - f1)

    return f1_t_pred

[13] MSE: 2.56e-13 | Complexity: 22
f1_t_pred = params[0] * d_axis(f1, 0, 2) + params[1] * d_axis(f1 * (1 - f1) * np.sin(params[2] * x[:, 0:1] + params[4]), 0, 1) + params[3] * f1 * (1 - f1)

    return f1_t_pred

[14] MSE: 2.56e-13 | Complexity: 22
f1_t_pred = params[0] * d_axis(f1, 0, 2) + params[1] * d_axis(f1 * (1 - f1) * np.sin(params[2] * x[:, 0:1] + params[4]), 0, 1) + params[3] * f1 * (1 - f1)

    return f1_t_pred

[15] MSE: 2.56e-13 | Complexity: 22
f1_t_pred = params[0] * d_axis(f1, 0, 2) + params[1] * d_axis(f1 * (1 - f1) * np.sin(params[2] * x[:, 0:1] + params[4]), 0, 1) + params[3] * f1 * (1 - f1)

    return f1_t_pred

[16] MSE: 2.56e-13 | Complexity: 22
f1_t_pred = params[0] * d_axis(f1, 0, 2) + params[1] * d_axis(f1 * (1 - f1) * np.sin(params[2] * x[:, 0:1] + params[4]), 0, 1) + params[3] * f1 * (1 - f1)

    return f1_t_pred

[17] MSE: 2.56e-13 | Complexity: 22
f1_t_pred = params[0] * d_axis(f1, 0, 2) + params[1] * d_axis(f1 * (1 - f1) * np.sin(params[2] * x[:, 0:1] + params[4]), 0, 1) + params[3] * f1 * (1 - f1)

    return f1_t_pred

[18] MSE: 2.56e-13 | Complexity: 22
f1_t_pred = params[0] * d_axis(f1, 0, 2) + params[1] * d_axis(f1 * (1 - f1) * np.sin(params[2] * x[:, 0:1] + params[4]), 0, 1) + params[3] * f1 * (1 - f1)
    return f1_t_pred

[19] MSE: 2.56e-13 | Complexity: 22
f1_t_pred = params[0] * d_axis(f1, 0, 2) + params[1] * d_axis(f1 * (1 - f1) * np.sin(params[2] * x[:, 0:1] + params[4]), 0, 1) + params[3] * f1 * (1 - f1)

    return f1_t_pred

[20] MSE: 2.56e-13 | Complexity: 22
f1_t_pred = params[0] * d_axis(f1, 0, 2) + params[1] * d_axis(f1 * (1 - f1) * np.sin(params[2] * x[:, 0:1] + params[4]), 0, 1) + params[3] * f1 * (1 - f1)

    return f1_t_pred

[21] MSE: 2.56e-13 | Complexity: 22
f1_t_pred = params[0] * d_axis(f1, 0, 2) + params[1] * d_axis(f1 * (1 - f1) * np.sin(params[2] * x[:, 0:1] + params[4]), 0, 1) + params[3] * f1 * (1 - f1)

    return f1_t_pred

[22] MSE: 2.56e-13 | Complexity: 22
f1_t_pred = params[0] * d_axis(f1, 0, 2) + params[1] * d_axis(f1 * (1 - f1) * np.sin(params[2] * x[:, 0:1] + params[4]), 0, 1) + params[3] * f1 * (1 - f1)

    return f1_t_pred

[23] MSE: 2.56e-13 | Complexity: 22
f1_t_pred = params[0] * d_axis(f1, 0, 2) + params[1] * d_axis(f1 * (1 - f1) * np.sin(params[2] * x[:, 0:1] + params[4]), 0, 1) + params[3] * f1 * (1 - f1)

    return f1_t_pred

[24] MSE: 2.56e-13 | Complexity: 22
f1_t_pred = params[0] * d_axis(f1, 0, 2) + params[1] * d_axis(f1 * (1 - f1) * np.sin(params[2] * x[:, 0:1] + params[4]), 0, 1) + params[3] * f1 * (1 - f1)

    return f1_t_pred

[25] MSE: 2.56e-13 | Complexity: 22
f1_t_pred = params[0] * d_axis(f1, 0, 2) + params[1] * d_axis(f1 * (1 - f1) * np.sin(params[2] * x[:, 0:1] + params[4]), 0, 1) + params[3] * f1 * (1 - f1)

    return f1_t_pred

[26] MSE: 2.56e-13 | Complexity: 22
f1_t_pred = params[0] * d_axis(f1, 0, 2) + params[1] * d_axis(f1 * (1 - f1) * np.sin(params[2] * x[:, 0:1] + params[4]), 0, 1) + params[3] * f1 * (1 - f1)

    return f1_t_pred

[27] MSE: 2.56e-13 | Complexity: 22
f1_t_pred = params[0] * d_axis(f1, 0, 2) + params[1] * d_axis(f1 * (1 - f1) * np.sin(params[2] * x[:, 0:1] + params[4]), 0, 1) + params[3] * f1 * (1 - f1)

    return f1_t_pred

[28] MSE: 2.56e-13 | Complexity: 22
f1_t_pred = params[0] * d_axis(f1, 0, 2) + params[1] * d_axis(f1 * (1 - f1) * np.sin(params[2] * x[:, 0:1] + params[4]), 0, 1) + params[3] * f1 * (1 - f1)

    return f1_t_pred

[29] MSE: 2.56e-13 | Complexity: 22
f1_t_pred = params[0] * d_axis(f1, 0, 2) + params[1] * d_axis(f1 * (1 - f1) * np.sin(params[2] * x[:, 0:1] + params[4]), 0, 1) + params[3] * f1 * (1 - f1)

    return f1_t_pred

[30] MSE: 2.56e-13 | Complexity: 22
f1_t_pred = params[0] * d_axis(f1, 0, 2) + params[1] * d_axis(f1 * (1 - f1) * np.sin(params[2] * x[:, 0:1] + params[4]), 0, 1) + params[3] * f1 * (1 - f1)

    return f1_t_pred

[31] MSE: 2.56e-13 | Complexity: 22
f1_t_pred = params[0] * d_axis(f1, 0, 2) + params[1] * d_axis(f1 * (1 - f1) * np.sin(params[2] * x[:, 0:1] + params[4]), 0, 1) + params[3] * f1 * (1 - f1)

    return f1_t_pred

[32] MSE: 2.56e-13 | Complexity: 22
f1_t_pred = params[0] * d_axis(f1, 0, 2) + params[1] * d_axis(f1 * (1 - f1) * np.sin(params[2] * x[:, 0:1] + params[4]), 0, 1) + params[3] * f1 * (1 - f1)

    return f1_t_pred

[33] MSE: 2.56e-13 | Complexity: 22
f1_t_pred = params[0] * d_axis(f1, 0, 2) + params[1] * d_axis(f1 * (1 - f1) * np.sin(params[2] * x[:, 0:1] + params[4]), 0, 1) + params[3] * f1 * (1 - f1)

    return f1_t_pred

[34] MSE: 2.56e-13 | Complexity: 22
f1_t_pred = params[0] * d_axis(f1, 0, 2) + params[1] * d_axis(f1 * (1 - f1) * np.sin(params[2] * x[:, 0:1] + params[4]), 0, 1) + params[3] * f1 * (1 - f1)

    return f1_t_pred

[35] MSE: 2.56e-13 | Complexity: 22
f1_t_pred = params[0] * d_axis(f1, 0, 2) + params[1] * d_axis(f1 * (1 - f1) * np.sin(params[2] * x[:, 0:1] + params[4]), 0, 1) + params[3] * f1 * (1 - f1)

    return f1_t_pred

[36] MSE: 2.56e-13 | Complexity: 22
f1_t_pred = params[0] * d_axis(f1, 0, 2) + params[1] * d_axis(f1 * (1 - f1) * np.sin(params[2] * x[:, 0:1] + params[4]), 0, 1) + params[3] * f1 * (1 - f1)

    return f1_t_pred

[37] MSE: 2.56e-13 | Complexity: 22
f1_t_pred = params[0] * d_axis(f1, 0, 2) + params[1] * d_axis(f1 * (1 - f1) * np.sin(params[2] * x[:, 0:1] + params[4]), 0, 1) + params[3] * f1 * (1 - f1)

    return f1_t_pred

[38] MSE: 2.56e-13 | Complexity: 22
f1_t_pred = params[0] * d_axis(f1, 0, 2) + params[1] * d_axis(f1 * (1 - f1) * np.sin(params[2] * x[:, 0:1] + params[4]), 0, 1) + params[3] * f1 * (1 - f1)

    return f1_t_pred

[39] MSE: 2.56e-13 | Complexity: 22
f1_t_pred = params[0] * d_axis(f1, 0, 2) + params[1] * d_axis(f1 * (1 - f1) * np.sin(params[2] * x[:, 0:1] + params[4]), 0, 1) + params[3] * f1 * (1 - f1)

    return f1_t_pred

[40] MSE: 2.56e-13 | Complexity: 22
f1_t_pred = params[0] * d_axis(f1, 0, 2) + params[1] * d_axis(f1 * (1 - f1) * np.sin(params[2] * x[:, 0:1] + params[4]), 0, 1) + params[3] * f1 * (1 - f1)

    return f1_t_pred

[41] MSE: 2.56e-13 | Complexity: 22
f1_t_pred = params[0] * d_axis(f1, 0, 2) + params[1] * d_axis(f1 * (1 - f1) * np.sin(params[2] * x[:, 0:1] + params[4]), 0, 1) + params[3] * f1 * (1 - f1)

    return f1_t_pred

[42] MSE: 2.56e-13 | Complexity: 22
f1_t_pred = params[0] * d_axis(f1, 0, 2) + params[1] * d_axis(f1 * (1 - f1) * np.sin(params[2] * x[:, 0:1] + params[4]), 0, 1) + params[3] * f1 * (1 - f1)

    return f1_t_pred

[43] MSE: 2.56e-13 | Complexity: 22
f1_t_pred = params[0] * d_axis(f1, 0, 2) + params[1] * d_axis(f1 * (1 - f1) * np.sin(params[2] * x[:, 0:1] + params[4]), 0, 1) + params[3] * f1 * (1 - f1)

    return f1_t_pred

[44] MSE: 2.56e-13 | Complexity: 22
f1_t_pred = params[0] * d_axis(f1, 0, 2) + params[1] * d_axis(f1 * (1 - f1) * np.sin(params[2] * x[:, 0:1] + params[4]), 0, 1) + params[3] * f1 * (1 - f1)

    return f1_t_pred

[45] MSE: 2.56e-13 | Complexity: 22
f1_t_pred = params[0] * d_axis(f1, 0, 2) + params[1] * d_axis(f1 * (1 - f1) * np.sin(params[2] * x[:, 0:1] + params[4]), 0, 1) + params[3] * f1 * (1 - f1)

    return f1_t_pred

[46] MSE: 2.56e-13 | Complexity: 22
f1_t_pred = params[0] * d_axis(f1, 0, 2) + params[1] * d_axis(f1 * (1 - f1) * np.sin(params[2] * x[:, 0:1] + params[4]), 0, 1) + params[3] * f1 * (1 - f1)

    return f1_t_pred

[47] MSE: 2.56e-13 | Complexity: 22
f1_t_pred = params[0] * d_axis(f1, 0, 2) + params[1] * d_axis(f1 * (1 - f1) * np.sin(params[2] * x[:, 0:1] + params[4]), 0, 1) + params[3] * f1 * (1 - f1)

    return f1_t_pred

[48] MSE: 2.56e-13 | Complexity: 22
f1_t_pred = params[0] * d_axis(f1, 0, 2) + params[1] * d_axis(f1 * (1 - f1) * np.sin(params[2] * x[:, 0:1] + params[4]), 0, 1) + params[3] * f1 * (1 - f1)

    return f1_t_pred

[49] MSE: 3.07e-04 | Complexity: 21
# Diffusion
    diffusion = params[0] * d_axis(f1, 0, 2)

    # Modulated self-limiting drift (divergence of flux)
    flux_drift = f1 * (1 - f1) * np.sin(params[2] * x[:, 0:1])
    drift = params[1] * d_axis(flux_drift, 0, 1)

    # Logistic reaction
    reaction = params[3] * f1 * (1 - f1)

    f1_t_pred = diffusion + drift + reaction

    return f1_t_pred

[50] MSE: 3.29e-03 | Complexity: 4
f1_t_pred = params[0] * d_axis(f1, 0, 2)

    return f1_t_pred

==================================================
✅ Final Pareto front successfully saved to: ..\results_chemotaxis_main\final_pareto_front.json
step 6: identifying the variable role (prior reading + best equation + classical parents) ...
role identification: matching the equation to its classical parents ...
  parent candidates: ['Fisher-KPP equation with advection (convective Fisher)', 'Burgers equation with nonlinear source (viscous Burgers with logistic reaction)', 'Allen-Cahn equation with advection (reaction-diffusion with nonlinear advection)', 'Generalized convection-diffusion-reaction equation', 'FitzHugh-Nagumo-type reaction-diffusion (with logistic source)', 'Korteweg-de Vries (KdV) with diffusion and source']
role identification: naming the variable from prior + posterior ...
role identification written to ..\results_chemotaxis_main\role_identification.json
  variable  : {'symbol': 'f1', 'quantity': 'population fraction (or normalized concentration) of a species/substance in a spatially periodic, advective environment', 'parent_family': 'Convective Fisher-KPP (Fisher-KPP equation with advection and spatial sinusoidal forcing)', 'reasoning': 'The discovered equation exactly matches the canonical form of convective Fisher: u_t = D u_xx + c [u(1-u) sin(x - x0)]_x + r u(1-u). All three terms are present with the same functional form and no terms added or dropped. The fitted coefficients are all close to 1, 0.5 and 0.1 respectively, strongly indicating that the measured data truly follows this parent. Runner-ups like Burgers or Allen-Cahn require modifications to the advection or reaction terms (e.g., (u^2/2)_x vs u(1-u) sin(x) or (u-u^3) vs u(1-u)) and are less parsimonious. The generalized convective-diffusion-reaction is too generic and does not identify the specific nonlinearity. Hence the equation really belongs to convective Fisher-KPP.'}
  discipline: {'field': 'Mathematical biology / population dynamics', 'subfield': 'Spatially extended reaction-diffusion-advection systems (population spread in heterogeneous environments)', 'reasoning': 'The logistic reaction term r u(1-u) is the hallmark of population growth with carrying capacity. The advection term with sinusoidal spatial forcing is typical of population dynamics in periodic flows (e.g., rivers, tidal zones, or light/density cycles). The variable f1 is normalized between 0 and 1, consistent with a fraction of maximal population. The measured mean of 0.7145 suggests a persistent population near carrying capacity with spatial variation due to forcing.'}
  confidence: high
