configuration B: the spec prior is global (1112 chars) -> plan + library design + search
reused design: 10 mechanism(s) from ..\results_design_swift_hohenberg\designed_library.json
library guidance: 10 mechanism(s)
✅ [EVALUATED] MSE: 3.40e-02 | Params: [-1.703591  1.        1.        1.        1.        1.      ]
✅ [EVALUATED] MSE: 2.82e-02 | Params: [ 1.        1.        1.        1.       11.198046  1.      ]
✅ [EVALUATED] MSE: 1.81e-08 | Params: [ 1.500735  0.099745 -1.996621 -0.997537 -0.999971  0.999876]
Execution Error: name 'f1_t_pred' is not defined
================= Evaluated Function =================
def equation(x: np.ndarray, f1: np.ndarray, params: np.ndarray, d_axis: callable) -> np.ndarray:
    """ Mathematical function for the RHS of an unknown 1D PDE.

    Args:
        x: spatial coordinate grid, shape (Nx, 1).
        f1: the measured field, shape (Nx, Nt).
        params: a fixed-length array of exactly 5 entries. Use only indices 0..4.
        d_axis: spatial derivative. Call d_axis(field, axis, order); axis=0 is x1.

    Return:
        `f1_t_pred`, a numpy array with the grid shape.

    STRICT CONSTRAINT:
        1. SPATIAL DERIVATIVES & MATH: you are a physicist discovering a PDE. Use ONLY
           the provided d_axis(field, axis, order) for derivatives (max order 4), with
           axis=0 for the single spatial coordinate x1. For mathematical functions you
           are STRICTLY LIMITED to np.sin, np.cos, np.tanh and np.exp. Do not call any
           other np.* routine, do not import anything, and do not write numerical
           algorithms. Ordinary arithmetic (+ - * / **) and params[0..4] are free.
        2. OUTPUT FORMAT: write the complete formula, assign it to f1_t_pred, and
           strictly end with return f1_t_pred. No placeholders. Mind the shapes: x is
           (Nx, 1) and f1 is (Nx, Nt), so a coordinate factor must broadcast against
           f1 -- write x or x[:, 0:1], never x[:, 0].
        3. PARETO EVOLUTION: the frontier trades MSE against complexity. Complexity
           counts the derivative calls, the arithmetic operations and every params
           you use, so the same term written more compactly is preferred.
        4. OPTIMIZATION STRATEGY:{PARETO_FRONTIER_PLACEHOLDER}
    """
    f1_t_pred = params[0] * d_axis(f1, 0, 2)

    return f1_t_pred
------------------------------------------------------
MSE          : 3.40e-02
Complexity   : 4
Sample time  : None
Evaluate time: 2.832303762435913
Sample orders: None
======================================================


================= Evaluated Function =================
def equation(x: np.ndarray, f1: np.ndarray, params: np.ndarray, d_axis: callable) -> np.ndarray:
    """ Mathematical function for the RHS of an unknown 1D PDE.

    Args:
        x: spatial coordinate grid, shape (Nx, 1).
        f1: the measured field, shape (Nx, Nt).
        params: a fixed-length array of exactly 5 entries. Use only indices 0..4.
        d_axis: spatial derivative. Call d_axis(field, axis, order); axis=0 is x1.

    Return:
        `f1_t_pred`, a numpy array with the grid shape.

    STRICT CONSTRAINT:
        1. SPATIAL DERIVATIVES & MATH: you are a physicist discovering a PDE. Use ONLY
           the provided d_axis(field, axis, order) for derivatives (max order 4), with
           axis=0 for the single spatial coordinate x1. For mathematical functions you
           are STRICTLY LIMITED to np.sin, np.cos, np.tanh and np.exp. Do not call any
           other np.* routine, do not import anything, and do not write numerical
           algorithms. Ordinary arithmetic (+ - * / **) and params[0..4] are free.
        2. OUTPUT FORMAT: write the complete formula, assign it to f1_t_pred, and
           strictly end with return f1_t_pred. No placeholders. Mind the shapes: x is
           (Nx, 1) and f1 is (Nx, Nt), so a coordinate factor must broadcast against
           f1 -- write x or x[:, 0:1], never x[:, 0].
        3. PARETO EVOLUTION: the frontier trades MSE against complexity. Complexity
           counts the derivative calls, the arithmetic operations and every params
           you use, so the same term written more compactly is preferred.
        4. OPTIMIZATION STRATEGY:{PARETO_FRONTIER_PLACEHOLDER}
    """
    f1_t_pred = 0.0

    # Nonlinear restoring: cubic (pull back) and quintic (caps)
    f1_t_pred += params[4] * (f1 ** 3 - f1 ** 5)

    return f1_t_pred
------------------------------------------------------
MSE          : 2.82e-02
Complexity   : 8
Sample time  : 1.7109895944595337
Evaluate time: 2.8992576599121094
Sample orders: 1
======================================================


================= Evaluated Function =================
def equation(x: np.ndarray, f1: np.ndarray, params: np.ndarray, d_axis: callable) -> np.ndarray:
    """ Mathematical function for the RHS of an unknown 1D PDE.

    Args:
        x: spatial coordinate grid, shape (Nx, 1).
        f1: the measured field, shape (Nx, Nt).
        params: a fixed-length array of exactly 5 entries. Use only indices 0..4.
        d_axis: spatial derivative. Call d_axis(field, axis, order); axis=0 is x1.

    Return:
        `f1_t_pred`, a numpy array with the grid shape.

    STRICT CONSTRAINT:
        1. SPATIAL DERIVATIVES & MATH: you are a physicist discovering a PDE. Use ONLY
           the provided d_axis(field, axis, order) for derivatives (max order 4), with
           axis=0 for the single spatial coordinate x1. For mathematical functions you
           are STRICTLY LIMITED to np.sin, np.cos, np.tanh and np.exp. Do not call any
           other np.* routine, do not import anything, and do not write numerical
           algorithms. Ordinary arithmetic (+ - * / **) and params[0..4] are free.
        2. OUTPUT FORMAT: write the complete formula, assign it to f1_t_pred, and
           strictly end with return f1_t_pred. No placeholders. Mind the shapes: x is
           (Nx, 1) and f1 is (Nx, Nt), so a coordinate factor must broadcast against
           f1 -- write x or x[:, 0:1], never x[:, 0].
        3. PARETO EVOLUTION: the frontier trades MSE against complexity. Complexity
           counts the derivative calls, the arithmetic operations and every params
           you use, so the same term written more compactly is preferred.
        4. OPTIMIZATION STRATEGY:{PARETO_FRONTIER_PLACEHOLDER}
    """
    # params[0] = envelope gain coefficient
    # params[1] = envelope width parameter
    # params[2] = second-order diffusion coefficient (negative for scale selection)
    # params[3] = fourth-order damping coefficient (positive)
    # params[4] = cubic restoring coefficient (negative)
    # params[5] = quintic capping coefficient (positive)

    envelope = np.exp(-params[1] * (x[:, 0:1] ** 2))

    # Linear terms: envelope-modulated gain + negative diffusion + positive damping
    linear_part = params[0] * envelope * f1 + params[2] * d_axis(f1, 0, 2) + params[3] * d_axis(f1, 0, 4)

    # Polynomial nonlinearity: cubic restoring + quintic capping
    nonlinear_part = params[4] * (f1 ** 3) + params[5] * (f1 ** 5)

    f1_t_pred = linear_part + nonlinear_part
    return f1_t_pred
------------------------------------------------------
MSE          : 1.81e-08
Complexity   : 41
Sample time  : 1.7109895944595337
Evaluate time: 13.736399412155151
Sample orders: 2
======================================================


⏱️  [NO SCORE] the sandbox returned nothing for this draw (timeout 60s, or a runtime error); it gets no MSE and no frontier slot
================= Evaluated Function =================
def equation(x: np.ndarray, f1: np.ndarray, params: np.ndarray, d_axis: callable) -> np.ndarray:
    """ Mathematical function for the RHS of an unknown 1D PDE.

    Args:
        x: spatial coordinate grid, shape (Nx, 1).
        f1: the measured field, shape (Nx, Nt).
        params: a fixed-length array of exactly 5 entries. Use only indices 0..4.
        d_axis: spatial derivative. Call d_axis(field, axis, order); axis=0 is x1.

    Return:
        `f1_t_pred`, a numpy array with the grid shape.

    STRICT CONSTRAINT:
        1. SPATIAL DERIVATIVES & MATH: you are a physicist discovering a PDE. Use ONLY
           the provided d_axis(field, axis, order) for derivatives (max order 4), with
           axis=0 for the single spatial coordinate x1. For mathematical functions you
           are STRICTLY LIMITED to np.sin, np.cos, np.tanh and np.exp. Do not call any
           other np.* routine, do not import anything, and do not write numerical
           algorithms. Ordinary arithmetic (+ - * / **) and params[0..4] are free.
        2. OUTPUT FORMAT: write the complete formula, assign it to f1_t_pred, and
           strictly end with return f1_t_pred. No placeholders. Mind the shapes: x is
           (Nx, 1) and f1 is (Nx, Nt), so a coordinate factor must broadcast against
           f1 -- write x or x[:, 0:1], never x[:, 0].
        3. PARETO EVOLUTION: the frontier trades MSE against complexity. Complexity
           counts the derivative calls, the arithmetic operations and every params
           you use, so the same term written more compactly is preferred.
        4. OPTIMIZATION STRATEGY:{PARETO_FRONTIER_PLACEHOLDER}
    """
    return f1_t_pred
------------------------------------------------------
MSE          : N/A
Complexity   : N/A
Sample time  : 1.7109895944595337
Evaluate time: 2.835658550262451
Sample orders: 3
======================================================


🚫 [UNPARSABLE] the reply carried no executable body; draw dropped
✅ [EVALUATED] MSE: 1.81e-08 | Params: [ 1.500735  0.099745 -1.996621 -0.997537 -0.999971  0.999876]
✅ [EVALUATED] MSE: 1.81e-08 | Params: [ 1.500735  0.099745 -1.996621 -0.997537 -0.999971  0.999876]
Execution Error: name 'f1_t_pred' is not defined
✅ [EVALUATED] MSE: 1.81e-08 | Params: [ 1.500735  0.099745 -1.996621 -0.997537 -0.999971  0.999876]
================= Evaluated Function =================
def equation(x: np.ndarray, f1: np.ndarray, params: np.ndarray, d_axis: callable) -> np.ndarray:
    """ Mathematical function for the RHS of an unknown 1D PDE.

    Args:
        x: spatial coordinate grid, shape (Nx, 1).
        f1: the measured field, shape (Nx, Nt).
        params: a fixed-length array of exactly 5 entries. Use only indices 0..4.
        d_axis: spatial derivative. Call d_axis(field, axis, order); axis=0 is x1.

    Return:
        `f1_t_pred`, a numpy array with the grid shape.

    STRICT CONSTRAINT:
        1. SPATIAL DERIVATIVES & MATH: you are a physicist discovering a PDE. Use ONLY
           the provided d_axis(field, axis, order) for derivatives (max order 4), with
           axis=0 for the single spatial coordinate x1. For mathematical functions you
           are STRICTLY LIMITED to np.sin, np.cos, np.tanh and np.exp. Do not call any
           other np.* routine, do not import anything, and do not write numerical
           algorithms. Ordinary arithmetic (+ - * / **) and params[0..4] are free.
        2. OUTPUT FORMAT: write the complete formula, assign it to f1_t_pred, and
           strictly end with return f1_t_pred. No placeholders. Mind the shapes: x is
           (Nx, 1) and f1 is (Nx, Nt), so a coordinate factor must broadcast against
           f1 -- write x or x[:, 0:1], never x[:, 0].
        3. PARETO EVOLUTION: the frontier trades MSE against complexity. Complexity
           counts the derivative calls, the arithmetic operations and every params
           you use, so the same term written more compactly is preferred.
        4. OPTIMIZATION STRATEGY:{PARETO_FRONTIER_PLACEHOLDER}
    """
    f1_t_pred = params[0] * np.exp(-params[1] * (x[:, 0:1] ** 2)) * f1 + params[2] * d_axis(f1, 0, 2) + params[3] * d_axis(f1, 0, 4) + params[4] * (f1 ** 3) + params[5] * (f1 ** 5)

    return f1_t_pred
------------------------------------------------------
MSE          : 1.81e-08
Complexity   : 29
Sample time  : 2.2959256768226624
Evaluate time: 14.020151138305664
Sample orders: 5
======================================================


================= Evaluated Function =================
def equation(x: np.ndarray, f1: np.ndarray, params: np.ndarray, d_axis: callable) -> np.ndarray:
    """ Mathematical function for the RHS of an unknown 1D PDE.

    Args:
        x: spatial coordinate grid, shape (Nx, 1).
        f1: the measured field, shape (Nx, Nt).
        params: a fixed-length array of exactly 5 entries. Use only indices 0..4.
        d_axis: spatial derivative. Call d_axis(field, axis, order); axis=0 is x1.

    Return:
        `f1_t_pred`, a numpy array with the grid shape.

    STRICT CONSTRAINT:
        1. SPATIAL DERIVATIVES & MATH: you are a physicist discovering a PDE. Use ONLY
           the provided d_axis(field, axis, order) for derivatives (max order 4), with
           axis=0 for the single spatial coordinate x1. For mathematical functions you
           are STRICTLY LIMITED to np.sin, np.cos, np.tanh and np.exp. Do not call any
           other np.* routine, do not import anything, and do not write numerical
           algorithms. Ordinary arithmetic (+ - * / **) and params[0..4] are free.
        2. OUTPUT FORMAT: write the complete formula, assign it to f1_t_pred, and
           strictly end with return f1_t_pred. No placeholders. Mind the shapes: x is
           (Nx, 1) and f1 is (Nx, Nt), so a coordinate factor must broadcast against
           f1 -- write x or x[:, 0:1], never x[:, 0].
        3. PARETO EVOLUTION: the frontier trades MSE against complexity. Complexity
           counts the derivative calls, the arithmetic operations and every params
           you use, so the same term written more compactly is preferred.
        4. OPTIMIZATION STRATEGY:{PARETO_FRONTIER_PLACEHOLDER}
    """
    # Swift-Hohenberg-type amplitude equation
    # params[0] = envelope gain coefficient (linear growth rate)
    # params[1] = envelope width parameter (bell shape)
    # params[2] = second-order diffusion coefficient (negative for scale selection)
    # params[3] = fourth-order damping coefficient (positive for short-scale damping)
    # params[4] = cubic restoring coefficient (negative pulls back)
    # params[5] = quintic capping coefficient (positive caps growth)

    # Bell-shaped envelope peaked at x1=0
    envelope = np.exp(-params[1] * (x[:, 0:1] ** 2))

    # Linear part: envelope-modulated gain + negative diffusion + 4th-order damping
    linear_part = params[0] * envelope * f1 + params[2] * d_axis(f1, 0, 2) + params[3] * d_axis(f1, 0, 4)

    # Cubic-quintic polynomial nonlinearity
    nonlinear_part = params[4] * (f1 ** 3) + params[5] * (f1 ** 5)

    # Combine all terms
    f1_t_pred = linear_part + nonlinear_part

    return f1_t_pred
------------------------------------------------------
MSE          : 1.81e-08
Complexity   : 46
Sample time  : 2.2959256768226624
Evaluate time: 13.420724630355835
Sample orders: 6
======================================================


⏱️  [NO SCORE] the sandbox returned nothing for this draw (timeout 60s, or a runtime error); it gets no MSE and no frontier slot
================= Evaluated Function =================
def equation(x: np.ndarray, f1: np.ndarray, params: np.ndarray, d_axis: callable) -> np.ndarray:
    """ Mathematical function for the RHS of an unknown 1D PDE.

    Args:
        x: spatial coordinate grid, shape (Nx, 1).
        f1: the measured field, shape (Nx, Nt).
        params: a fixed-length array of exactly 5 entries. Use only indices 0..4.
        d_axis: spatial derivative. Call d_axis(field, axis, order); axis=0 is x1.

    Return:
        `f1_t_pred`, a numpy array with the grid shape.

    STRICT CONSTRAINT:
        1. SPATIAL DERIVATIVES & MATH: you are a physicist discovering a PDE. Use ONLY
           the provided d_axis(field, axis, order) for derivatives (max order 4), with
           axis=0 for the single spatial coordinate x1. For mathematical functions you
           are STRICTLY LIMITED to np.sin, np.cos, np.tanh and np.exp. Do not call any
           other np.* routine, do not import anything, and do not write numerical
           algorithms. Ordinary arithmetic (+ - * / **) and params[0..4] are free.
        2. OUTPUT FORMAT: write the complete formula, assign it to f1_t_pred, and
           strictly end with return f1_t_pred. No placeholders. Mind the shapes: x is
           (Nx, 1) and f1 is (Nx, Nt), so a coordinate factor must broadcast against
           f1 -- write x or x[:, 0:1], never x[:, 0].
        3. PARETO EVOLUTION: the frontier trades MSE against complexity. Complexity
           counts the derivative calls, the arithmetic operations and every params
           you use, so the same term written more compactly is preferred.
        4. OPTIMIZATION STRATEGY:{PARETO_FRONTIER_PLACEHOLDER}
    """
    return f1_t_pred
------------------------------------------------------
MSE          : N/A
Complexity   : N/A
Sample time  : 2.2959256768226624
Evaluate time: 2.5325260162353516
Sample orders: 7
======================================================


================= Evaluated Function =================
def equation(x: np.ndarray, f1: np.ndarray, params: np.ndarray, d_axis: callable) -> np.ndarray:
    """ Mathematical function for the RHS of an unknown 1D PDE.

    Args:
        x: spatial coordinate grid, shape (Nx, 1).
        f1: the measured field, shape (Nx, Nt).
        params: a fixed-length array of exactly 5 entries. Use only indices 0..4.
        d_axis: spatial derivative. Call d_axis(field, axis, order); axis=0 is x1.

    Return:
        `f1_t_pred`, a numpy array with the grid shape.

    STRICT CONSTRAINT:
        1. SPATIAL DERIVATIVES & MATH: you are a physicist discovering a PDE. Use ONLY
           the provided d_axis(field, axis, order) for derivatives (max order 4), with
           axis=0 for the single spatial coordinate x1. For mathematical functions you
           are STRICTLY LIMITED to np.sin, np.cos, np.tanh and np.exp. Do not call any
           other np.* routine, do not import anything, and do not write numerical
           algorithms. Ordinary arithmetic (+ - * / **) and params[0..4] are free.
        2. OUTPUT FORMAT: write the complete formula, assign it to f1_t_pred, and
           strictly end with return f1_t_pred. No placeholders. Mind the shapes: x is
           (Nx, 1) and f1 is (Nx, Nt), so a coordinate factor must broadcast against
           f1 -- write x or x[:, 0:1], never x[:, 0].
        3. PARETO EVOLUTION: the frontier trades MSE against complexity. Complexity
           counts the derivative calls, the arithmetic operations and every params
           you use, so the same term written more compactly is preferred.
        4. OPTIMIZATION STRATEGY:{PARETO_FRONTIER_PLACEHOLDER}
    """
    # Parameters:
    # params[0] = envelope gain coefficient (linear growth rate)
    # params[1] = envelope width parameter
    # params[2] = second-order diffusion coefficient (negative for scale selection)
    # params[3] = fourth-order damping coefficient (positive)
    # params[4] = cubic restoring coefficient (negative)
    # params[5] = quintic capping coefficient (positive)

    # Bell-shaped envelope peaked at x1 = 0
    envelope = np.exp(-params[1] * (x[:, 0:1] ** 2))

    # Linear terms: envelope-modulated gain + negative second-order diffusion (scale selection) 
    # + positive fourth-order damping (short-scale damping)
    linear_part = params[0] * envelope * f1 + params[2] * d_axis(f1, 0, 2) + params[3] * d_axis(f1, 0, 4)

    # Nonlinear polynomial: cubic restoring + quintic capping
    nonlinear_part = params[4] * (f1 ** 3) + params[5] * (f1 ** 5)

    f1_t_pred = linear_part + nonlinear_part

    return f1_t_pred✅ [EVALUATED] MSE: 1.81e-08 | Params: [ 1.500742  0.099745 -1.996621 -0.997537 -1.000076  1.      ]

------------------------------------------------------
MSE          : 1.81e-08
Complexity   : 45
Sample time  : 2.2959256768226624
Evaluate time: 14.047792911529541
Sample orders: 8
======================================================


================= Evaluated Function =================
def equation(x: np.ndarray, f1: np.ndarray, params: np.ndarray, d_axis: callable) -> np.ndarray:
    """ Mathematical function for the RHS of an unknown 1D PDE.

    Args:
        x: spatial coordinate grid, shape (Nx, 1).
        f1: the measured field, shape (Nx, Nt).
        params: a fixed-length array of exactly 5 entries. Use only indices 0..4.
        d_axis: spatial derivative. Call d_axis(field, axis, order); axis=0 is x1.

    Return:
        `f1_t_pred`, a numpy array with the grid shape.

    STRICT CONSTRAINT:
        1. SPATIAL DERIVATIVES & MATH: you are a physicist discovering a PDE. Use ONLY
           the provided d_axis(field, axis, order) for derivatives (max order 4), with
           axis=0 for the single spatial coordinate x1. For mathematical functions you
           are STRICTLY LIMITED to np.sin, np.cos, np.tanh and np.exp. Do not call any
           other np.* routine, do not import anything, and do not write numerical
           algorithms. Ordinary arithmetic (+ - * / **) and params[0..4] are free.
        2. OUTPUT FORMAT: write the complete formula, assign it to f1_t_pred, and
           strictly end with return f1_t_pred. No placeholders. Mind the shapes: x is
           (Nx, 1) and f1 is (Nx, Nt), so a coordinate factor must broadcast against
           f1 -- write x or x[:, 0:1], never x[:, 0].
        3. PARETO EVOLUTION: the frontier trades MSE against complexity. Complexity
           counts the derivative calls, the arithmetic operations and every params
           you use, so the same term written more compactly is preferred.
        4. OPTIMIZATION STRATEGY:{PARETO_FRONTIER_PLACEHOLDER}
    """
    # Envelope-modulated linear gain
    envelope_gain = params[0] * np.exp(-params[1] * (x[:, 0:1] ** 2)) * f1

    # Negative second-order for order selection (coefficient will be negative)
    second_order = params[2] * d_axis(f1, 0, 2)

    # Fourth-order damping (coefficient will be positive)
    fourth_order = params[3] * d_axis(f1, 0, 4)

    # Cubic restoring (pull back) and quintic capping
    nonlinear = params[4] * (f1 ** 3 - f1 ** 5)

    f1_t_pred = envelope_gain + second_order + fourth_order + nonlinear

    return f1_t_pred
------------------------------------------------------
MSE          : 1.81e-08
Complexity   : 30
Sample time  : 1.7103703618049622
Evaluate time: 11.728537797927856
Sample orders: 9
======================================================


🚫 [UNPARSABLE] the reply carried no executable body; draw dropped
✅ [EVALUATED] MSE: 1.81e-08 | Params: [ 1.500735  0.099745 -1.996621 -0.997537 -0.999971  0.999876]
Execution Error: name 'f1_t_pred' is not defined
================= Evaluated Function =================
def equation(x: np.ndarray, f1: np.ndarray, params: np.ndarray, d_axis: callable) -> np.ndarray:
    """ Mathematical function for the RHS of an unknown 1D PDE.

    Args:
        x: spatial coordinate grid, shape (Nx, 1).
        f1: the measured field, shape (Nx, Nt).
        params: a fixed-length array of exactly 5 entries. Use only indices 0..4.
        d_axis: spatial derivative. Call d_axis(field, axis, order); axis=0 is x1.

    Return:
        `f1_t_pred`, a numpy array with the grid shape.

    STRICT CONSTRAINT:
        1. SPATIAL DERIVATIVES & MATH: you are a physicist discovering a PDE. Use ONLY
           the provided d_axis(field, axis, order) for derivatives (max order 4), with
           axis=0 for the single spatial coordinate x1. For mathematical functions you
           are STRICTLY LIMITED to np.sin, np.cos, np.tanh and np.exp. Do not call any
           other np.* routine, do not import anything, and do not write numerical
           algorithms. Ordinary arithmetic (+ - * / **) and params[0..4] are free.
        2. OUTPUT FORMAT: write the complete formula, assign it to f1_t_pred, and
           strictly end with return f1_t_pred. No placeholders. Mind the shapes: x is
           (Nx, 1) and f1 is (Nx, Nt), so a coordinate factor must broadcast against
           f1 -- write x or x[:, 0:1], never x[:, 0].
        3. PARETO EVOLUTION: the frontier trades MSE against complexity. Complexity
           counts the derivative calls, the arithmetic operations and every params
           you use, so the same term written more compactly is preferred.
        4. OPTIMIZATION STRATEGY:{PARETO_FRONTIER_PLACEHOLDER}
    """
    f1_t_pred = params[0] * np.exp(-params[1] * (x[:, 0:1] ** 2)) * f1 + params[2] * d_axis(f1, 0, 2) + params[3] * d_axis(f1, 0, 4) + params[4] * (f1 ** 3) + params[5] * (f1 ** 5)

    return f1_t_pred
------------------------------------------------------
MSE          : 1.81e-08
Complexity   : 29
Sample time  : 1.7103703618049622
Evaluate time: 14.037721157073975
Sample orders: 11
======================================================


⏱️  [NO SCORE] the sandbox returned nothing for this draw (timeout 60s, or a runtime error); it gets no MSE and no frontier slot
================= Evaluated Function =================
def equation(x: np.ndarray, f1: np.ndarray, params: np.ndarray, d_axis: callable) -> np.ndarray:
    """ Mathematical function for the RHS of an unknown 1D PDE.

    Args:
        x: spatial coordinate grid, shape (Nx, 1).
        f1: the measured field, shape (Nx, Nt).
        params: a fixed-length array of exactly 5 entries. Use only indices 0..4.
        d_axis: spatial derivative. Call d_axis(field, axis, order); axis=0 is x1.

    Return:
        `f1_t_pred`, a numpy array with the grid shape.

    STRICT CONSTRAINT:
        1. SPATIAL DERIVATIVES & MATH: you are a physicist discovering a PDE. Use ONLY
           the provided d_axis(field, axis, order) for derivatives (max order 4), with
           axis=0 for the single spatial coordinate x1. For mathematical functions you
           are STRICTLY LIMITED to np.sin, np.cos, np.tanh and np.exp. Do not call any
           other np.* routine, do not import anything, and do not write numerical
           algorithms. Ordinary arithmetic (+ - * / **) and params[0..4] are free.
        2. OUTPUT FORMAT: write the complete formula, assign it to f1_t_pred, and
           strictly end with return f1_t_pred. No placeholders. Mind the shapes: x is
           (Nx, 1) and f1 is (Nx, Nt), so a coordinate factor must broadcast against
           f1 -- write x or x[:, 0:1], never x[:, 0].
        3. PARETO EVOLUTION: the frontier trades MSE against complexity. Complexity
           counts the derivative calls, the arithmetic operations and every params
           you use, so the same term written more compactly is preferred.
        4. OPTIMIZATION STRATEGY:{PARETO_FRONTIER_PLACEHOLDER}
    """
    return f1_t_pred
------------------------------------------------------
MSE          : N/A
Complexity   : N/A
Sample time  : 1.7103703618049622
Evaluate time: 2.860074520111084
Sample orders: 12
======================================================


🚫 [UNPARSABLE] the reply carried no executable body; draw dropped
✅ [EVALUATED] MSE: 1.81e-08 | Params: [ 1.500735  0.099745 -1.996621 -0.997537 -0.999971  0.999876]
✅ [EVALUATED] MSE: 1.81e-08 | Params: [ 1.500735  0.099745 -1.996621 -0.997537 -0.999971  0.999876]
Execution Error: name 'f1_t_pred' is not defined
Execution Error: name 'f1_t_pred' is not defined
================= Evaluated Function =================
def equation(x: np.ndarray, f1: np.ndarray, params: np.ndarray, d_axis: callable) -> np.ndarray:
    """ Mathematical function for the RHS of an unknown 1D PDE.

    Args:
        x: spatial coordinate grid, shape (Nx, 1).
        f1: the measured field, shape (Nx, Nt).
        params: a fixed-length array of exactly 5 entries. Use only indices 0..4.
        d_axis: spatial derivative. Call d_axis(field, axis, order); axis=0 is x1.

    Return:
        `f1_t_pred`, a numpy array with the grid shape.

    STRICT CONSTRAINT:
        1. SPATIAL DERIVATIVES & MATH: you are a physicist discovering a PDE. Use ONLY
           the provided d_axis(field, axis, order) for derivatives (max order 4), with
           axis=0 for the single spatial coordinate x1. For mathematical functions you
           are STRICTLY LIMITED to np.sin, np.cos, np.tanh and np.exp. Do not call any
           other np.* routine, do not import anything, and do not write numerical
           algorithms. Ordinary arithmetic (+ - * / **) and params[0..4] are free.
        2. OUTPUT FORMAT: write the complete formula, assign it to f1_t_pred, and
           strictly end with return f1_t_pred. No placeholders. Mind the shapes: x is
           (Nx, 1) and f1 is (Nx, Nt), so a coordinate factor must broadcast against
           f1 -- write x or x[:, 0:1], never x[:, 0].
        3. PARETO EVOLUTION: the frontier trades MSE against complexity. Complexity
           counts the derivative calls, the arithmetic operations and every params
           you use, so the same term written more compactly is preferred.
        4. OPTIMIZATION STRATEGY:{PARETO_FRONTIER_PLACEHOLDER}
    """
    f1_t_pred = params[0] * np.exp(-params[1] * (x[:, 0:1] ** 2)) * f1 + params[2] * d_axis(f1, 0, 2) + params[3] * d_axis(f1, 0, 4) + params[4] * (f1 ** 3) + params[5] * (f1 ** 5)

    return f1_t_pred
------------------------------------------------------
MSE          : 1.81e-08
Complexity   : 29
Sample time  : 1.8085537552833557
Evaluate time: 13.449962377548218
Sample orders: 14
======================================================


================= Evaluated Function =================
def equation(x: np.ndarray, f1: np.ndarray, params: np.ndarray, d_axis: callable) -> np.ndarray:
    """ Mathematical function for the RHS of an unknown 1D PDE.

    Args:
        x: spatial coordinate grid, shape (Nx, 1).
        f1: the measured field, shape (Nx, Nt).
        params: a fixed-length array of exactly 5 entries. Use only indices 0..4.
        d_axis: spatial derivative. Call d_axis(field, axis, order); axis=0 is x1.

    Return:
        `f1_t_pred`, a numpy array with the grid shape.

    STRICT CONSTRAINT:
        1. SPATIAL DERIVATIVES & MATH: you are a physicist discovering a PDE. Use ONLY
           the provided d_axis(field, axis, order) for derivatives (max order 4), with
           axis=0 for the single spatial coordinate x1. For mathematical functions you
           are STRICTLY LIMITED to np.sin, np.cos, np.tanh and np.exp. Do not call any
           other np.* routine, do not import anything, and do not write numerical
           algorithms. Ordinary arithmetic (+ - * / **) and params[0..4] are free.
        2. OUTPUT FORMAT: write the complete formula, assign it to f1_t_pred, and
           strictly end with return f1_t_pred. No placeholders. Mind the shapes: x is
           (Nx, 1) and f1 is (Nx, Nt), so a coordinate factor must broadcast against
           f1 -- write x or x[:, 0:1], never x[:, 0].
        3. PARETO EVOLUTION: the frontier trades MSE against complexity. Complexity
           counts the derivative calls, the arithmetic operations and every params
           you use, so the same term written more compactly is preferred.
        4. OPTIMIZATION STRATEGY:{PARETO_FRONTIER_PLACEHOLDER}
    """
    f1_t_pred = params[0] * np.exp(-params[1] * (x[:, 0:1] ** 2)) * f1 + params[2] * d_axis(f1, 0, 2) + params[3] * d_axis(f1, 0, 4) + params[4] * (f1 ** 3) + params[5] * (f1 ** 5)

    return f1_t_pred
------------------------------------------------------
MSE          : 1.81e-08
Complexity   : 29
Sample time  : 1.8085537552833557
Evaluate time: 13.678653717041016
Sample orders: 15
======================================================


⏱️  [NO SCORE] the sandbox returned nothing for this draw (timeout 60s, or a runtime error); it gets no MSE and no frontier slot
================= Evaluated Function =================
def equation(x: np.ndarray, f1: np.ndarray, params: np.ndarray, d_axis: callable) -> np.ndarray:
    """ Mathematical function for the RHS of an unknown 1D PDE.

    Args:
        x: spatial coordinate grid, shape (Nx, 1).
        f1: the measured field, shape (Nx, Nt).
        params: a fixed-length array of exactly 5 entries. Use only indices 0..4.
        d_axis: spatial derivative. Call d_axis(field, axis, order); axis=0 is x1.

    Return:
        `f1_t_pred`, a numpy array with the grid shape.

    STRICT CONSTRAINT:
        1. SPATIAL DERIVATIVES & MATH: you are a physicist discovering a PDE. Use ONLY
           the provided d_axis(field, axis, order) for derivatives (max order 4), with
           axis=0 for the single spatial coordinate x1. For mathematical functions you
           are STRICTLY LIMITED to np.sin, np.cos, np.tanh and np.exp. Do not call any
           other np.* routine, do not import anything, and do not write numerical
           algorithms. Ordinary arithmetic (+ - * / **) and params[0..4] are free.
        2. OUTPUT FORMAT: write the complete formula, assign it to f1_t_pred, and
           strictly end with return f1_t_pred. No placeholders. Mind the shapes: x is
           (Nx, 1) and f1 is (Nx, Nt), so a coordinate factor must broadcast against
           f1 -- write x or x[:, 0:1], never x[:, 0].
        3. PARETO EVOLUTION: the frontier trades MSE against complexity. Complexity
           counts the derivative calls, the arithmetic operations and every params
           you use, so the same term written more compactly is preferred.
        4. OPTIMIZATION STRATEGY:{PARETO_FRONTIER_PLACEHOLDER}
    """
    return f1_t_pred
------------------------------------------------------
MSE          : N/A
Complexity   : N/A
Sample time  : 1.8085537552833557
Evaluate time: 2.8254308700561523
Sample orders: 16
======================================================


⏱️  [NO SCORE] the sandbox returned nothing for this draw (timeout 60s, or a runtime error); it gets no MSE and no frontier slot
================= Evaluated Function =================
def equation(x: np.ndarray, f1: np.ndarray, params: np.ndarray, d_axis: callable) -> np.ndarray:
    """ Mathematical function for the RHS of an unknown 1D PDE.

    Args:
        x: spatial coordinate grid, shape (Nx, 1).
        f1: the measured field, shape (Nx, Nt).
        params: a fixed-length array of exactly 5 entries. Use only indices 0..4.
        d_axis: spatial derivative. Call d_axis(field, axis, order); axis=0 is x1.

    Return:
        `f1_t_pred`, a numpy array with the grid shape.

    STRICT CONSTRAINT:
        1. SPATIAL DERIVATIVES & MATH: you are a physicist discovering a PDE. Use ONLY
           the provided d_axis(field, axis, order) for derivatives (max order 4), with
           axis=0 for the single spatial coordinate x1. For mathematical functions you
           are STRICTLY LIMITED to np.sin, np.cos, np.tanh and np.exp. Do not call any
           other np.* routine, do not import anything, and do not write numerical
           algorithms. Ordinary arithmetic (+ - * / **) and params[0..4] are free.
        2. OUTPUT FORMAT: write the complete formula, assign it to f1_t_pred, and
           strictly end with return f1_t_pred. No placeholders. Mind the shapes: x is
           (Nx, 1) and f1 is (Nx, Nt), so a coordinate factor must broadcast against
           f1 -- write x or x[:, 0:1], never x[:, 0].
        3. PARETO EVOLUTION: the frontier trades MSE against complexity. Complexity
           counts the derivative calls, the arithmetic operations and every params
           you use, so the same term written more compactly is preferred.
        4. OPTIMIZATION STRATEGY:{PARETO_FRONTIER_PLACEHOLDER}
    """
    return f1_t_predExecution Error: name 'f1_t_pred' is not defined
✅ [EVALUATED] MSE: 1.81e-08 | Params: [ 1.500735  0.099745 -1.996621 -0.997537 -0.999971  0.999876]
✅ [EVALUATED] MSE: 1.81e-08 | Params: [ 1.500735  0.099745 -1.996621 -0.997537 -0.999971  0.999876]

------------------------------------------------------
MSE          : N/A
Complexity   : N/A
Sample time  : 1.6147692203521729
Evaluate time: 2.813194513320923
Sample orders: 17
======================================================


⏱️  [NO SCORE] the sandbox returned nothing for this draw (timeout 60s, or a runtime error); it gets no MSE and no frontier slot
================= Evaluated Function =================
def equation(x: np.ndarray, f1: np.ndarray, params: np.ndarray, d_axis: callable) -> np.ndarray:
    """ Mathematical function for the RHS of an unknown 1D PDE.

    Args:
        x: spatial coordinate grid, shape (Nx, 1).
        f1: the measured field, shape (Nx, Nt).
        params: a fixed-length array of exactly 5 entries. Use only indices 0..4.
        d_axis: spatial derivative. Call d_axis(field, axis, order); axis=0 is x1.

    Return:
        `f1_t_pred`, a numpy array with the grid shape.

    STRICT CONSTRAINT:
        1. SPATIAL DERIVATIVES & MATH: you are a physicist discovering a PDE. Use ONLY
           the provided d_axis(field, axis, order) for derivatives (max order 4), with
           axis=0 for the single spatial coordinate x1. For mathematical functions you
           are STRICTLY LIMITED to np.sin, np.cos, np.tanh and np.exp. Do not call any
           other np.* routine, do not import anything, and do not write numerical
           algorithms. Ordinary arithmetic (+ - * / **) and params[0..4] are free.
        2. OUTPUT FORMAT: write the complete formula, assign it to f1_t_pred, and
           strictly end with return f1_t_pred. No placeholders. Mind the shapes: x is
           (Nx, 1) and f1 is (Nx, Nt), so a coordinate factor must broadcast against
           f1 -- write x or x[:, 0:1], never x[:, 0].
        3. PARETO EVOLUTION: the frontier trades MSE against complexity. Complexity
           counts the derivative calls, the arithmetic operations and every params
           you use, so the same term written more compactly is preferred.
        4. OPTIMIZATION STRATEGY:{PARETO_FRONTIER_PLACEHOLDER}
    """
    return f1_t_pred
------------------------------------------------------
MSE          : N/A
Complexity   : N/A
Sample time  : 1.6147692203521729
Evaluate time: 2.6486072540283203
Sample orders: 18
======================================================


================= Evaluated Function =================
def equation(x: np.ndarray, f1: np.ndarray, params: np.ndarray, d_axis: callable) -> np.ndarray:
    """ Mathematical function for the RHS of an unknown 1D PDE.

    Args:
        x: spatial coordinate grid, shape (Nx, 1).
        f1: the measured field, shape (Nx, Nt).
        params: a fixed-length array of exactly 5 entries. Use only indices 0..4.
        d_axis: spatial derivative. Call d_axis(field, axis, order); axis=0 is x1.

    Return:
        `f1_t_pred`, a numpy array with the grid shape.

    STRICT CONSTRAINT:
        1. SPATIAL DERIVATIVES & MATH: you are a physicist discovering a PDE. Use ONLY
           the provided d_axis(field, axis, order) for derivatives (max order 4), with
           axis=0 for the single spatial coordinate x1. For mathematical functions you
           are STRICTLY LIMITED to np.sin, np.cos, np.tanh and np.exp. Do not call any
           other np.* routine, do not import anything, and do not write numerical
           algorithms. Ordinary arithmetic (+ - * / **) and params[0..4] are free.
        2. OUTPUT FORMAT: write the complete formula, assign it to f1_t_pred, and
           strictly end with return f1_t_pred. No placeholders. Mind the shapes: x is
           (Nx, 1) and f1 is (Nx, Nt), so a coordinate factor must broadcast against
           f1 -- write x or x[:, 0:1], never x[:, 0].
        3. PARETO EVOLUTION: the frontier trades MSE against complexity. Complexity
           counts the derivative calls, the arithmetic operations and every params
           you use, so the same term written more compactly is preferred.
        4. OPTIMIZATION STRATEGY:{PARETO_FRONTIER_PLACEHOLDER}
    """
    f1_t_pred = params[0] * np.exp(-params[1] * (x[:, 0:1] ** 2)) * f1 + params[2] * d_axis(f1, 0, 2) + params[3] * d_axis(f1, 0, 4) + params[4] * (f1 ** 3) + params[5] * (f1 ** 5)

    return f1_t_pred
------------------------------------------------------
MSE          : 1.81e-08
Complexity   : 29
Sample time  : 1.6147692203521729
Evaluate time: 13.432921171188354
Sample orders: 19
======================================================


================= Evaluated Function =================
def equation(x: np.ndarray, f1: np.ndarray, params: np.ndarray, d_axis: callable) -> np.ndarray:
    """ Mathematical function for the RHS of an unknown 1D PDE.

    Args:
        x: spatial coordinate grid, shape (Nx, 1).
        f1: the measured field, shape (Nx, Nt).
        params: a fixed-length array of exactly 5 entries. Use only indices 0..4.
        d_axis: spatial derivative. Call d_axis(field, axis, order); axis=0 is x1.

    Return:
        `f1_t_pred`, a numpy array with the grid shape.

    STRICT CONSTRAINT:
        1. SPATIAL DERIVATIVES & MATH: you are a physicist discovering a PDE. Use ONLY
           the provided d_axis(field, axis, order) for derivatives (max order 4), with
           axis=0 for the single spatial coordinate x1. For mathematical functions you
           are STRICTLY LIMITED to np.sin, np.cos, np.tanh and np.exp. Do not call any
           other np.* routine, do not import anything, and do not write numerical
           algorithms. Ordinary arithmetic (+ - * / **) and params[0..4] are free.
        2. OUTPUT FORMAT: write the complete formula, assign it to f1_t_pred, and
           strictly end with return f1_t_pred. No placeholders. Mind the shapes: x is
           (Nx, 1) and f1 is (Nx, Nt), so a coordinate factor must broadcast against
           f1 -- write x or x[:, 0:1], never x[:, 0].
        3. PARETO EVOLUTION: the frontier trades MSE against complexity. Complexity
           counts the derivative calls, the arithmetic operations and every params
           you use, so the same term written more compactly is preferred.
        4. OPTIMIZATION STRATEGY:{PARETO_FRONTIER_PLACEHOLDER}
    """
    f1_t_pred = params[0] * np.exp(-params[1] * (x[:, 0:1] ** 2)) * f1 + params[2] * d_axis(f1, 0, 2) + params[3] * d_axis(f1, 0, 4) + params[4] * (f1 ** 3) + params[5] * (f1 ** 5)

    return f1_t_pred
------------------------------------------------------
MSE          : 1.81e-08
Complexity   : 29
Sample time  : 1.6147692203521729
Evaluate time: 13.675000429153442
Sample orders: 20
======================================================


🚫 [UNPARSABLE] the reply carried no executable body; draw dropped
🚫 [UNPARSABLE] the reply carried no executable body; draw dropped
🚫 [UNPARSABLE] the reply carried no executable body; draw dropped
Execution Error: name 'f1_t_pred' is not defined
Execution Error: name 'f1_t_pred' is not defined
✅ [EVALUATED] MSE: 1.81e-08 | Params: [ 1.500735  0.099745 -1.996621 -0.997537 -0.999971  0.999876]
✅ [EVALUATED] MSE: 1.81e-08 | Params: [ 1.500735  0.099745 -1.996621 -0.997537 -0.999971  0.999876]
⏱️  [NO SCORE] the sandbox returned nothing for this draw (timeout 60s, or a runtime error); it gets no MSE and no frontier slot
================= Evaluated Function =================
def equation(x: np.ndarray, f1: np.ndarray, params: np.ndarray, d_axis: callable) -> np.ndarray:
    """ Mathematical function for the RHS of an unknown 1D PDE.

    Args:
        x: spatial coordinate grid, shape (Nx, 1).
        f1: the measured field, shape (Nx, Nt).
        params: a fixed-length array of exactly 5 entries. Use only indices 0..4.
        d_axis: spatial derivative. Call d_axis(field, axis, order); axis=0 is x1.

    Return:
        `f1_t_pred`, a numpy array with the grid shape.

    STRICT CONSTRAINT:
        1. SPATIAL DERIVATIVES & MATH: you are a physicist discovering a PDE. Use ONLY
           the provided d_axis(field, axis, order) for derivatives (max order 4), with
           axis=0 for the single spatial coordinate x1. For mathematical functions you
           are STRICTLY LIMITED to np.sin, np.cos, np.tanh and np.exp. Do not call any
           other np.* routine, do not import anything, and do not write numerical
           algorithms. Ordinary arithmetic (+ - * / **) and params[0..4] are free.
        2. OUTPUT FORMAT: write the complete formula, assign it to f1_t_pred, and
           strictly end with return f1_t_pred. No placeholders. Mind the shapes: x is
           (Nx, 1) and f1 is (Nx, Nt), so a coordinate factor must broadcast against
           f1 -- write x or x[:, 0:1], never x[:, 0].
        3. PARETO EVOLUTION: the frontier trades MSE against complexity. Complexity
           counts the derivative calls, the arithmetic operations and every params
           you use, so the same term written more compactly is preferred.
        4. OPTIMIZATION STRATEGY:{PARETO_FRONTIER_PLACEHOLDER}
    """
    return f1_t_pred
------------------------------------------------------
MSE          : N/A
Complexity   : N/A
Sample time  : 1.7685652375221252
Evaluate time: 2.846663475036621
Sample orders: 24
======================================================


⏱️  [NO SCORE] the sandbox returned nothing for this draw (timeout 60s, or a runtime error); it gets no MSE and no frontier slot
================= Evaluated Function =================
def equation(x: np.ndarray, f1: np.ndarray, params: np.ndarray, d_axis: callable) -> np.ndarray:
    """ Mathematical function for the RHS of an unknown 1D PDE.

    Args:
        x: spatial coordinate grid, shape (Nx, 1).
        f1: the measured field, shape (Nx, Nt).
        params: a fixed-length array of exactly 5 entries. Use only indices 0..4.
        d_axis: spatial derivative. Call d_axis(field, axis, order); axis=0 is x1.

    Return:
        `f1_t_pred`, a numpy array with the grid shape.

    STRICT CONSTRAINT:
        1. SPATIAL DERIVATIVES & MATH: you are a physicist discovering a PDE. Use ONLY
           the provided d_axis(field, axis, order) for derivatives (max order 4), with
           axis=0 for the single spatial coordinate x1. For mathematical functions you
           are STRICTLY LIMITED to np.sin, np.cos, np.tanh and np.exp. Do not call any
           other np.* routine, do not import anything, and do not write numerical
           algorithms. Ordinary arithmetic (+ - * / **) and params[0..4] are free.
        2. OUTPUT FORMAT: write the complete formula, assign it to f1_t_pred, and
           strictly end with return f1_t_pred. No placeholders. Mind the shapes: x is
           (Nx, 1) and f1 is (Nx, Nt), so a coordinate factor must broadcast against
           f1 -- write x or x[:, 0:1], never x[:, 0].
        3. PARETO EVOLUTION: the frontier trades MSE against complexity. Complexity
           counts the derivative calls, the arithmetic operations and every params
           you use, so the same term written more compactly is preferred.
        4. OPTIMIZATION STRATEGY:{PARETO_FRONTIER_PLACEHOLDER}
    """
    return f1_t_pred
------------------------------------------------------
MSE          : N/A
Complexity   : N/A
Sample time  : 1.4565224051475525
Evaluate time: 2.8572778701782227
Sample orders: 25
======================================================


================= Evaluated Function =================
def equation(x: np.ndarray, f1: np.ndarray, params: np.ndarray, d_axis: callable) -> np.ndarray:
    """ Mathematical function for the RHS of an unknown 1D PDE.

    Args:
        x: spatial coordinate grid, shape (Nx, 1).
        f1: the measured field, shape (Nx, Nt).
        params: a fixed-length array of exactly 5 entries. Use only indices 0..4.
        d_axis: spatial derivative. Call d_axis(field, axis, order); axis=0 is x1.

    Return:
        `f1_t_pred`, a numpy array with the grid shape.

    STRICT CONSTRAINT:
        1. SPATIAL DERIVATIVES & MATH: you are a physicist discovering a PDE. Use ONLY
           the provided d_axis(field, axis, order) for derivatives (max order 4), with
           axis=0 for the single spatial coordinate x1. For mathematical functions you
           are STRICTLY LIMITED to np.sin, np.cos, np.tanh and np.exp. Do not call any
           other np.* routine, do not import anything, and do not write numerical
           algorithms. Ordinary arithmetic (+ - * / **) and params[0..4] are free.
        2. OUTPUT FORMAT: write the complete formula, assign it to f1_t_pred, and
           strictly end with return f1_t_pred. No placeholders. Mind the shapes: x is
           (Nx, 1) and f1 is (Nx, Nt), so a coordinate factor must broadcast against
           f1 -- write x or x[:, 0:1], never x[:, 0].
        3. PARETO EVOLUTION: the frontier trades MSE against complexity. Complexity
           counts the derivative calls, the arithmetic operations and every params
           you use, so the same term written more compactly is preferred.
        4. OPTIMIZATION STRATEGY:{PARETO_FRONTIER_PLACEHOLDER}
    """
    f1_t_pred = params[0] * np.exp(-params[1] * (x[:, 0:1] ** 2)) * f1 + params[2] * d_axis(f1, 0, 2) + params[3] * d_axis(f1, 0, 4) + params[4] * (f1 ** 3) + params[5] * (f1 ** 5)

    return f1_t_pred
------------------------------------------------------
MSE          : 1.81e-08
Complexity   : 29
Sample time  : 1.4565224051475525
Evaluate time: 13.624505996704102
Sample orders: 26
======================================================


================= Evaluated Function =================
def equation(x: np.ndarray, f1: np.ndarray, params: np.ndarray, d_axis: callable) -> np.ndarray:
    """ Mathematical function for the RHS of an unknown 1D PDE.

    Args:
        x: spatial coordinate grid, shape (Nx, 1).
        f1: the measured field, shape (Nx, Nt).
        params: a fixed-length array of exactly 5 entries. Use only indices 0..4.
        d_axis: spatial derivative. Call d_axis(field, axis, order); axis=0 is x1.

    Return:
        `f1_t_pred`, a numpy array with the grid shape.

    STRICT CONSTRAINT:
        1. SPATIAL DERIVATIVES & MATH: you are a physicist discovering a PDE. Use ONLY
           the provided d_axis(field, axis, order) for derivatives (max order 4), with
           axis=0 for the single spatial coordinate x1. For mathematical functions you
           are STRICTLY LIMITED to np.sin, np.cos, np.tanh and np.exp. Do not call any
           other np.* routine, do not import anything, and do not write numerical
           algorithms. Ordinary arithmetic (+ - * / **) and params[0..4] are free.
        2. OUTPUT FORMAT: write the complete formula, assign it to f1_t_pred, and
           strictly end with return f1_t_pred. No placeholders. Mind the shapes: x is
           (Nx, 1) and f1 is (Nx, Nt), so a coordinate factor must broadcast against
           f1 -- write x or x[:, 0:1], never x[:, 0].
        3. PARETO EVOLUTION: the frontier trades MSE against complexity. Complexity
           counts the derivative calls, the arithmetic operations and every params
           you use, so the same term written more compactly is preferred.
        4. OPTIMIZATION STRATEGY:{PARETO_FRONTIER_PLACEHOLDER}
    """
    f1_t_pred = params[0] * np.exp(-params[1] * (x[:, 0:1] ** 2)) * f1 + params[2] * d_axis(f1, 0, 2) + params[3] * d_axis(f1, 0, 4) + params[4] * (f1 ** 3) + params[5] * (f1 ** 5)

    return f1_t_pred
------------------------------------------------------
MSE          : 1.81e-08
Complexity   : 29
Sample time  : 1.4565224051475525
Evaluate time: 13.676381587982178
Sample orders: 27
======================================================


🚫 [UNPARSABLE] the reply carried no executable body; draw dropped
✅ [EVALUATED] MSE: 1.81e-08 | Params: [ 1.500735  0.099745 -1.996621 -0.997537 -0.999971  0.999876]
✅ [EVALUATED] MSE: 1.81e-08 | Params: [ 1.500735  0.099745 -1.996621 -0.997537 -0.999971  0.999876]
Execution Error: name 'f1_t_pred' is not defined
✅ [EVALUATED] MSE: 1.81e-08 | Params: [ 1.500735  0.099745 -1.996621 -0.997537 -0.999971  0.999876]
================= Evaluated Function =================
def equation(x: np.ndarray, f1: np.ndarray, params: np.ndarray, d_axis: callable) -> np.ndarray:
    """ Mathematical function for the RHS of an unknown 1D PDE.

    Args:
        x: spatial coordinate grid, shape (Nx, 1).
        f1: the measured field, shape (Nx, Nt).
        params: a fixed-length array of exactly 5 entries. Use only indices 0..4.
        d_axis: spatial derivative. Call d_axis(field, axis, order); axis=0 is x1.

    Return:
        `f1_t_pred`, a numpy array with the grid shape.

    STRICT CONSTRAINT:
        1. SPATIAL DERIVATIVES & MATH: you are a physicist discovering a PDE. Use ONLY
           the provided d_axis(field, axis, order) for derivatives (max order 4), with
           axis=0 for the single spatial coordinate x1. For mathematical functions you
           are STRICTLY LIMITED to np.sin, np.cos, np.tanh and np.exp. Do not call any
           other np.* routine, do not import anything, and do not write numerical
           algorithms. Ordinary arithmetic (+ - * / **) and params[0..4] are free.
        2. OUTPUT FORMAT: write the complete formula, assign it to f1_t_pred, and
           strictly end with return f1_t_pred. No placeholders. Mind the shapes: x is
           (Nx, 1) and f1 is (Nx, Nt), so a coordinate factor must broadcast against
           f1 -- write x or x[:, 0:1], never x[:, 0].
        3. PARETO EVOLUTION: the frontier trades MSE against complexity. Complexity
           counts the derivative calls, the arithmetic operations and every params
           you use, so the same term written more compactly is preferred.
        4. OPTIMIZATION STRATEGY:{PARETO_FRONTIER_PLACEHOLDER}
    """
    f1_t_pred = params[0] * np.exp(-params[1] * (x[:, 0:1] ** 2)) * f1 + params[2] * d_axis(f1, 0, 2) + params[3] * d_axis(f1, 0, 4) + params[4] * (f1 ** 3) + params[5] * (f1 ** 5)

    return f1_t_pred
------------------------------------------------------
MSE          : 1.81e-08
Complexity   : 29
Sample time  : 1.4183565378189087
Evaluate time: 13.762932300567627
Sample orders: 29
======================================================


================= Evaluated Function =================
def equation(x: np.ndarray, f1: np.ndarray, params: np.ndarray, d_axis: callable) -> np.ndarray:
    """ Mathematical function for the RHS of an unknown 1D PDE.

    Args:
        x: spatial coordinate grid, shape (Nx, 1).
        f1: the measured field, shape (Nx, Nt).
        params: a fixed-length array of exactly 5 entries. Use only indices 0..4.
        d_axis: spatial derivative. Call d_axis(field, axis, order); axis=0 is x1.

    Return:
        `f1_t_pred`, a numpy array with the grid shape.

    STRICT CONSTRAINT:
        1. SPATIAL DERIVATIVES & MATH: you are a physicist discovering a PDE. Use ONLY
           the provided d_axis(field, axis, order) for derivatives (max order 4), with
           axis=0 for the single spatial coordinate x1. For mathematical functions you
           are STRICTLY LIMITED to np.sin, np.cos, np.tanh and np.exp. Do not call any
           other np.* routine, do not import anything, and do not write numerical
           algorithms. Ordinary arithmetic (+ - * / **) and params[0..4] are free.
        2. OUTPUT FORMAT: write the complete formula, assign it to f1_t_pred, and
           strictly end with return f1_t_pred. No placeholders. Mind the shapes: x is
           (Nx, 1) and f1 is (Nx, Nt), so a coordinate factor must broadcast against
           f1 -- write x or x[:, 0:1], never x[:, 0].
        3. PARETO EVOLUTION: the frontier trades MSE against complexity. Complexity
           counts the derivative calls, the arithmetic operations and every params
           you use, so the same term written more compactly is preferred.
        4. OPTIMIZATION STRATEGY:{PARETO_FRONTIER_PLACEHOLDER}
    """
    f1_t_pred = params[0] * np.exp(-params[1] * (x[:, 0:1] ** 2)) * f1 + params[2] * d_axis(f1, 0, 2) + params[3] * d_axis(f1, 0, 4) + params[4] * (f1 ** 3) + params[5] * (f1 ** 5)

    return f1_t_pred
------------------------------------------------------
MSE          : 1.81e-08
Complexity   : 29
Sample time  : 1.4183565378189087
Evaluate time: 13.874357461929321
Sample orders: 30
======================================================


⏱️  [NO SCORE] the sandbox returned nothing for this draw (timeout 60s, or a runtime error); it gets no MSE and no frontier slot
================= Evaluated Function =================
def equation(x: np.ndarray, f1: np.ndarray, params: np.ndarray, d_axis: callable) -> np.ndarray:
    """ Mathematical function for the RHS of an unknown 1D PDE.

    Args:
        x: spatial coordinate grid, shape (Nx, 1).
        f1: the measured field, shape (Nx, Nt).
        params: a fixed-length array of exactly 5 entries. Use only indices 0..4.
        d_axis: spatial derivative. Call d_axis(field, axis, order); axis=0 is x1.

    Return:
        `f1_t_pred`, a numpy array with the grid shape.

    STRICT CONSTRAINT:
        1. SPATIAL DERIVATIVES & MATH: you are a physicist discovering a PDE. Use ONLY
           the provided d_axis(field, axis, order) for derivatives (max order 4), with
           axis=0 for the single spatial coordinate x1. For mathematical functions you
           are STRICTLY LIMITED to np.sin, np.cos, np.tanh and np.exp. Do not call any
           other np.* routine, do not import anything, and do not write numerical
           algorithms. Ordinary arithmetic (+ - * / **) and params[0..4] are free.
        2. OUTPUT FORMAT: write the complete formula, assign it to f1_t_pred, and
           strictly end with return f1_t_pred. No placeholders. Mind the shapes: x is
           (Nx, 1) and f1 is (Nx, Nt), so a coordinate factor must broadcast against
           f1 -- write x or x[:, 0:1], never x[:, 0].
        3. PARETO EVOLUTION: the frontier trades MSE against complexity. Complexity
           counts the derivative calls, the arithmetic operations and every params
           you use, so the same term written more compactly is preferred.
        4. OPTIMIZATION STRATEGY:{PARETO_FRONTIER_PLACEHOLDER}
    """
    return f1_t_pred
------------------------------------------------------
MSE          : N/A
Complexity   : N/A
Sample time  : 1.4183565378189087
Evaluate time: 2.825577735900879
Sample orders: 31
======================================================


================= Evaluated Function =================
def equation(x: np.ndarray, f1: np.ndarray, params: np.ndarray, d_axis: callable) -> np.ndarray:
    """ Mathematical function for the RHS of an unknown 1D PDE.

    Args:
        x: spatial coordinate grid, shape (Nx, 1).
        f1: the measured field, shape (Nx, Nt).
        params: a fixed-length array of exactly 5 entries. Use only indices 0..4.
        d_axis: spatial derivative. Call d_axis(field, axis, order); axis=0 is x1.

    Return:
        `f1_t_pred`, a numpy array with the grid shape.

    STRICT CONSTRAINT:
        1. SPATIAL DERIVATIVES & MATH: you are a physicist discovering a PDE. Use ONLY
           the provided d_axis(field, axis, order) for derivatives (max order 4), with
           axis=0 for the single spatial coordinate x1. For mathematical functions you
           are STRICTLY LIMITED to np.sin, np.cos, np.tanh and np.exp. Do not call any
           other np.* routine, do not import anything, and do not write numerical
           algorithms. Ordinary arithmetic (+ - * / **) and params[0..4] are free.
        2. OUTPUT FORMAT: write the complete formula, assign it to f1_t_pred, and
           strictly end with return f1_t_pred. No placeholders. Mind the shapes: x is
           (Nx, 1) and f1 is (Nx, Nt), so a coordinate factor must broadcast against
           f1 -- write x or x[:, 0:1], never x[:, 0].
        3. PARETO EVOLUTION: the frontier trades MSE against complexity. Complexity
           counts the derivative calls, the arithmetic operations and every params
           you use, so the same term written more compactly is preferred.
        4. OPTIMIZATION STRATEGY:{PARETO_FRONTIER_PLACEHOLDER}
    """
    f1_t_pred = params[0] * np.exp(-params[1] * (x[:, 0:1] ** 2)) * f1 + params[2] * d_axis(f1, 0, 2) + params[3] * d_axis(f1, 0, 4) + params[4] * (f1 ** 3) + params[5] * (f1 ** 5)

    return f1_t_pred✅ [EVALUATED] MSE: 1.81e-08 | Params: [ 1.500735  0.099745 -1.996621 -0.997537 -0.999971  0.999876]

------------------------------------------------------
MSE          : 1.81e-08
Complexity   : 29
Sample time  : 1.4183565378189087
Evaluate time: 13.491395473480225
Sample orders: 32
======================================================


================= Evaluated Function =================
def equation(x: np.ndarray, f1: np.ndarray, params: np.ndarray, d_axis: callable) -> np.ndarray:
    """ Mathematical function for the RHS of an unknown 1D PDE.

    Args:
        x: spatial coordinate grid, shape (Nx, 1).
        f1: the measured field, shape (Nx, Nt).
        params: a fixed-length array of exactly 5 entries. Use only indices 0..4.
        d_axis: spatial derivative. Call d_axis(field, axis, order); axis=0 is x1.

    Return:
        `f1_t_pred`, a numpy array with the grid shape.

    STRICT CONSTRAINT:
        1. SPATIAL DERIVATIVES & MATH: you are a physicist discovering a PDE. Use ONLY
           the provided d_axis(field, axis, order) for derivatives (max order 4), with
           axis=0 for the single spatial coordinate x1. For mathematical functions you
           are STRICTLY LIMITED to np.sin, np.cos, np.tanh and np.exp. Do not call any
           other np.* routine, do not import anything, and do not write numerical
           algorithms. Ordinary arithmetic (+ - * / **) and params[0..4] are free.
        2. OUTPUT FORMAT: write the complete formula, assign it to f1_t_pred, and
           strictly end with return f1_t_pred. No placeholders. Mind the shapes: x is
           (Nx, 1) and f1 is (Nx, Nt), so a coordinate factor must broadcast against
           f1 -- write x or x[:, 0:1], never x[:, 0].
        3. PARETO EVOLUTION: the frontier trades MSE against complexity. Complexity
           counts the derivative calls, the arithmetic operations and every params
           you use, so the same term written more compactly is preferred.
        4. OPTIMIZATION STRATEGY:{PARETO_FRONTIER_PLACEHOLDER}
    """
    f1_t_pred = params[0] * np.exp(-params[1] * (x[:, 0:1] ** 2)) * f1 + params[2] * d_axis(f1, 0, 2) + params[3] * d_axis(f1, 0, 4) + params[4] * (f1 ** 3) + params[5] * (f1 ** 5)

    return f1_t_pred
------------------------------------------------------
MSE          : 1.81e-08
Complexity   : 29
Sample time  : 1.872455894947052
Evaluate time: 13.922956705093384
Sample orders: 33
======================================================


🚫 [UNPARSABLE] the reply carried no executable body; draw dropped
🚫 [UNPARSABLE] the reply carried no executable body; draw dropped
✅ [EVALUATED] MSE: 1.81e-08 | Params: [ 1.500735  0.099745 -1.996621 -0.997537 -0.999971  0.999876]
✅ [EVALUATED] MSE: 1.81e-08 | Params: [ 1.500735  0.099745 -1.996621 -0.997537 -0.999971  0.999876]
================= Evaluated Function =================
def equation(x: np.ndarray, f1: np.ndarray, params: np.ndarray, d_axis: callable) -> np.ndarray:
    """ Mathematical function for the RHS of an unknown 1D PDE.

    Args:
        x: spatial coordinate grid, shape (Nx, 1).
        f1: the measured field, shape (Nx, Nt).
        params: a fixed-length array of exactly 5 entries. Use only indices 0..4.
        d_axis: spatial derivative. Call d_axis(field, axis, order); axis=0 is x1.

    Return:
        `f1_t_pred`, a numpy array with the grid shape.

    STRICT CONSTRAINT:
        1. SPATIAL DERIVATIVES & MATH: you are a physicist discovering a PDE. Use ONLY
           the provided d_axis(field, axis, order) for derivatives (max order 4), with
           axis=0 for the single spatial coordinate x1. For mathematical functions you
           are STRICTLY LIMITED to np.sin, np.cos, np.tanh and np.exp. Do not call any
           other np.* routine, do not import anything, and do not write numerical
           algorithms. Ordinary arithmetic (+ - * / **) and params[0..4] are free.
        2. OUTPUT FORMAT: write the complete formula, assign it to f1_t_pred, and
           strictly end with return f1_t_pred. No placeholders. Mind the shapes: x is
           (Nx, 1) and f1 is (Nx, Nt), so a coordinate factor must broadcast against
           f1 -- write x or x[:, 0:1], never x[:, 0].
        3. PARETO EVOLUTION: the frontier trades MSE against complexity. Complexity
           counts the derivative calls, the arithmetic operations and every params
           you use, so the same term written more compactly is preferred.
        4. OPTIMIZATION STRATEGY:{PARETO_FRONTIER_PLACEHOLDER}
    """
    f1_t_pred = params[0] * np.exp(-params[1] * (x[:, 0:1] ** 2)) * f1 + params[2] * d_axis(f1, 0, 2) + params[3] * d_axis(f1, 0, 4) + params[4] * (f1 ** 3) + params[5] * (f1 ** 5)

    return f1_t_pred
------------------------------------------------------
MSE          : 1.81e-08
Complexity   : 29
Sample time  : 1.872455894947052
Evaluate time: 14.17011284828186
Sample orders: 36
======================================================


================= Evaluated Function =================
def equation(x: np.ndarray, f1: np.ndarray, params: np.ndarray, d_axis: callable) -> np.ndarray:
    """ Mathematical function for the RHS of an unknown 1D PDE.

    Args:
        x: spatial coordinate grid, shape (Nx, 1).
        f1: the measured field, shape (Nx, Nt).
        params: a fixed-length array of exactly 5 entries. Use only indices 0..4.
        d_axis: spatial derivative. Call d_axis(field, axis, order); axis=0 is x1.

    Return:
        `f1_t_pred`, a numpy array with the grid shape.

    STRICT CONSTRAINT:
        1. SPATIAL DERIVATIVES & MATH: you are a physicist discovering a PDE. Use ONLY
           the provided d_axis(field, axis, order) for derivatives (max order 4), with
           axis=0 for the single spatial coordinate x1. For mathematical functions you
           are STRICTLY LIMITED to np.sin, np.cos, np.tanh and np.exp. Do not call any
           other np.* routine, do not import anything, and do not write numerical
           algorithms. Ordinary arithmetic (+ - * / **) and params[0..4] are free.
        2. OUTPUT FORMAT: write the complete formula, assign it to f1_t_pred, and
           strictly end with return f1_t_pred. No placeholders. Mind the shapes: x is
           (Nx, 1) and f1 is (Nx, Nt), so a coordinate factor must broadcast against
           f1 -- write x or x[:, 0:1], never x[:, 0].
        3. PARETO EVOLUTION: the frontier trades MSE against complexity. Complexity
           counts the derivative calls, the arithmetic operations and every params
           you use, so the same term written more compactly is preferred.
        4. OPTIMIZATION STRATEGY:{PARETO_FRONTIER_PLACEHOLDER}
    """
    f1_t_pred = params[0] * np.exp(-params[1] * (x[:, 0:1] ** 2)) * f1 + params[2] * d_axis(f1, 0, 2) + params[3] * d_axis(f1, 0, 4) + params[4] * (f1 ** 3) + params[5] * (f1 ** 5)

    return f1_t_pred
------------------------------------------------------
MSE          : 1.81e-08
Complexity   : 29
Sample time  : 3.9417494535446167
Evaluate time: 12.998274087905884
Sample orders: 37
======================================================


🚫 [UNPARSABLE] the reply carried no executable body; draw dropped
🚫 [UNPARSABLE] the reply carried no executable body; draw dropped
Execution Error: name 'f1_t_pred' is not defined
✅ [EVALUATED] MSE: 1.81e-08 | Params: [ 1.500735  0.099745 -1.996621 -0.997537 -0.999971  0.999876]
✅ [EVALUATED] MSE: 1.81e-08 | Params: [ 1.500735  0.099745 -1.996621 -0.997537 -0.999971  0.999876]
⏱️  [NO SCORE] the sandbox returned nothing for this draw (timeout 60s, or a runtime error); it gets no MSE and no frontier slot
================= Evaluated Function =================
def equation(x: np.ndarray, f1: np.ndarray, params: np.ndarray, d_axis: callable) -> np.ndarray:
    """ Mathematical function for the RHS of an unknown 1D PDE.

    Args:
        x: spatial coordinate grid, shape (Nx, 1).
        f1: the measured field, shape (Nx, Nt).
        params: a fixed-length array of exactly 5 entries. Use only indices 0..4.
        d_axis: spatial derivative. Call d_axis(field, axis, order); axis=0 is x1.

    Return:
        `f1_t_pred`, a numpy array with the grid shape.

    STRICT CONSTRAINT:
        1. SPATIAL DERIVATIVES & MATH: you are a physicist discovering a PDE. Use ONLY
           the provided d_axis(field, axis, order) for derivatives (max order 4), with
           axis=0 for the single spatial coordinate x1. For mathematical functions you
           are STRICTLY LIMITED to np.sin, np.cos, np.tanh and np.exp. Do not call any
           other np.* routine, do not import anything, and do not write numerical
           algorithms. Ordinary arithmetic (+ - * / **) and params[0..4] are free.
        2. OUTPUT FORMAT: write the complete formula, assign it to f1_t_pred, and
           strictly end with return f1_t_pred. No placeholders. Mind the shapes: x is
           (Nx, 1) and f1 is (Nx, Nt), so a coordinate factor must broadcast against
           f1 -- write x or x[:, 0:1], never x[:, 0].
        3. PARETO EVOLUTION: the frontier trades MSE against complexity. Complexity
           counts the derivative calls, the arithmetic operations and every params
           you use, so the same term written more compactly is preferred.
        4. OPTIMIZATION STRATEGY:{PARETO_FRONTIER_PLACEHOLDER}
    """
    return f1_t_pred
------------------------------------------------------
MSE          : N/A
Complexity   : N/A
Sample time  : 3.9417494535446167
Evaluate time: 2.5199832916259766
Sample orders: 40
======================================================


================= Evaluated Function =================
def equation(x: np.ndarray, f1: np.ndarray, params: np.ndarray, d_axis: callable) -> np.ndarray:
    """ Mathematical function for the RHS of an unknown 1D PDE.

    Args:
        x: spatial coordinate grid, shape (Nx, 1).
        f1: the measured field, shape (Nx, Nt).
        params: a fixed-length array of exactly 5 entries. Use only indices 0..4.
        d_axis: spatial derivative. Call d_axis(field, axis, order); axis=0 is x1.

    Return:
        `f1_t_pred`, a numpy array with the grid shape.

    STRICT CONSTRAINT:
        1. SPATIAL DERIVATIVES & MATH: you are a physicist discovering a PDE. Use ONLY
           the provided d_axis(field, axis, order) for derivatives (max order 4), with
           axis=0 for the single spatial coordinate x1. For mathematical functions you
           are STRICTLY LIMITED to np.sin, np.cos, np.tanh and np.exp. Do not call any
           other np.* routine, do not import anything, and do not write numerical
           algorithms. Ordinary arithmetic (+ - * / **) and params[0..4] are free.
        2. OUTPUT FORMAT: write the complete formula, assign it to f1_t_pred, and
           strictly end with return f1_t_pred. No placeholders. Mind the shapes: x is
           (Nx, 1) and f1 is (Nx, Nt), so a coordinate factor must broadcast against
           f1 -- write x or x[:, 0:1], never x[:, 0].
        3. PARETO EVOLUTION: the frontier trades MSE against complexity. Complexity
           counts the derivative calls, the arithmetic operations and every params
           you use, so the same term written more compactly is preferred.
        4. OPTIMIZATION STRATEGY:{PARETO_FRONTIER_PLACEHOLDER}
    """
    f1_t_pred = params[0] * np.exp(-params[1] * (x[:, 0:1] ** 2)) * f1 + params[2] * d_axis(f1, 0, 2) + params[3] * d_axis(f1, 0, 4) + params[4] * (f1 ** 3) + params[5] * (f1 ** 5)

    return f1_t_pred
------------------------------------------------------
MSE          : 1.81e-08
Complexity   : 29
Sample time  : 1.5467288494110107
Evaluate time: 13.959675073623657
Sample orders: 41
======================================================


================= Evaluated Function =================
def equation(x: np.ndarray, f1: np.ndarray, params: np.ndarray, d_axis: callable) -> np.ndarray:
    """ Mathematical function for the RHS of an unknown 1D PDE.

    Args:
        x: spatial coordinate grid, shape (Nx, 1).
        f1: the measured field, shape (Nx, Nt).
        params: a fixed-length array of exactly 5 entries. Use only indices 0..4.
        d_axis: spatial derivative. Call d_axis(field, axis, order); axis=0 is x1.

    Return:
        `f1_t_pred`, a numpy array with the grid shape.

    STRICT CONSTRAINT:
        1. SPATIAL DERIVATIVES & MATH: you are a physicist discovering a PDE. Use ONLY
           the provided d_axis(field, axis, order) for derivatives (max order 4), with
           axis=0 for the single spatial coordinate x1. For mathematical functions you
           are STRICTLY LIMITED to np.sin, np.cos, np.tanh and np.exp. Do not call any
           other np.* routine, do not import anything, and do not write numerical
           algorithms. Ordinary arithmetic (+ - * / **) and params[0..4] are free.
        2. OUTPUT FORMAT: write the complete formula, assign it to f1_t_pred, and
           strictly end with return f1_t_pred. No placeholders. Mind the shapes: x is
           (Nx, 1) and f1 is (Nx, Nt), so a coordinate factor must broadcast against
           f1 -- write x or x[:, 0:1], never x[:, 0].
        3. PARETO EVOLUTION: the frontier trades MSE against complexity. Complexity
           counts the derivative calls, the arithmetic operations and every params
           you use, so the same term written more compactly is preferred.
        4. OPTIMIZATION STRATEGY:{PARETO_FRONTIER_PLACEHOLDER}
    """
    f1_t_pred = params[0] * np.exp(-params[1] * (x[:, 0:1] ** 2)) * f1 + params[2] * d_axis(f1, 0, 2) + params[3] * d_axis(f1, 0, 4) + params[4] * (f1 ** 3) + params[5] * (f1 ** 5)

    return f1_t_pred
------------------------------------------------------
MSE          : 1.81e-08
Complexity   : 29
Sample time  : 1.5467288494110107
Evaluate time: 13.804274797439575
Sample orders: 42
======================================================


🚫 [UNPARSABLE] the reply carried no executable body; draw dropped
✅ [EVALUATED] MSE: 1.81e-08 | Params: [ 1.500735  0.099745 -1.996621 -0.997537 -0.999971  0.999876]
Execution Error: name 'f1_t_pred' is not defined
================= Evaluated Function =================
def equation(x: np.ndarray, f1: np.ndarray, params: np.ndarray, d_axis: callable) -> np.ndarray:
    """ Mathematical function for the RHS of an unknown 1D PDE.

    Args:
        x: spatial coordinate grid, shape (Nx, 1).
        f1: the measured field, shape (Nx, Nt).
        params: a fixed-length array of exactly 5 entries. Use only indices 0..4.
        d_axis: spatial derivative. Call d_axis(field, axis, order); axis=0 is x1.

    Return:
        `f1_t_pred`, a numpy array with the grid shape.

    STRICT CONSTRAINT:
        1. SPATIAL DERIVATIVES & MATH: you are a physicist discovering a PDE. Use ONLY
           the provided d_axis(field, axis, order) for derivatives (max order 4), with
           axis=0 for the single spatial coordinate x1. For mathematical functions you
           are STRICTLY LIMITED to np.sin, np.cos, np.tanh and np.exp. Do not call any
           other np.* routine, do not import anything, and do not write numerical
           algorithms. Ordinary arithmetic (+ - * / **) and params[0..4] are free.
        2. OUTPUT FORMAT: write the complete formula, assign it to f1_t_pred, and
           strictly end with return f1_t_pred. No placeholders. Mind the shapes: x is
           (Nx, 1) and f1 is (Nx, Nt), so a coordinate factor must broadcast against
           f1 -- write x or x[:, 0:1], never x[:, 0].
        3. PARETO EVOLUTION: the frontier trades MSE against complexity. Complexity
           counts the derivative calls, the arithmetic operations and every params
           you use, so the same term written more compactly is preferred.
        4. OPTIMIZATION STRATEGY:{PARETO_FRONTIER_PLACEHOLDER}
    """
    f1_t_pred = params[0] * np.exp(-params[1] * (x[:, 0:1] ** 2)) * f1 + params[2] * d_axis(f1, 0, 2) + params[3] * d_axis(f1, 0, 4) + params[4] * (f1 ** 3) + params[5] * (f1 ** 5)

    return f1_t_pred
------------------------------------------------------
MSE          : 1.81e-08
Complexity   : 29
Sample time  : 1.5467288494110107
Evaluate time: 14.099591732025146
Sample orders: 44
======================================================


⏱️  [NO SCORE] the sandbox returned nothing for this draw (timeout 60s, or a runtime error); it gets no MSE and no frontier slot
================= Evaluated Function =================
def equation(x: np.ndarray, f1: np.ndarray, params: np.ndarray, d_axis: callable) -> np.ndarray:
    """ Mathematical function for the RHS of an unknown 1D PDE.

    Args:
        x: spatial coordinate grid, shape (Nx, 1).
        f1: the measured field, shape (Nx, Nt).
        params: a fixed-length array of exactly 5 entries. Use only indices 0..4.
        d_axis: spatial derivative. Call d_axis(field, axis, order); axis=0 is x1.

    Return:
        `f1_t_pred`, a numpy array with the grid shape.

    STRICT CONSTRAINT:
        1. SPATIAL DERIVATIVES & MATH: you are a physicist discovering a PDE. Use ONLY
           the provided d_axis(field, axis, order) for derivatives (max order 4), with
           axis=0 for the single spatial coordinate x1. For mathematical functions you
           are STRICTLY LIMITED to np.sin, np.cos, np.tanh and np.exp. Do not call any
           other np.* routine, do not import anything, and do not write numerical
           algorithms. Ordinary arithmetic (+ - * / **) and params[0..4] are free.
        2. OUTPUT FORMAT: write the complete formula, assign it to f1_t_pred, and
           strictly end with return f1_t_pred. No placeholders. Mind the shapes: x is
           (Nx, 1) and f1 is (Nx, Nt), so a coordinate factor must broadcast against
           f1 -- write x or x[:, 0:1], never x[:, 0].
        3. PARETO EVOLUTION: the frontier trades MSE against complexity. Complexity
           counts the derivative calls, the arithmetic operations and every params
           you use, so the same term written more compactly is preferred.
        4. OPTIMIZATION STRATEGY:{PARETO_FRONTIER_PLACEHOLDER}
    """
    return f1_t_pred
------------------------------------------------------
MSE          : N/A
Complexity   : N/A
Sample time  : 1.5363627672195435
Evaluate time: 2.66723895072937
Sample orders: 45
======================================================


🚫 [UNPARSABLE] the reply carried no executable body; draw dropped
✅ [EVALUATED] MSE: 1.81e-08 | Params: [ 1.500735  0.099745 -1.996621 -0.997537 -0.999971  0.999876]
✅ [EVALUATED] MSE: 1.81e-08 | Params: [ 1.500735  0.099745 -1.996621 -0.997537 -0.999971  0.999876]
Execution Error: name 'f1_t_pred' is not defined
✅ [EVALUATED] MSE: 1.81e-08 | Params: [ 1.500735  0.099745 -1.996621 -0.997537 -0.999971  0.999876]
================= Evaluated Function =================
def equation(x: np.ndarray, f1: np.ndarray, params: np.ndarray, d_axis: callable) -> np.ndarray:
    """ Mathematical function for the RHS of an unknown 1D PDE.

    Args:
        x: spatial coordinate grid, shape (Nx, 1).
        f1: the measured field, shape (Nx, Nt).
        params: a fixed-length array of exactly 5 entries. Use only indices 0..4.
        d_axis: spatial derivative. Call d_axis(field, axis, order); axis=0 is x1.

    Return:
        `f1_t_pred`, a numpy array with the grid shape.

    STRICT CONSTRAINT:
        1. SPATIAL DERIVATIVES & MATH: you are a physicist discovering a PDE. Use ONLY
           the provided d_axis(field, axis, order) for derivatives (max order 4), with
           axis=0 for the single spatial coordinate x1. For mathematical functions you
           are STRICTLY LIMITED to np.sin, np.cos, np.tanh and np.exp. Do not call any
           other np.* routine, do not import anything, and do not write numerical
           algorithms. Ordinary arithmetic (+ - * / **) and params[0..4] are free.
        2. OUTPUT FORMAT: write the complete formula, assign it to f1_t_pred, and
           strictly end with return f1_t_pred. No placeholders. Mind the shapes: x is
           (Nx, 1) and f1 is (Nx, Nt), so a coordinate factor must broadcast against
           f1 -- write x or x[:, 0:1], never x[:, 0].
        3. PARETO EVOLUTION: the frontier trades MSE against complexity. Complexity
           counts the derivative calls, the arithmetic operations and every params
           you use, so the same term written more compactly is preferred.
        4. OPTIMIZATION STRATEGY:{PARETO_FRONTIER_PLACEHOLDER}
    """
    f1_t_pred = params[0] * np.exp(-params[1] * (x[:, 0:1] ** 2)) * f1 + params[2] * d_axis(f1, 0, 2) + params[3] * d_axis(f1, 0, 4) + params[4] * (f1 ** 3) + params[5] * (f1 ** 5)

    return f1_t_pred
------------------------------------------------------
MSE          : 1.81e-08
Complexity   : 29
Sample time  : 1.5363627672195435
Evaluate time: 13.920713186264038
Sample orders: 47
======================================================


================= Evaluated Function =================
def equation(x: np.ndarray, f1: np.ndarray, params: np.ndarray, d_axis: callable) -> np.ndarray:
    """ Mathematical function for the RHS of an unknown 1D PDE.

    Args:
        x: spatial coordinate grid, shape (Nx, 1).
        f1: the measured field, shape (Nx, Nt).
        params: a fixed-length array of exactly 5 entries. Use only indices 0..4.
        d_axis: spatial derivative. Call d_axis(field, axis, order); axis=0 is x1.

    Return:
        `f1_t_pred`, a numpy array with the grid shape.

    STRICT CONSTRAINT:
        1. SPATIAL DERIVATIVES & MATH: you are a physicist discovering a PDE. Use ONLY
           the provided d_axis(field, axis, order) for derivatives (max order 4), with
           axis=0 for the single spatial coordinate x1. For mathematical functions you
           are STRICTLY LIMITED to np.sin, np.cos, np.tanh and np.exp. Do not call any
           other np.* routine, do not import anything, and do not write numerical
           algorithms. Ordinary arithmetic (+ - * / **) and params[0..4] are free.
        2. OUTPUT FORMAT: write the complete formula, assign it to f1_t_pred, and
           strictly end with return f1_t_pred. No placeholders. Mind the shapes: x is
           (Nx, 1) and f1 is (Nx, Nt), so a coordinate factor must broadcast against
           f1 -- write x or x[:, 0:1], never x[:, 0].
        3. PARETO EVOLUTION: the frontier trades MSE against complexity. Complexity
           counts the derivative calls, the arithmetic operations and every params
           you use, so the same term written more compactly is preferred.
        4. OPTIMIZATION STRATEGY:{PARETO_FRONTIER_PLACEHOLDER}
    """
    f1_t_pred = params[0] * np.exp(-params[1] * (x[:, 0:1] ** 2)) * f1 + params[2] * d_axis(f1, 0, 2) + params[3] * d_axis(f1, 0, 4) + params[4] * (f1 ** 3) + params[5] * (f1 ** 5)

    return f1_t_pred
------------------------------------------------------
MSE          : 1.81e-08
Complexity   : 29
Sample time  : 1.5363627672195435
Evaluate time: 13.406195878982544
Sample orders: 48
======================================================


⏱️  [NO SCORE] the sandbox returned nothing for this draw (timeout 60s, or a runtime error); it gets no MSE and no frontier slot
================= Evaluated Function =================
def equation(x: np.ndarray, f1: np.ndarray, params: np.ndarray, d_axis: callable) -> np.ndarray:
    """ Mathematical function for the RHS of an unknown 1D PDE.

    Args:
        x: spatial coordinate grid, shape (Nx, 1).
        f1: the measured field, shape (Nx, Nt).
        params: a fixed-length array of exactly 5 entries. Use only indices 0..4.
        d_axis: spatial derivative. Call d_axis(field, axis, order); axis=0 is x1.

    Return:
        `f1_t_pred`, a numpy array with the grid shape.

    STRICT CONSTRAINT:
        1. SPATIAL DERIVATIVES & MATH: you are a physicist discovering a PDE. Use ONLY
           the provided d_axis(field, axis, order) for derivatives (max order 4), with
           axis=0 for the single spatial coordinate x1. For mathematical functions you
           are STRICTLY LIMITED to np.sin, np.cos, np.tanh and np.exp. Do not call any
           other np.* routine, do not import anything, and do not write numerical
           algorithms. Ordinary arithmetic (+ - * / **) and params[0..4] are free.
        2. OUTPUT FORMAT: write the complete formula, assign it to f1_t_pred, and
           strictly end with return f1_t_pred. No placeholders. Mind the shapes: x is
           (Nx, 1) and f1 is (Nx, Nt), so a coordinate factor must broadcast against
           f1 -- write x or x[:, 0:1], never x[:, 0].
        3. PARETO EVOLUTION: the frontier trades MSE against complexity. Complexity
           counts the derivative calls, the arithmetic operations and every params
           you use, so the same term written more compactly is preferred.
        4. OPTIMIZATION STRATEGY:{PARETO_FRONTIER_PLACEHOLDER}
    """
    return f1_t_pred
------------------------------------------------------
MSE          : N/A
Complexity   : N/A
Sample time  : 1.9084040522575378
Evaluate time: 2.8556361198425293
Sample orders: 49
======================================================


================= Evaluated Function =================
def equation(x: np.ndarray, f1: np.ndarray, params: np.ndarray, d_axis: callable) -> np.ndarray:
    """ Mathematical function for the RHS of an unknown 1D PDE.

    Args:
        x: spatial coordinate grid, shape (Nx, 1).
        f1: the measured field, shape (Nx, Nt).
        params: a fixed-length array of exactly 5 entries. Use only indices 0..4.
        d_axis: spatial derivative. Call d_axis(field, axis, order); axis=0 is x1.

    Return:
        `f1_t_pred`, a numpy array with the grid shape.

    STRICT CONSTRAINT:
        1. SPATIAL DERIVATIVES & MATH: you are a physicist discovering a PDE. Use ONLY
           the provided d_axis(field, axis, order) for derivatives (max order 4), with
           axis=0 for the single spatial coordinate x1. For mathematical functions you
           are STRICTLY LIMITED to np.sin, np.cos, np.tanh and np.exp. Do not call any
           other np.* routine, do not import anything, and do not write numerical
           algorithms. Ordinary arithmetic (+ - * / **) and params[0..4] are free.
        2. OUTPUT FORMAT: write the complete formula, assign it to f1_t_pred, and
           strictly end with return f1_t_pred. No placeholders. Mind the shapes: x is
           (Nx, 1) and f1 is (Nx, Nt), so a coordinate factor must broadcast against
           f1 -- write x or x[:, 0:1], never x[:, 0].
        3. PARETO EVOLUTION: the frontier trades MSE against complexity. Complexity
           counts the derivative calls, the arithmetic operations and every params
           you use, so the same term written more compactly is preferred.
        4. OPTIMIZATION STRATEGY:{PARETO_FRONTIER_PLACEHOLDER}
    """
    f1_t_pred = params[0] * np.exp(-params[1] * (x[:, 0:1] ** 2)) * f1 + params[2] * d_axis(f1, 0, 2) + params[3] * d_axis(f1, 0, 4) + params[4] * (f1 ** 3) + params[5] * (f1 ** 5)

    return f1_t_pred✅ [EVALUATED] MSE: 1.81e-08 | Params: [ 1.500735  0.099745 -1.996621 -0.997537 -0.999971  0.999876]

------------------------------------------------------
MSE          : 1.81e-08
Complexity   : 29
Sample time  : 1.9084040522575378
Evaluate time: 14.488205909729004
Sample orders: 50
======================================================


================= Evaluated Function =================
def equation(x: np.ndarray, f1: np.ndarray, params: np.ndarray, d_axis: callable) -> np.ndarray:
    """ Mathematical function for the RHS of an unknown 1D PDE.

    Args:
        x: spatial coordinate grid, shape (Nx, 1).
        f1: the measured field, shape (Nx, Nt).
        params: a fixed-length array of exactly 5 entries. Use only indices 0..4.
        d_axis: spatial derivative. Call d_axis(field, axis, order); axis=0 is x1.

    Return:
        `f1_t_pred`, a numpy array with the grid shape.

    STRICT CONSTRAINT:
        1. SPATIAL DERIVATIVES & MATH: you are a physicist discovering a PDE. Use ONLY
           the provided d_axis(field, axis, order) for derivatives (max order 4), with
           axis=0 for the single spatial coordinate x1. For mathematical functions you
           are STRICTLY LIMITED to np.sin, np.cos, np.tanh and np.exp. Do not call any
           other np.* routine, do not import anything, and do not write numerical
           algorithms. Ordinary arithmetic (+ - * / **) and params[0..4] are free.
        2. OUTPUT FORMAT: write the complete formula, assign it to f1_t_pred, and
           strictly end with return f1_t_pred. No placeholders. Mind the shapes: x is
           (Nx, 1) and f1 is (Nx, Nt), so a coordinate factor must broadcast against
           f1 -- write x or x[:, 0:1], never x[:, 0].
        3. PARETO EVOLUTION: the frontier trades MSE against complexity. Complexity
           counts the derivative calls, the arithmetic operations and every params
           you use, so the same term written more compactly is preferred.
        4. OPTIMIZATION STRATEGY:{PARETO_FRONTIER_PLACEHOLDER}
    """
    f1_t_pred = params[0] * np.exp(-params[1] * (x[:, 0:1] ** 2)) * f1 + params[2] * d_axis(f1, 0, 2) + params[3] * d_axis(f1, 0, 4) + params[4] * (f1 ** 3) + params[5] * (f1 ** 5)

    return f1_t_pred
------------------------------------------------------
MSE          : 1.81e-08
Complexity   : 29
Sample time  : 1.9084040522575378
Evaluate time: 14.2883460521698
Sample orders: 51
======================================================


🚫 [UNPARSABLE] the reply carried no executable body; draw dropped
✅ [EVALUATED] MSE: 1.81e-08 | Params: [ 1.500735  0.099745 -1.996621 -0.997537 -0.999971  0.999876]
================= Evaluated Function =================
def equation(x: np.ndarray, f1: np.ndarray, params: np.ndarray, d_axis: callable) -> np.ndarray:
    """ Mathematical function for the RHS of an unknown 1D PDE.

    Args:
        x: spatial coordinate grid, shape (Nx, 1).
        f1: the measured field, shape (Nx, Nt).
        params: a fixed-length array of exactly 5 entries. Use only indices 0..4.
        d_axis: spatial derivative. Call d_axis(field, axis, order); axis=0 is x1.

    Return:
        `f1_t_pred`, a numpy array with the grid shape.

    STRICT CONSTRAINT:
        1. SPATIAL DERIVATIVES & MATH: you are a physicist discovering a PDE. Use ONLY
           the provided d_axis(field, axis, order) for derivatives (max order 4), with
           axis=0 for the single spatial coordinate x1. For mathematical functions you
           are STRICTLY LIMITED to np.sin, np.cos, np.tanh and np.exp. Do not call any
           other np.* routine, do not import anything, and do not write numerical
           algorithms. Ordinary arithmetic (+ - * / **) and params[0..4] are free.
        2. OUTPUT FORMAT: write the complete formula, assign it to f1_t_pred, and
           strictly end with return f1_t_pred. No placeholders. Mind the shapes: x is
           (Nx, 1) and f1 is (Nx, Nt), so a coordinate factor must broadcast against
           f1 -- write x or x[:, 0:1], never x[:, 0].
        3. PARETO EVOLUTION: the frontier trades MSE against complexity. Complexity
           counts the derivative calls, the arithmetic operations and every params
           you use, so the same term written more compactly is preferred.
        4. OPTIMIZATION STRATEGY:{PARETO_FRONTIER_PLACEHOLDER}
    """
    f1_t_pred = params[0] * np.exp(-params[1] * (x[:, 0:1] ** 2)) * f1 + params[2] * d_axis(f1, 0, 2) + params[3] * d_axis(f1, 0, 4) + params[4] * (f1 ** 3) + params[5] * (f1 ** 5)

    return f1_t_pred
------------------------------------------------------
MSE          : 1.81e-08
Complexity   : 29
Sample time  : 1.9585328102111816
Evaluate time: 13.924414157867432
Sample orders: 53
======================================================


🚫 [UNPARSABLE] the reply carried no executable body; draw dropped
✅ [EVALUATED] MSE: 1.81e-08 | Params: [ 1.500735  0.099745 -1.996621 -0.997537 -0.999971  0.999876]
Execution Error: name 'f1_t_pred' is not defined
✅ [EVALUATED] MSE: 1.81e-08 | Params: [ 1.500735  0.099745 -1.996621 -0.997537 -0.999971  0.999876]
✅ [EVALUATED] MSE: 1.81e-08 | Params: [ 1.500735  0.099745 -1.996621 -0.997537 -0.999971  0.999876]
================= Evaluated Function =================
def equation(x: np.ndarray, f1: np.ndarray, params: np.ndarray, d_axis: callable) -> np.ndarray:
    """ Mathematical function for the RHS of an unknown 1D PDE.

    Args:
        x: spatial coordinate grid, shape (Nx, 1).
        f1: the measured field, shape (Nx, Nt).
        params: a fixed-length array of exactly 5 entries. Use only indices 0..4.
        d_axis: spatial derivative. Call d_axis(field, axis, order); axis=0 is x1.

    Return:
        `f1_t_pred`, a numpy array with the grid shape.

    STRICT CONSTRAINT:
        1. SPATIAL DERIVATIVES & MATH: you are a physicist discovering a PDE. Use ONLY
           the provided d_axis(field, axis, order) for derivatives (max order 4), with
           axis=0 for the single spatial coordinate x1. For mathematical functions you
           are STRICTLY LIMITED to np.sin, np.cos, np.tanh and np.exp. Do not call any
           other np.* routine, do not import anything, and do not write numerical
           algorithms. Ordinary arithmetic (+ - * / **) and params[0..4] are free.
        2. OUTPUT FORMAT: write the complete formula, assign it to f1_t_pred, and
           strictly end with return f1_t_pred. No placeholders. Mind the shapes: x is
           (Nx, 1) and f1 is (Nx, Nt), so a coordinate factor must broadcast against
           f1 -- write x or x[:, 0:1], never x[:, 0].
        3. PARETO EVOLUTION: the frontier trades MSE against complexity. Complexity
           counts the derivative calls, the arithmetic operations and every params
           you use, so the same term written more compactly is preferred.
        4. OPTIMIZATION STRATEGY:{PARETO_FRONTIER_PLACEHOLDER}
    """
    f1_t_pred = params[0] * np.exp(-params[1] * (x[:, 0:1] ** 2)) * f1 + params[2] * d_axis(f1, 0, 2) + params[3] * d_axis(f1, 0, 4) + params[4] * (f1 ** 3) + params[5] * (f1 ** 5)

    return f1_t_pred
------------------------------------------------------
MSE          : 1.81e-08
Complexity   : 29
Sample time  : 1.9585328102111816
Evaluate time: 13.89351773262024
Sample orders: 55
======================================================


⏱️  [NO SCORE] the sandbox returned nothing for this draw (timeout 60s, or a runtime error); it gets no MSE and no frontier slot
================= Evaluated Function =================
def equation(x: np.ndarray, f1: np.ndarray, params: np.ndarray, d_axis: callable) -> np.ndarray:
    """ Mathematical function for the RHS of an unknown 1D PDE.

    Args:
        x: spatial coordinate grid, shape (Nx, 1).
        f1: the measured field, shape (Nx, Nt).
        params: a fixed-length array of exactly 5 entries. Use only indices 0..4.
        d_axis: spatial derivative. Call d_axis(field, axis, order); axis=0 is x1.

    Return:
        `f1_t_pred`, a numpy array with the grid shape.

    STRICT CONSTRAINT:
        1. SPATIAL DERIVATIVES & MATH: you are a physicist discovering a PDE. Use ONLY
           the provided d_axis(field, axis, order) for derivatives (max order 4), with
           axis=0 for the single spatial coordinate x1. For mathematical functions you
           are STRICTLY LIMITED to np.sin, np.cos, np.tanh and np.exp. Do not call any
           other np.* routine, do not import anything, and do not write numerical
           algorithms. Ordinary arithmetic (+ - * / **) and params[0..4] are free.
        2. OUTPUT FORMAT: write the complete formula, assign it to f1_t_pred, and
           strictly end with return f1_t_pred. No placeholders. Mind the shapes: x is
           (Nx, 1) and f1 is (Nx, Nt), so a coordinate factor must broadcast against
           f1 -- write x or x[:, 0:1], never x[:, 0].
        3. PARETO EVOLUTION: the frontier trades MSE against complexity. Complexity
           counts the derivative calls, the arithmetic operations and every params
           you use, so the same term written more compactly is preferred.
        4. OPTIMIZATION STRATEGY:{PARETO_FRONTIER_PLACEHOLDER}
    """
    return f1_t_pred
------------------------------------------------------
MSE          : N/A
Complexity   : N/A
Sample time  : 1.9585328102111816
Evaluate time: 2.798220634460449
Sample orders: 56
======================================================


================= Evaluated Function =================
def equation(x: np.ndarray, f1: np.ndarray, params: np.ndarray, d_axis: callable) -> np.ndarray:
    """ Mathematical function for the RHS of an unknown 1D PDE.

    Args:
        x: spatial coordinate grid, shape (Nx, 1).
        f1: the measured field, shape (Nx, Nt).
        params: a fixed-length array of exactly 5 entries. Use only indices 0..4.
        d_axis: spatial derivative. Call d_axis(field, axis, order); axis=0 is x1.

    Return:
        `f1_t_pred`, a numpy array with the grid shape.

    STRICT CONSTRAINT:
        1. SPATIAL DERIVATIVES & MATH: you are a physicist discovering a PDE. Use ONLY
           the provided d_axis(field, axis, order) for derivatives (max order 4), with
           axis=0 for the single spatial coordinate x1. For mathematical functions you
           are STRICTLY LIMITED to np.sin, np.cos, np.tanh and np.exp. Do not call any
           other np.* routine, do not import anything, and do not write numerical
           algorithms. Ordinary arithmetic (+ - * / **) and params[0..4] are free.
        2. OUTPUT FORMAT: write the complete formula, assign it to f1_t_pred, and
           strictly end with return f1_t_pred. No placeholders. Mind the shapes: x is
           (Nx, 1) and f1 is (Nx, Nt), so a coordinate factor must broadcast against
           f1 -- write x or x[:, 0:1], never x[:, 0].
        3. PARETO EVOLUTION: the frontier trades MSE against complexity. Complexity
           counts the derivative calls, the arithmetic operations and every params
           you use, so the same term written more compactly is preferred.
        4. OPTIMIZATION STRATEGY:{PARETO_FRONTIER_PLACEHOLDER}
    """
    f1_t_pred = params[0] * np.exp(-params[1] * (x[:, 0:1] ** 2)) * f1 + params[2] * d_axis(f1, 0, 2) + params[3] * d_axis(f1, 0, 4) + params[4] * (f1 ** 3) + params[5] * (f1 ** 5)

    return f1_t_pred
------------------------------------------------------
MSE          : 1.81e-08
Complexity   : 29
Sample time  : 2.8811023831367493
Evaluate time: 14.451847314834595
Sample orders: 57
======================================================


================= Evaluated Function =================
def equation(x: np.ndarray, f1: np.ndarray, params: np.ndarray, d_axis: callable) -> np.ndarray:
    """ Mathematical function for the RHS of an unknown 1D PDE.

    Args:
        x: spatial coordinate grid, shape (Nx, 1).
        f1: the measured field, shape (Nx, Nt).
        params: a fixed-length array of exactly 5 entries. Use only indices 0..4.
        d_axis: spatial derivative. Call d_axis(field, axis, order); axis=0 is x1.

    Return:
        `f1_t_pred`, a numpy array with the grid shape.

    STRICT CONSTRAINT:
        1. SPATIAL DERIVATIVES & MATH: you are a physicist discovering a PDE. Use ONLY
           the provided d_axis(field, axis, order) for derivatives (max order 4), with
           axis=0 for the single spatial coordinate x1. For mathematical functions you
           are STRICTLY LIMITED to np.sin, np.cos, np.tanh and np.exp. Do not call any
           other np.* routine, do not import anything, and do not write numerical
           algorithms. Ordinary arithmetic (+ - * / **) and params[0..4] are free.
        2. OUTPUT FORMAT: write the complete formula, assign it to f1_t_pred, and
           strictly end with return f1_t_pred. No placeholders. Mind the shapes: x is
           (Nx, 1) and f1 is (Nx, Nt), so a coordinate factor must broadcast against
           f1 -- write x or x[:, 0:1], never x[:, 0].
        3. PARETO EVOLUTION: the frontier trades MSE against complexity. Complexity
           counts the derivative calls, the arithmetic operations and every params
           you use, so the same term written more compactly is preferred.
        4. OPTIMIZATION STRATEGY:{PARETO_FRONTIER_PLACEHOLDER}
    """
    f1_t_pred = params[0] * np.exp(-params[1] * (x[:, 0:1] ** 2)) * f1 + params[2] * d_axis(f1, 0, 2) + params[3] * d_axis(f1, 0, 4) + params[4] * (f1 ** 3) + params[5] * (f1 ** 5)

    return f1_t_pred
------------------------------------------------------
MSE          : 1.81e-08
Complexity   : 29
Sample time  : 2.8811023831367493
Evaluate time: 14.342928171157837
Sample orders: 58
======================================================


🚫 [UNPARSABLE] the reply carried no executable body; draw dropped
🚫 [UNPARSABLE] the reply carried no executable body; draw dropped
✅ [EVALUATED] MSE: 1.81e-08 | Params: [ 1.500735  0.099745 -1.996621 -0.997537 -0.999971  0.999876]
✅ [EVALUATED] MSE: 1.81e-08 | Params: [ 1.500735  0.099745 -1.996621 -0.997537 -0.999971  0.999876]
✅ [EVALUATED] MSE: 1.81e-08 | Params: [ 1.500735  0.099745 -1.996621 -0.997537 -0.999971  0.999876]
✅ [EVALUATED] MSE: 1.81e-08 | Params: [ 1.500735  0.099745 -1.996621 -0.997537 -0.999971  0.999876]
================= Evaluated Function =================
def equation(x: np.ndarray, f1: np.ndarray, params: np.ndarray, d_axis: callable) -> np.ndarray:
    """ Mathematical function for the RHS of an unknown 1D PDE.

    Args:
        x: spatial coordinate grid, shape (Nx, 1).
        f1: the measured field, shape (Nx, Nt).
        params: a fixed-length array of exactly 5 entries. Use only indices 0..4.
        d_axis: spatial derivative. Call d_axis(field, axis, order); axis=0 is x1.

    Return:
        `f1_t_pred`, a numpy array with the grid shape.

    STRICT CONSTRAINT:
        1. SPATIAL DERIVATIVES & MATH: you are a physicist discovering a PDE. Use ONLY
           the provided d_axis(field, axis, order) for derivatives (max order 4), with
           axis=0 for the single spatial coordinate x1. For mathematical functions you
           are STRICTLY LIMITED to np.sin, np.cos, np.tanh and np.exp. Do not call any
           other np.* routine, do not import anything, and do not write numerical
           algorithms. Ordinary arithmetic (+ - * / **) and params[0..4] are free.
        2. OUTPUT FORMAT: write the complete formula, assign it to f1_t_pred, and
           strictly end with return f1_t_pred. No placeholders. Mind the shapes: x is
           (Nx, 1) and f1 is (Nx, Nt), so a coordinate factor must broadcast against
           f1 -- write x or x[:, 0:1], never x[:, 0].
        3. PARETO EVOLUTION: the frontier trades MSE against complexity. Complexity
           counts the derivative calls, the arithmetic operations and every params
           you use, so the same term written more compactly is preferred.
        4. OPTIMIZATION STRATEGY:{PARETO_FRONTIER_PLACEHOLDER}
    """
    f1_t_pred = params[0] * np.exp(-params[1] * (x[:, 0:1] ** 2)) * f1 + params[2] * d_axis(f1, 0, 2) + params[3] * d_axis(f1, 0, 4) + params[4] * (f1 ** 3) + params[5] * (f1 ** 5)

    return f1_t_pred
------------------------------------------------------
MSE          : 1.81e-08
Complexity   : 29
Sample time  : 7.3971123695373535
Evaluate time: 13.493919372558594
Sample orders: 61
======================================================


================= Evaluated Function =================
def equation(x: np.ndarray, f1: np.ndarray, params: np.ndarray, d_axis: callable) -> np.ndarray:
    """ Mathematical function for the RHS of an unknown 1D PDE.

    Args:
        x: spatial coordinate grid, shape (Nx, 1).
        f1: the measured field, shape (Nx, Nt).
        params: a fixed-length array of exactly 5 entries. Use only indices 0..4.
        d_axis: spatial derivative. Call d_axis(field, axis, order); axis=0 is x1.

    Return:
        `f1_t_pred`, a numpy array with the grid shape.

    STRICT CONSTRAINT:
        1. SPATIAL DERIVATIVES & MATH: you are a physicist discovering a PDE. Use ONLY
           the provided d_axis(field, axis, order) for derivatives (max order 4), with
           axis=0 for the single spatial coordinate x1. For mathematical functions you
           are STRICTLY LIMITED to np.sin, np.cos, np.tanh and np.exp. Do not call any
           other np.* routine, do not import anything, and do not write numerical
           algorithms. Ordinary arithmetic (+ - * / **) and params[0..4] are free.
        2. OUTPUT FORMAT: write the complete formula, assign it to f1_t_pred, and
           strictly end with return f1_t_pred. No placeholders. Mind the shapes: x is
           (Nx, 1) and f1 is (Nx, Nt), so a coordinate factor must broadcast against
           f1 -- write x or x[:, 0:1], never x[:, 0].
        3. PARETO EVOLUTION: the frontier trades MSE against complexity. Complexity
           counts the derivative calls, the arithmetic operations and every params
           you use, so the same term written more compactly is preferred.
        4. OPTIMIZATION STRATEGY:{PARETO_FRONTIER_PLACEHOLDER}
    """
    f1_t_pred = params[0] * np.exp(-params[1] * (x[:, 0:1] ** 2)) * f1 + params[2] * d_axis(f1, 0, 2) + params[3] * d_axis(f1, 0, 4) + params[4] * (f1 ** 3) + params[5] * (f1 ** 5)

    return f1_t_pred
------------------------------------------------------
MSE          : 1.81e-08
Complexity   : 29
Sample time  : 7.3971123695373535
Evaluate time: 13.740017890930176
Sample orders: 62
======================================================


================= Evaluated Function =================
def equation(x: np.ndarray, f1: np.ndarray, params: np.ndarray, d_axis: callable) -> np.ndarray:
    """ Mathematical function for the RHS of an unknown 1D PDE.

    Args:
        x: spatial coordinate grid, shape (Nx, 1).
        f1: the measured field, shape (Nx, Nt).
        params: a fixed-length array of exactly 5 entries. Use only indices 0..4.
        d_axis: spatial derivative. Call d_axis(field, axis, order); axis=0 is x1.

    Return:
        `f1_t_pred`, a numpy array with the grid shape.

    STRICT CONSTRAINT:
        1. SPATIAL DERIVATIVES & MATH: you are a physicist discovering a PDE. Use ONLY
           the provided d_axis(field, axis, order) for derivatives (max order 4), with
           axis=0 for the single spatial coordinate x1. For mathematical functions you
           are STRICTLY LIMITED to np.sin, np.cos, np.tanh and np.exp. Do not call any
           other np.* routine, do not import anything, and do not write numerical
           algorithms. Ordinary arithmetic (+ - * / **) and params[0..4] are free.
        2. OUTPUT FORMAT: write the complete formula, assign it to f1_t_pred, and
           strictly end with return f1_t_pred. No placeholders. Mind the shapes: x is
           (Nx, 1) and f1 is (Nx, Nt), so a coordinate factor must broadcast against
           f1 -- write x or x[:, 0:1], never x[:, 0].
        3. PARETO EVOLUTION: the frontier trades MSE against complexity. Complexity
           counts the derivative calls, the arithmetic operations and every params
           you use, so the same term written more compactly is preferred.
        4. OPTIMIZATION STRATEGY:{PARETO_FRONTIER_PLACEHOLDER}
    """
    f1_t_pred = params[0] * np.exp(-params[1] * (x[:, 0:1] ** 2)) * f1 + params[2] * d_axis(f1, 0, 2) + params[3] * d_axis(f1, 0, 4) + params[4] * (f1 ** 3) + params[5] * (f1 ** 5)

    return f1_t_pred
------------------------------------------------------
MSE          : 1.81e-08
Complexity   : 29
Sample time  : 7.3971123695373535
Evaluate time: 14.137260913848877
Sample orders: 63
======================================================


================= Evaluated Function =================
def equation(x: np.ndarray, f1: np.ndarray, params: np.ndarray, d_axis: callable) -> np.ndarray:
    """ Mathematical function for the RHS of an unknown 1D PDE.

    Args:
        x: spatial coordinate grid, shape (Nx, 1).
        f1: the measured field, shape (Nx, Nt).
        params: a fixed-length array of exactly 5 entries. Use only indices 0..4.
        d_axis: spatial derivative. Call d_axis(field, axis, order); axis=0 is x1.

    Return:
        `f1_t_pred`, a numpy array with the grid shape.

    STRICT CONSTRAINT:
        1. SPATIAL DERIVATIVES & MATH: you are a physicist discovering a PDE. Use ONLY
           the provided d_axis(field, axis, order) for derivatives (max order 4), with
           axis=0 for the single spatial coordinate x1. For mathematical functions you
           are STRICTLY LIMITED to np.sin, np.cos, np.tanh and np.exp. Do not call any
           other np.* routine, do not import anything, and do not write numerical
           algorithms. Ordinary arithmetic (+ - * / **) and params[0..4] are free.
        2. OUTPUT FORMAT: write the complete formula, assign it to f1_t_pred, and
           strictly end with return f1_t_pred. No placeholders. Mind the shapes: x is
           (Nx, 1) and f1 is (Nx, Nt), so a coordinate factor must broadcast against
           f1 -- write x or x[:, 0:1], never x[:, 0].
        3. PARETO EVOLUTION: the frontier trades MSE against complexity. Complexity
           counts the derivative calls, the arithmetic operations and every params
           you use, so the same term written more compactly is preferred.
        4. OPTIMIZATION STRATEGY:{PARETO_FRONTIER_PLACEHOLDER}
    """
    x_1d = np.asarray(data['x1'], dtype=float)
    f1 = np.asarray(data['f1'], dtype=float)
    f1_t_true = np.asarray(data['f1_t_true'], dtype=float)
    h1 = float(data['h1'])

    x_b = x_1d.reshape(-1, 1)

    def d_axis(array: np.ndarray, axis: int, order: int) -> np.ndarray:
        if order == 0:
            return array
        if axis != 0:
            raise ValueError("unknown axis")
        if order > 4:
            raise ValueError("Quintic spline allowed up to 4th order only.")
        return make_interp_spline(x_1d, array, k=5, axis=0)(x_1d, nu=order)

    G.bind((0,), d_axis, coords=(x_b, np.zeros_like(x_b)))

    K = 10
    Phi = _bump_matrix(x_1d, K)
    target = np.stack([np.trapz(f1_t_true * Phi[:, [i]], dx=h1, axis=0)
                       for i in range(K)], axis=0)

    def loss(params):
        f1_t_pred = equation(x_b, f1, params, d_axis)
        pred = np.stack([np.trapz(f1_t_pred * Phi[:, [i]], dx=h1, axis=0)
                         for i in range(K)], axis=0)
        return np.mean((pred - target) ** 2)

    result = minimize(loss, [1.0] * MAX_NPARAMS, method='BFGS',
                      options={'gtol': 1e-10, 'maxiter': 800, 'eps': 1e-12})
    base_mse = float(result.fun)
    if np.isnan(base_mse) or np.isinf(base_mse):
        return float('inf')
    print(f"✅ [EVALUATED] MSE: {base_mse:.2e} | Params: {np.round(result.x, 6)}")
    return base_mse

def equation(x: np.ndarray, f1: np.ndarray, params: np.ndarray, d_axis: callable) -> np.ndarray:
    """ Mathematical function for the RHS of an unknown 1D PDE.

    Args:
        x: spatial coordinate grid, shape (Nx, 1).
        f1: the measured field, shape (Nx, Nt).
        params: a fixed-length array of exactly 5 entries. Use only indices 0..4.
        d_axis: spatial derivative. Call d_axis(field, axis, order); axis=0 is x1.

    Return:
        `f1_t_pred`, a numpy array with the grid shape.

    STRICT CONSTRAINT:
        1. SPATIAL DERIVATIVES & MATH: you are a physicist discovering a PDE. Use ONLY
           the provided d_axis(field, axis, order) for derivatives (max order 4), with
           axis=0 for the single spatial coordinate x1. For mathematical functions you
           are STRICTLY LIMITED to np.sin, np.cos, np.tanh and np.exp. Do not call any
           other np.* routine, do not import anything, and do not write numerical
           algorithms. Ordinary arithmetic (+ - * / **) and params[0..4] are free.
        2. OUTPUT FORMAT: write the complete formula, assign it to f1_t_pred, and
           strictly end with return f1_t_pred. No placeholders. Mind the shapes: x is
           (Nx, 1) and f1 is (Nx, Nt), so a coordinate factor must broadcast against
           f1 -- write x or x[:, 0:1], never x[:, 0].
        3. PARETO EVOLUTION: the frontier trades MSE against complexity. Complexity
           counts the derivative calls, the arithmetic operations and every params
           you use, so the same term written more compactly is preferred.
        4. OPTIMIZATION STRATEGY:### LIBRARY GUIDANCE (directions for this problem, ordered by priority)

These are NOT functions to call. They are the shapes this problem is expected
to be built from, written out so you can see what is meant. Write the equation
yourself with the allowed operators; anything that follows this guidance and
reproduces the measurements is acceptable.

Scope: The problem covers a one-dimensional, locally driven, damped Swift–Hohenberg-type amplitude equation with cubic and quintic (or higher) nonlinearity, where the driving is modulated by a fixed bell-shaped envelope and the short scales are damped by a fourth-order term. The library must represent local gain, order selection via negative second-order diffusion, biharmonic damping, and a restoring polynomial nonlinearity.
Out of scope: No boundary forcing, no explicit time dependence in coefficients, no stochastic terms, no coupling to other fields, no advection or convection, no nonlocal integral operators, no spatially variable diffusion coefficients except the prescribed envelope modulation.
  level 1 (priority 1): Core Swift–Hohenberg with envelope gain -- Capture the exact linear and nonlinear structure: envelope-modulated linear growth, negative second-order term, fourth-order damping, polynomial restoring nonlinearity.
  level 2 (priority 2): Saturating and envelope-modulated nonlinearities -- Include envelope-weighted nonlinear terms and saturating forms to refine the shape of the nonlinear response while preserving the core balance.
  level 3 (priority 3): Variant gradient/transport corrections -- Introduce gradient nonlinearities and porous-medium-type saturation only if residual demands it, as extensions not named in the prior.

Structures to aim for, in the order they should be tried:
  - envelope_gain_linear: (np.exp(-k_envelope * (X(0) ** 2)) * f1)   (free scale(s) k_envelope -- choose the value, do not fix it)
      Local gain proportional to the bell-shaped envelope times the field; envelope width is a searched formal.
  - negative_second_order: D(f1, axis, 2)
      Second derivative with opposite sign (coefficient will be negative) to select a preferred scale.
  - fourth_order_damping: D(f1, axis, 4)
      Fourth derivative with positive coefficient to damp the shortest scales.
  - restoring_cubic_quintic: ((c3 * (f1 ** 3)) + (c5 * (f1 ** 5)))   (free scale(s) c3, c5 -- choose the value, do not fix it)
      Polynomial restoring force: cubic pulls small departures back, quintic caps large excursions.
  - envelope_gain_cubic: ((np.exp(-k_envelope * (X(0) ** 2)) * f1) * (f1 * f1))   (free scale(s) k_envelope -- choose the value, do not fix it)
      Envelope-modulated cubic gain to allow spatial variation in the nonlinear growth term.
  - envelope_weighted_polynomial: (np.exp(-k_envelope2 * (X(0) ** 2)) * ((c1 * f1) + (c3 * (f1 ** 3)) + (c5 * (f1 ** 5))))   (free scale(s) k_envelope2, c1, c3, c5 -- choose the value, do not fix it)
      Full polynomial response modulated by the envelope, allowing the gain and nonlinearity to share or differ in envelope width.
  - tanh_soft_restoring: (np.tanh((a * f1)) * (f1 - (b * (f1 * (f1 * f1)))))   (free scale(s) a, b -- choose the value, do not fix it)
      Soft saturating restoring force with tanh to limit unbounded growth; a and b set threshold and cap.
  - nonlinear_flux: D((c * (f1 * (f1 * D(f1, axis, 1)))), axis, 1)   (free scale(s) c -- choose the value, do not fix it)
      Divergence of a nonlinear flux proportional to f^2 times gradient, representing a saturation-induced drift.
  - gradient_phi_nonlinear: D(MUL(POW(f1, 2), D(f1, axis, 1)), axis, 1)
      Flux divergence of f^2 * d(f)/dx, a porous-medium-type nonlinear diffusion that can sharpen or smooth depending on sign.
  - envelope_gradient_term: (np.exp(-k_envelope * (X(0) ** 2)) * D(f1, axis, 1))   (free scale(s) k_envelope -- choose the value, do not fix it)
      Envelope-modulated first derivative, representing advective-like response localized by the envelope.

Search plan: Start at Level 1: search over linear combinations of the five core mechanisms (envelope_gain_linear, negative_second_order, fourth_order_damping, restoring_cubic_quintic) with formals for all coefficients and envelope width k_envelope. Compose as sum of these terms. Then fit coefficients and envelope width. If residual remains, add Level 2 mechanisms one at a time: first envelope_gain_cubic, then envelope_weighted_polynomial; allow separate envelope widths but penalize complexity. Test tanh_soft_restoring only if polynomial fails. Move to Level 3 only if systematic spatial residuals suggest gradient/transport terms; add them individually and verify improvement. Always prune coefficients that become negligible and mechanisms that do not reduce validation error; keep model minimal.

BANNED here (unphysical): Any expression with a time derivative or integral; Any dependence on f1_t itself; Using sin/cos as spatial envelopes (only bell-shaped bump allowed); Division by f1 (log_gradient_flux) because field can cross zero; Absolute value or log of the field, as it is signed; Mechanisms with an explicit literal for envelope width; all widths must be formals; Higher-order derivatives beyond 4; Any term that does not preserve the local, damped character (e.g., unbounded exponential growth without saturation); Bare flux without divergence (would not be a transport mechanism); Using coordinate x directly for modulation instead of bump

Highest differential order allowed: 4.
Write the equation yourself in numpy: d_axis(field, axis, order) for derivatives (axis=0 is x1), np.sin / np.cos / np.tanh / np.exp for mathematical functions, and params[0..4] for the coefficients. The guidance above says which structures to try and in what order; it is not an API and you are free to combine or modify it.

### Current Pareto Frontier (Trade-off between Accuracy and Complexity):
Observe these equations. If complexity increases without a significant MSE drop, simplify the structure.

[1] MSE: 1.81e-08 | Complexity Score: 29
f1_t_pred = params[0] * np.exp(-params[1] * (x[:, 0:1] ** 2)) * f1 + params[2] * d_axis(f1, 0, 2) + params[3] * d_axis(f1, 0, 4) + params[4] * (f1 ** 3) + params[5] * (f1 ** 5)

    return f1_t_pred

[2] MSE: 1.81e-08 | Complexity Score: 29
f1_t_pred = params[0] * np.exp(-params[1] * (x[:, 0:1] ** 2)) * f1 + params[2] * d_axis(f1, 0, 2) + params[3] * d_axis(f1, 0, 4) + params[4] * (f1 ** 3) + params[5] * (f1 ** 5)

    return f1_t_pred

[3] MSE: 3.40e-02 | Complexity Score: 4
f1_t_pred = params[0] * d_axis(f1, 0, 2)

    return f1_t_pred


    """
    # Swift–Hohenberg-type equation with envelope-modulated gain
    f1_t_pred = params[0] * np.exp(-params[1] * (x[:, 0:1] ** 2)) * f1 + \
                params[2] * d_axis(f1, 0, 2) + \
                params[3] * d_axis(f1, 0, 4) + \
                params[4] * (f1 ** 3) + \
                params[5] * (f1 ** 5)

    return f1_t_pred✅ [EVALUATED] MSE: 1.81e-08 | Params: [ 1.500735  0.099745 -1.996621 -0.997537 -0.999971  0.999876]
✅ [EVALUATED] MSE: 1.81e-08 | Params: [ 1.500735  0.099745 -1.996621 -0.997537 -0.999971  0.999876]
✅ [EVALUATED] MSE: 1.81e-08 | Params: [ 1.500735  0.099745 -1.996621 -0.997537 -0.999971  0.999876]
Execution Error: name 'f1_t_pred' is not defined

------------------------------------------------------
MSE          : 1.81e-08
Complexity   : 31
Sample time  : 7.3971123695373535
Evaluate time: 15.282684326171875
Sample orders: 64
======================================================


================= Evaluated Function =================
def equation(x: np.ndarray, f1: np.ndarray, params: np.ndarray, d_axis: callable) -> np.ndarray:
    """ Mathematical function for the RHS of an unknown 1D PDE.

    Args:
        x: spatial coordinate grid, shape (Nx, 1).
        f1: the measured field, shape (Nx, Nt).
        params: a fixed-length array of exactly 5 entries. Use only indices 0..4.
        d_axis: spatial derivative. Call d_axis(field, axis, order); axis=0 is x1.

    Return:
        `f1_t_pred`, a numpy array with the grid shape.

    STRICT CONSTRAINT:
        1. SPATIAL DERIVATIVES & MATH: you are a physicist discovering a PDE. Use ONLY
           the provided d_axis(field, axis, order) for derivatives (max order 4), with
           axis=0 for the single spatial coordinate x1. For mathematical functions you
           are STRICTLY LIMITED to np.sin, np.cos, np.tanh and np.exp. Do not call any
           other np.* routine, do not import anything, and do not write numerical
           algorithms. Ordinary arithmetic (+ - * / **) and params[0..4] are free.
        2. OUTPUT FORMAT: write the complete formula, assign it to f1_t_pred, and
           strictly end with return f1_t_pred. No placeholders. Mind the shapes: x is
           (Nx, 1) and f1 is (Nx, Nt), so a coordinate factor must broadcast against
           f1 -- write x or x[:, 0:1], never x[:, 0].
        3. PARETO EVOLUTION: the frontier trades MSE against complexity. Complexity
           counts the derivative calls, the arithmetic operations and every params
           you use, so the same term written more compactly is preferred.
        4. OPTIMIZATION STRATEGY:{PARETO_FRONTIER_PLACEHOLDER}
    """
    envelope = np.exp(-params[1] * (x[:, 0:1] ** 2))
    f1_t_pred = params[0] * envelope * f1 + params[2] * d_axis(f1, 0, 2) + params[3] * d_axis(f1, 0, 4) + params[4] * (f1 ** 3) + params[5] * (f1 ** 5)
    return f1_t_pred
------------------------------------------------------
MSE          : 1.81e-08
Complexity   : 29
Sample time  : 1.3215253353118896
Evaluate time: 13.231461524963379
Sample orders: 65
======================================================


================= Evaluated Function =================
def equation(x: np.ndarray, f1: np.ndarray, params: np.ndarray, d_axis: callable) -> np.ndarray:
    """ Mathematical function for the RHS of an unknown 1D PDE.

    Args:
        x: spatial coordinate grid, shape (Nx, 1).
        f1: the measured field, shape (Nx, Nt).
        params: a fixed-length array of exactly 5 entries. Use only indices 0..4.
        d_axis: spatial derivative. Call d_axis(field, axis, order); axis=0 is x1.

    Return:
        `f1_t_pred`, a numpy array with the grid shape.

    STRICT CONSTRAINT:
        1. SPATIAL DERIVATIVES & MATH: you are a physicist discovering a PDE. Use ONLY
           the provided d_axis(field, axis, order) for derivatives (max order 4), with
           axis=0 for the single spatial coordinate x1. For mathematical functions you
           are STRICTLY LIMITED to np.sin, np.cos, np.tanh and np.exp. Do not call any
           other np.* routine, do not import anything, and do not write numerical
           algorithms. Ordinary arithmetic (+ - * / **) and params[0..4] are free.
        2. OUTPUT FORMAT: write the complete formula, assign it to f1_t_pred, and
           strictly end with return f1_t_pred. No placeholders. Mind the shapes: x is
           (Nx, 1) and f1 is (Nx, Nt), so a coordinate factor must broadcast against
           f1 -- write x or x[:, 0:1], never x[:, 0].
        3. PARETO EVOLUTION: the frontier trades MSE against complexity. Complexity
           counts the derivative calls, the arithmetic operations and every params
           you use, so the same term written more compactly is preferred.
        4. OPTIMIZATION STRATEGY:{PARETO_FRONTIER_PLACEHOLDER}
    """
    f1_t_pred = params[0] * np.exp(-params[1] * (x[:, 0:1] ** 2)) * f1 + params[2] * d_axis(f1, 0, 2) + params[3] * d_axis(f1, 0, 4) + params[4] * (f1 ** 3) + params[5] * (f1 ** 5)

    return f1_t_pred
------------------------------------------------------
MSE          : 1.81e-08
Complexity   : 29
Sample time  : 1.3215253353118896
Evaluate time: 13.995254278182983
Sample orders: 66
======================================================


================= Evaluated Function =================
def equation(x: np.ndarray, f1: np.ndarray, params: np.ndarray, d_axis: callable) -> np.ndarray:
    """ Mathematical function for the RHS of an unknown 1D PDE.

    Args:
        x: spatial coordinate grid, shape (Nx, 1).
        f1: the measured field, shape (Nx, Nt).
        params: a fixed-length array of exactly 5 entries. Use only indices 0..4.
        d_axis: spatial derivative. Call d_axis(field, axis, order); axis=0 is x1.

    Return:
        `f1_t_pred`, a numpy array with the grid shape.

    STRICT CONSTRAINT:
        1. SPATIAL DERIVATIVES & MATH: you are a physicist discovering a PDE. Use ONLY
           the provided d_axis(field, axis, order) for derivatives (max order 4), with
           axis=0 for the single spatial coordinate x1. For mathematical functions you
           are STRICTLY LIMITED to np.sin, np.cos, np.tanh and np.exp. Do not call any
           other np.* routine, do not import anything, and do not write numerical
           algorithms. Ordinary arithmetic (+ - * / **) and params[0..4] are free.
        2. OUTPUT FORMAT: write the complete formula, assign it to f1_t_pred, and
           strictly end with return f1_t_pred. No placeholders. Mind the shapes: x is
           (Nx, 1) and f1 is (Nx, Nt), so a coordinate factor must broadcast against
           f1 -- write x or x[:, 0:1], never x[:, 0].
        3. PARETO EVOLUTION: the frontier trades MSE against complexity. Complexity
           counts the derivative calls, the arithmetic operations and every params
           you use, so the same term written more compactly is preferred.
        4. OPTIMIZATION STRATEGY:{PARETO_FRONTIER_PLACEHOLDER}
    """
    f1_t_pred = params[0] * np.exp(-params[1] * (x[:, 0:1] ** 2)) * f1 + params[2] * d_axis(f1, 0, 2) + params[3] * d_axis(f1, 0, 4) + params[4] * (f1 ** 3) + params[5] * (f1 ** 5)

    return f1_t_pred
------------------------------------------------------
MSE          : 1.81e-08
Complexity   : 29
Sample time  : 1.3215253353118896
Evaluate time: 13.83599328994751
Sample orders: 67
======================================================


⏱️  [NO SCORE] the sandbox returned nothing for this draw (timeout 60s, or a runtime error); it gets no MSE and no frontier slot
================= Evaluated Function =================
def equation(x: np.ndarray, f1: np.ndarray, params: np.ndarray, d_axis: callable) -> np.ndarray:
    """ Mathematical function for the RHS of an unknown 1D PDE.

    Args:
        x: spatial coordinate grid, shape (Nx, 1).
        f1: the measured field, shape (Nx, Nt).
        params: a fixed-length array of exactly 5 entries. Use only indices 0..4.
        d_axis: spatial derivative. Call d_axis(field, axis, order); axis=0 is x1.

    Return:
        `f1_t_pred`, a numpy array with the grid shape.

    STRICT CONSTRAINT:
        1. SPATIAL DERIVATIVES & MATH: you are a physicist discovering a PDE. Use ONLY
           the provided d_axis(field, axis, order) for derivatives (max order 4), with
           axis=0 for the single spatial coordinate x1. For mathematical functions you
           are STRICTLY LIMITED to np.sin, np.cos, np.tanh and np.exp. Do not call any
           other np.* routine, do not import anything, and do not write numerical
           algorithms. Ordinary arithmetic (+ - * / **) and params[0..4] are free.
        2. OUTPUT FORMAT: write the complete formula, assign it to f1_t_pred, and
           strictly end with return f1_t_pred. No placeholders. Mind the shapes: x is
           (Nx, 1) and f1 is (Nx, Nt), so a coordinate factor must broadcast against
           f1 -- write x or x[:, 0:1], never x[:, 0].
        3. PARETO EVOLUTION: the frontier trades MSE against complexity. Complexity
           counts the derivative calls, the arithmetic operations and every params
           you use, so the same term written more compactly is preferred.
        4. OPTIMIZATION STRATEGY:{PARETO_FRONTIER_PLACEHOLDER}
    """
    return f1_t_predExecution Error: name 'f1_t_pred' is not defined
✅ [EVALUATED] MSE: 1.81e-08 | Params: [ 1.500735  0.099745 -1.996621 -0.997537 -0.999971  0.999876]
✅ [EVALUATED] MSE: 1.81e-08 | Params: [ 1.500735  0.099745 -1.996621 -0.997537 -0.999971  0.999876]
✅ [EVALUATED] MSE: 1.81e-08 | Params: [ 1.500735  0.099745 -1.996621 -0.997537 -0.999971  0.999876]

------------------------------------------------------
MSE          : N/A
Complexity   : N/A
Sample time  : 1.3215253353118896
Evaluate time: 2.8079915046691895
Sample orders: 68
======================================================


⏱️  [NO SCORE] the sandbox returned nothing for this draw (timeout 60s, or a runtime error); it gets no MSE and no frontier slot
================= Evaluated Function =================
def equation(x: np.ndarray, f1: np.ndarray, params: np.ndarray, d_axis: callable) -> np.ndarray:
    """ Mathematical function for the RHS of an unknown 1D PDE.

    Args:
        x: spatial coordinate grid, shape (Nx, 1).
        f1: the measured field, shape (Nx, Nt).
        params: a fixed-length array of exactly 5 entries. Use only indices 0..4.
        d_axis: spatial derivative. Call d_axis(field, axis, order); axis=0 is x1.

    Return:
        `f1_t_pred`, a numpy array with the grid shape.

    STRICT CONSTRAINT:
        1. SPATIAL DERIVATIVES & MATH: you are a physicist discovering a PDE. Use ONLY
           the provided d_axis(field, axis, order) for derivatives (max order 4), with
           axis=0 for the single spatial coordinate x1. For mathematical functions you
           are STRICTLY LIMITED to np.sin, np.cos, np.tanh and np.exp. Do not call any
           other np.* routine, do not import anything, and do not write numerical
           algorithms. Ordinary arithmetic (+ - * / **) and params[0..4] are free.
        2. OUTPUT FORMAT: write the complete formula, assign it to f1_t_pred, and
           strictly end with return f1_t_pred. No placeholders. Mind the shapes: x is
           (Nx, 1) and f1 is (Nx, Nt), so a coordinate factor must broadcast against
           f1 -- write x or x[:, 0:1], never x[:, 0].
        3. PARETO EVOLUTION: the frontier trades MSE against complexity. Complexity
           counts the derivative calls, the arithmetic operations and every params
           you use, so the same term written more compactly is preferred.
        4. OPTIMIZATION STRATEGY:{PARETO_FRONTIER_PLACEHOLDER}
    """
    return f1_t_pred
------------------------------------------------------
MSE          : N/A
Complexity   : N/A
Sample time  : 1.5281428098678589
Evaluate time: 2.825054407119751
Sample orders: 69
======================================================


================= Evaluated Function =================
def equation(x: np.ndarray, f1: np.ndarray, params: np.ndarray, d_axis: callable) -> np.ndarray:
    """ Mathematical function for the RHS of an unknown 1D PDE.

    Args:
        x: spatial coordinate grid, shape (Nx, 1).
        f1: the measured field, shape (Nx, Nt).
        params: a fixed-length array of exactly 5 entries. Use only indices 0..4.
        d_axis: spatial derivative. Call d_axis(field, axis, order); axis=0 is x1.

    Return:
        `f1_t_pred`, a numpy array with the grid shape.

    STRICT CONSTRAINT:
        1. SPATIAL DERIVATIVES & MATH: you are a physicist discovering a PDE. Use ONLY
           the provided d_axis(field, axis, order) for derivatives (max order 4), with
           axis=0 for the single spatial coordinate x1. For mathematical functions you
           are STRICTLY LIMITED to np.sin, np.cos, np.tanh and np.exp. Do not call any
           other np.* routine, do not import anything, and do not write numerical
           algorithms. Ordinary arithmetic (+ - * / **) and params[0..4] are free.
        2. OUTPUT FORMAT: write the complete formula, assign it to f1_t_pred, and
           strictly end with return f1_t_pred. No placeholders. Mind the shapes: x is
           (Nx, 1) and f1 is (Nx, Nt), so a coordinate factor must broadcast against
           f1 -- write x or x[:, 0:1], never x[:, 0].
        3. PARETO EVOLUTION: the frontier trades MSE against complexity. Complexity
           counts the derivative calls, the arithmetic operations and every params
           you use, so the same term written more compactly is preferred.
        4. OPTIMIZATION STRATEGY:{PARETO_FRONTIER_PLACEHOLDER}
    """
    f1_t_pred = params[0] * np.exp(-params[1] * (x[:, 0:1] ** 2)) * f1 + params[2] * d_axis(f1, 0, 2) + params[3] * d_axis(f1, 0, 4) + params[4] * (f1 ** 3) + params[5] * (f1 ** 5)

    return f1_t_pred
------------------------------------------------------
MSE          : 1.81e-08
Complexity   : 29
Sample time  : 1.5281428098678589
Evaluate time: 13.359987735748291
Sample orders: 70
======================================================


================= Evaluated Function =================
def equation(x: np.ndarray, f1: np.ndarray, params: np.ndarray, d_axis: callable) -> np.ndarray:
    """ Mathematical function for the RHS of an unknown 1D PDE.

    Args:
        x: spatial coordinate grid, shape (Nx, 1).
        f1: the measured field, shape (Nx, Nt).
        params: a fixed-length array of exactly 5 entries. Use only indices 0..4.
        d_axis: spatial derivative. Call d_axis(field, axis, order); axis=0 is x1.

    Return:
        `f1_t_pred`, a numpy array with the grid shape.

    STRICT CONSTRAINT:
        1. SPATIAL DERIVATIVES & MATH: you are a physicist discovering a PDE. Use ONLY
           the provided d_axis(field, axis, order) for derivatives (max order 4), with
           axis=0 for the single spatial coordinate x1. For mathematical functions you
           are STRICTLY LIMITED to np.sin, np.cos, np.tanh and np.exp. Do not call any
           other np.* routine, do not import anything, and do not write numerical
           algorithms. Ordinary arithmetic (+ - * / **) and params[0..4] are free.
        2. OUTPUT FORMAT: write the complete formula, assign it to f1_t_pred, and
           strictly end with return f1_t_pred. No placeholders. Mind the shapes: x is
           (Nx, 1) and f1 is (Nx, Nt), so a coordinate factor must broadcast against
           f1 -- write x or x[:, 0:1], never x[:, 0].
        3. PARETO EVOLUTION: the frontier trades MSE against complexity. Complexity
           counts the derivative calls, the arithmetic operations and every params
           you use, so the same term written more compactly is preferred.
        4. OPTIMIZATION STRATEGY:{PARETO_FRONTIER_PLACEHOLDER}
    """
    f1_t_pred = params[0] * np.exp(-params[1] * (x[:, 0:1] ** 2)) * f1 + params[2] * d_axis(f1, 0, 2) + params[3] * d_axis(f1, 0, 4) + params[4] * (f1 ** 3) + params[5] * (f1 ** 5)

    return f1_t_pred
------------------------------------------------------
MSE          : 1.81e-08
Complexity   : 29
Sample time  : 1.5281428098678589
Evaluate time: 13.866983890533447
Sample orders: 71
======================================================


================= Evaluated Function =================
def equation(x: np.ndarray, f1: np.ndarray, params: np.ndarray, d_axis: callable) -> np.ndarray:
    """ Mathematical function for the RHS of an unknown 1D PDE.

    Args:
        x: spatial coordinate grid, shape (Nx, 1).
        f1: the measured field, shape (Nx, Nt).
        params: a fixed-length array of exactly 5 entries. Use only indices 0..4.
        d_axis: spatial derivative. Call d_axis(field, axis, order); axis=0 is x1.

    Return:
        `f1_t_pred`, a numpy array with the grid shape.

    STRICT CONSTRAINT:
        1. SPATIAL DERIVATIVES & MATH: you are a physicist discovering a PDE. Use ONLY
           the provided d_axis(field, axis, order) for derivatives (max order 4), with
           axis=0 for the single spatial coordinate x1. For mathematical functions you
           are STRICTLY LIMITED to np.sin, np.cos, np.tanh and np.exp. Do not call any
           other np.* routine, do not import anything, and do not write numerical
           algorithms. Ordinary arithmetic (+ - * / **) and params[0..4] are free.
        2. OUTPUT FORMAT: write the complete formula, assign it to f1_t_pred, and
           strictly end with return f1_t_pred. No placeholders. Mind the shapes: x is
           (Nx, 1) and f1 is (Nx, Nt), so a coordinate factor must broadcast against
           f1 -- write x or x[:, 0:1], never x[:, 0].
        3. PARETO EVOLUTION: the frontier trades MSE against complexity. Complexity
           counts the derivative calls, the arithmetic operations and every params
           you use, so the same term written more compactly is preferred.
        4. OPTIMIZATION STRATEGY:{PARETO_FRONTIER_PLACEHOLDER}
    """
    f1_t_pred = params[0] * np.exp(-params[1] * (x[:, 0:1] ** 2)) * f1 + params[2] * d_axis(f1, 0, 2) + params[3] * d_axis(f1, 0, 4) + params[4] * (f1 ** 3) + params[5] * (f1 ** 5)

    return f1_t_predExecution Error: name 'f1_t_pred' is not defined

------------------------------------------------------
MSE          : 1.81e-08
Complexity   : 29
Sample time  : 1.5281428098678589
Evaluate time: 13.71787714958191
Sample orders: 72
======================================================


⏱️  [NO SCORE] the sandbox returned nothing for this draw (timeout 60s, or a runtime error); it gets no MSE and no frontier slot
================= Evaluated Function =================
def equation(x: np.ndarray, f1: np.ndarray, params: np.ndarray, d_axis: callable) -> np.ndarray:
    """ Mathematical function for the RHS of an unknown 1D PDE.

    Args:
        x: spatial coordinate grid, shape (Nx, 1).
        f1: the measured field, shape (Nx, Nt).
        params: a fixed-length array of exactly 5 entries. Use only indices 0..4.
        d_axis: spatial derivative. Call d_axis(field, axis, order); axis=0 is x1.

    Return:
        `f1_t_pred`, a numpy array with the grid shape.

    STRICT CONSTRAINT:
        1. SPATIAL DERIVATIVES & MATH: you are a physicist discovering a PDE. Use ONLY
           the provided d_axis(field, axis, order) for derivatives (max order 4), with
           axis=0 for the single spatial coordinate x1. For mathematical functions you
           are STRICTLY LIMITED to np.sin, np.cos, np.tanh and np.exp. Do not call any
           other np.* routine, do not import anything, and do not write numerical
           algorithms. Ordinary arithmetic (+ - * / **) and params[0..4] are free.
        2. OUTPUT FORMAT: write the complete formula, assign it to f1_t_pred, and
           strictly end with return f1_t_pred. No placeholders. Mind the shapes: x is
           (Nx, 1) and f1 is (Nx, Nt), so a coordinate factor must broadcast against
           f1 -- write x or x[:, 0:1], never x[:, 0].
        3. PARETO EVOLUTION: the frontier trades MSE against complexity. Complexity
           counts the derivative calls, the arithmetic operations and every params
           you use, so the same term written more compactly is preferred.
        4. OPTIMIZATION STRATEGY:{PARETO_FRONTIER_PLACEHOLDER}
    """
    return f1_t_pred
------------------------------------------------------
MSE          : N/A
Complexity   : N/A
Sample time  : 2.751786530017853
Evaluate time: 2.814960241317749
Sample orders: 73
======================================================


🚫 [UNPARSABLE] the reply carried no executable body; draw dropped
🚫 [UNPARSABLE] the reply carried no executable body; draw dropped
Execution Error: name 'f1_t_pred' is not defined
✅ [EVALUATED] MSE: 1.81e-08 | Params: [ 1.500735  0.099745 -1.996621 -0.997537 -0.999971  0.999876]
✅ [EVALUATED] MSE: 1.81e-08 | Params: [ 1.500735  0.099745 -1.996621 -0.997537 -0.999971  0.999876]
✅ [EVALUATED] MSE: 1.81e-08 | Params: [ 1.500735  0.099745 -1.996621 -0.997537 -0.999971  0.999876]
⏱️  [NO SCORE] the sandbox returned nothing for this draw (timeout 60s, or a runtime error); it gets no MSE and no frontier slot
================= Evaluated Function =================
def equation(x: np.ndarray, f1: np.ndarray, params: np.ndarray, d_axis: callable) -> np.ndarray:
    """ Mathematical function for the RHS of an unknown 1D PDE.

    Args:
        x: spatial coordinate grid, shape (Nx, 1).
        f1: the measured field, shape (Nx, Nt).
        params: a fixed-length array of exactly 5 entries. Use only indices 0..4.
        d_axis: spatial derivative. Call d_axis(field, axis, order); axis=0 is x1.

    Return:
        `f1_t_pred`, a numpy array with the grid shape.

    STRICT CONSTRAINT:
        1. SPATIAL DERIVATIVES & MATH: you are a physicist discovering a PDE. Use ONLY
           the provided d_axis(field, axis, order) for derivatives (max order 4), with
           axis=0 for the single spatial coordinate x1. For mathematical functions you
           are STRICTLY LIMITED to np.sin, np.cos, np.tanh and np.exp. Do not call any
           other np.* routine, do not import anything, and do not write numerical
           algorithms. Ordinary arithmetic (+ - * / **) and params[0..4] are free.
        2. OUTPUT FORMAT: write the complete formula, assign it to f1_t_pred, and
           strictly end with return f1_t_pred. No placeholders. Mind the shapes: x is
           (Nx, 1) and f1 is (Nx, Nt), so a coordinate factor must broadcast against
           f1 -- write x or x[:, 0:1], never x[:, 0].
        3. PARETO EVOLUTION: the frontier trades MSE against complexity. Complexity
           counts the derivative calls, the arithmetic operations and every params
           you use, so the same term written more compactly is preferred.
        4. OPTIMIZATION STRATEGY:{PARETO_FRONTIER_PLACEHOLDER}
    """
    return f1_t_pred
------------------------------------------------------
MSE          : N/A
Complexity   : N/A
Sample time  : 2.751786530017853
Evaluate time: 2.683547258377075
Sample orders: 76
======================================================


================= Evaluated Function =================
def equation(x: np.ndarray, f1: np.ndarray, params: np.ndarray, d_axis: callable) -> np.ndarray:
    """ Mathematical function for the RHS of an unknown 1D PDE.

    Args:
        x: spatial coordinate grid, shape (Nx, 1).
        f1: the measured field, shape (Nx, Nt).
        params: a fixed-length array of exactly 5 entries. Use only indices 0..4.
        d_axis: spatial derivative. Call d_axis(field, axis, order); axis=0 is x1.

    Return:
        `f1_t_pred`, a numpy array with the grid shape.

    STRICT CONSTRAINT:
        1. SPATIAL DERIVATIVES & MATH: you are a physicist discovering a PDE. Use ONLY
           the provided d_axis(field, axis, order) for derivatives (max order 4), with
           axis=0 for the single spatial coordinate x1. For mathematical functions you
           are STRICTLY LIMITED to np.sin, np.cos, np.tanh and np.exp. Do not call any
           other np.* routine, do not import anything, and do not write numerical
           algorithms. Ordinary arithmetic (+ - * / **) and params[0..4] are free.
        2. OUTPUT FORMAT: write the complete formula, assign it to f1_t_pred, and
           strictly end with return f1_t_pred. No placeholders. Mind the shapes: x is
           (Nx, 1) and f1 is (Nx, Nt), so a coordinate factor must broadcast against
           f1 -- write x or x[:, 0:1], never x[:, 0].
        3. PARETO EVOLUTION: the frontier trades MSE against complexity. Complexity
           counts the derivative calls, the arithmetic operations and every params
           you use, so the same term written more compactly is preferred.
        4. OPTIMIZATION STRATEGY:{PARETO_FRONTIER_PLACEHOLDER}
    """
    f1_t_pred = params[0] * np.exp(-params[1] * (x[:, 0:1] ** 2)) * f1 + params[2] * d_axis(f1, 0, 2) + params[3] * d_axis(f1, 0, 4) + params[4] * (f1 ** 3) + params[5] * (f1 ** 5)

    return f1_t_pred
------------------------------------------------------
MSE          : 1.81e-08
Complexity   : 29
Sample time  : 1.6586111187934875
Evaluate time: 13.45345401763916
Sample orders: 77
======================================================


================= Evaluated Function =================
def equation(x: np.ndarray, f1: np.ndarray, params: np.ndarray, d_axis: callable) -> np.ndarray:
    """ Mathematical function for the RHS of an unknown 1D PDE.

    Args:
        x: spatial coordinate grid, shape (Nx, 1).
        f1: the measured field, shape (Nx, Nt).
        params: a fixed-length array of exactly 5 entries. Use only indices 0..4.
        d_axis: spatial derivative. Call d_axis(field, axis, order); axis=0 is x1.

    Return:
        `f1_t_pred`, a numpy array with the grid shape.

    STRICT CONSTRAINT:
        1. SPATIAL DERIVATIVES & MATH: you are a physicist discovering a PDE. Use ONLY
           the provided d_axis(field, axis, order) for derivatives (max order 4), with
           axis=0 for the single spatial coordinate x1. For mathematical functions you
           are STRICTLY LIMITED to np.sin, np.cos, np.tanh and np.exp. Do not call any
           other np.* routine, do not import anything, and do not write numerical
           algorithms. Ordinary arithmetic (+ - * / **) and params[0..4] are free.
        2. OUTPUT FORMAT: write the complete formula, assign it to f1_t_pred, and
           strictly end with return f1_t_pred. No placeholders. Mind the shapes: x is
           (Nx, 1) and f1 is (Nx, Nt), so a coordinate factor must broadcast against
           f1 -- write x or x[:, 0:1], never x[:, 0].
        3. PARETO EVOLUTION: the frontier trades MSE against complexity. Complexity
           counts the derivative calls, the arithmetic operations and every params
           you use, so the same term written more compactly is preferred.
        4. OPTIMIZATION STRATEGY:{PARETO_FRONTIER_PLACEHOLDER}
    """
    f1_t_pred = params[0] * np.exp(-params[1] * (x[:, 0:1] ** 2)) * f1 + params[2] * d_axis(f1, 0, 2) + params[3] * d_axis(f1, 0, 4) + params[4] * (f1 ** 3) + params[5] * (f1 ** 5)

    return f1_t_pred
------------------------------------------------------
MSE          : 1.81e-08
Complexity   : 29
Sample time  : 1.6586111187934875
Evaluate time: 14.720191717147827
Sample orders: 78
======================================================


================= Evaluated Function =================
def equation(x: np.ndarray, f1: np.ndarray, params: np.ndarray, d_axis: callable) -> np.ndarray:
    """ Mathematical function for the RHS of an unknown 1D PDE.

    Args:
        x: spatial coordinate grid, shape (Nx, 1).
        f1: the measured field, shape (Nx, Nt).
        params: a fixed-length array of exactly 5 entries. Use only indices 0..4.
        d_axis: spatial derivative. Call d_axis(field, axis, order); axis=0 is x1.

    Return:
        `f1_t_pred`, a numpy array with the grid shape.

    STRICT CONSTRAINT:
        1. SPATIAL DERIVATIVES & MATH: you are a physicist discovering a PDE. Use ONLY
           the provided d_axis(field, axis, order) for derivatives (max order 4), with
           axis=0 for the single spatial coordinate x1. For mathematical functions you
           are STRICTLY LIMITED to np.sin, np.cos, np.tanh and np.exp. Do not call any
           other np.* routine, do not import anything, and do not write numerical
           algorithms. Ordinary arithmetic (+ - * / **) and params[0..4] are free.
        2. OUTPUT FORMAT: write the complete formula, assign it to f1_t_pred, and
           strictly end with return f1_t_pred. No placeholders. Mind the shapes: x is
           (Nx, 1) and f1 is (Nx, Nt), so a coordinate factor must broadcast against
           f1 -- write x or x[:, 0:1], never x[:, 0].
        3. PARETO EVOLUTION: the frontier trades MSE against complexity. Complexity
           counts the derivative calls, the arithmetic operations and every params
           you use, so the same term written more compactly is preferred.
        4. OPTIMIZATION STRATEGY:{PARETO_FRONTIER_PLACEHOLDER}
    """
    f1_t_pred = params[0] * np.exp(-params[1] * (x[:, 0:1] ** 2)) * f1 + params[2] * d_axis(f1, 0, 2) + params[3] * d_axis(f1, 0, 4) + params[4] * (f1 ** 3) + params[5] * (f1 ** 5)

    return f1_t_pred✅ [EVALUATED] MSE: 1.81e-08 | Params: [ 1.500735  0.099745 -1.996621 -0.997537 -0.999971  0.999876]
✅ [EVALUATED] MSE: 1.81e-08 | Params: [ 1.500735  0.099745 -1.996621 -0.997537 -0.999971  0.999876]
Execution Error: name 'f1_t_pred' is not defined
✅ [EVALUATED] MSE: 1.81e-08 | Params: [ 1.500735  0.099745 -1.996621 -0.997537 -0.999971  0.999876]

------------------------------------------------------
MSE          : 1.81e-08
Complexity   : 29
Sample time  : 1.6586111187934875
Evaluate time: 15.327123880386353
Sample orders: 79
======================================================


================= Evaluated Function =================
def equation(x: np.ndarray, f1: np.ndarray, params: np.ndarray, d_axis: callable) -> np.ndarray:
    """ Mathematical function for the RHS of an unknown 1D PDE.

    Args:
        x: spatial coordinate grid, shape (Nx, 1).
        f1: the measured field, shape (Nx, Nt).
        params: a fixed-length array of exactly 5 entries. Use only indices 0..4.
        d_axis: spatial derivative. Call d_axis(field, axis, order); axis=0 is x1.

    Return:
        `f1_t_pred`, a numpy array with the grid shape.

    STRICT CONSTRAINT:
        1. SPATIAL DERIVATIVES & MATH: you are a physicist discovering a PDE. Use ONLY
           the provided d_axis(field, axis, order) for derivatives (max order 4), with
           axis=0 for the single spatial coordinate x1. For mathematical functions you
           are STRICTLY LIMITED to np.sin, np.cos, np.tanh and np.exp. Do not call any
           other np.* routine, do not import anything, and do not write numerical
           algorithms. Ordinary arithmetic (+ - * / **) and params[0..4] are free.
        2. OUTPUT FORMAT: write the complete formula, assign it to f1_t_pred, and
           strictly end with return f1_t_pred. No placeholders. Mind the shapes: x is
           (Nx, 1) and f1 is (Nx, Nt), so a coordinate factor must broadcast against
           f1 -- write x or x[:, 0:1], never x[:, 0].
        3. PARETO EVOLUTION: the frontier trades MSE against complexity. Complexity
           counts the derivative calls, the arithmetic operations and every params
           you use, so the same term written more compactly is preferred.
        4. OPTIMIZATION STRATEGY:{PARETO_FRONTIER_PLACEHOLDER}
    """
    f1_t_pred = params[0] * np.exp(-params[1] * (x[:, 0:1] ** 2)) * f1 + params[2] * d_axis(f1, 0, 2) + params[3] * d_axis(f1, 0, 4) + params[4] * (f1 ** 3) + params[5] * (f1 ** 5)

    return f1_t_pred
------------------------------------------------------
MSE          : 1.81e-08
Complexity   : 29
Sample time  : 1.6586111187934875
Evaluate time: 14.37641191482544
Sample orders: 80
======================================================


================= Evaluated Function =================
def equation(x: np.ndarray, f1: np.ndarray, params: np.ndarray, d_axis: callable) -> np.ndarray:
    """ Mathematical function for the RHS of an unknown 1D PDE.

    Args:
        x: spatial coordinate grid, shape (Nx, 1).
        f1: the measured field, shape (Nx, Nt).
        params: a fixed-length array of exactly 5 entries. Use only indices 0..4.
        d_axis: spatial derivative. Call d_axis(field, axis, order); axis=0 is x1.

    Return:
        `f1_t_pred`, a numpy array with the grid shape.

    STRICT CONSTRAINT:
        1. SPATIAL DERIVATIVES & MATH: you are a physicist discovering a PDE. Use ONLY
           the provided d_axis(field, axis, order) for derivatives (max order 4), with
           axis=0 for the single spatial coordinate x1. For mathematical functions you
           are STRICTLY LIMITED to np.sin, np.cos, np.tanh and np.exp. Do not call any
           other np.* routine, do not import anything, and do not write numerical
           algorithms. Ordinary arithmetic (+ - * / **) and params[0..4] are free.
        2. OUTPUT FORMAT: write the complete formula, assign it to f1_t_pred, and
           strictly end with return f1_t_pred. No placeholders. Mind the shapes: x is
           (Nx, 1) and f1 is (Nx, Nt), so a coordinate factor must broadcast against
           f1 -- write x or x[:, 0:1], never x[:, 0].
        3. PARETO EVOLUTION: the frontier trades MSE against complexity. Complexity
           counts the derivative calls, the arithmetic operations and every params
           you use, so the same term written more compactly is preferred.
        4. OPTIMIZATION STRATEGY:{PARETO_FRONTIER_PLACEHOLDER}
    """
    f1_t_pred = params[0] * np.exp(-params[1] * (x[:, 0:1] ** 2)) * f1 + params[2] * d_axis(f1, 0, 2) + params[3] * d_axis(f1, 0, 4) + params[4] * (f1 ** 3) + params[5] * (f1 ** 5)

    return f1_t_pred
------------------------------------------------------
MSE          : 1.81e-08
Complexity   : 29
Sample time  : 1.1930833458900452
Evaluate time: 14.49855351448059
Sample orders: 81
======================================================


⏱️  [NO SCORE] the sandbox returned nothing for this draw (timeout 60s, or a runtime error); it gets no MSE and no frontier slot
================= Evaluated Function =================
def equation(x: np.ndarray, f1: np.ndarray, params: np.ndarray, d_axis: callable) -> np.ndarray:
    """ Mathematical function for the RHS of an unknown 1D PDE.

    Args:
        x: spatial coordinate grid, shape (Nx, 1).
        f1: the measured field, shape (Nx, Nt).
        params: a fixed-length array of exactly 5 entries. Use only indices 0..4.
        d_axis: spatial derivative. Call d_axis(field, axis, order); axis=0 is x1.

    Return:
        `f1_t_pred`, a numpy array with the grid shape.

    STRICT CONSTRAINT:
        1. SPATIAL DERIVATIVES & MATH: you are a physicist discovering a PDE. Use ONLY
           the provided d_axis(field, axis, order) for derivatives (max order 4), with
           axis=0 for the single spatial coordinate x1. For mathematical functions you
           are STRICTLY LIMITED to np.sin, np.cos, np.tanh and np.exp. Do not call any
           other np.* routine, do not import anything, and do not write numerical
           algorithms. Ordinary arithmetic (+ - * / **) and params[0..4] are free.
        2. OUTPUT FORMAT: write the complete formula, assign it to f1_t_pred, and
           strictly end with return f1_t_pred. No placeholders. Mind the shapes: x is
           (Nx, 1) and f1 is (Nx, Nt), so a coordinate factor must broadcast against
           f1 -- write x or x[:, 0:1], never x[:, 0].
        3. PARETO EVOLUTION: the frontier trades MSE against complexity. Complexity
           counts the derivative calls, the arithmetic operations and every params
           you use, so the same term written more compactly is preferred.
        4. OPTIMIZATION STRATEGY:{PARETO_FRONTIER_PLACEHOLDER}
    """
    return f1_t_pred
------------------------------------------------------
MSE          : N/A
Complexity   : N/A
Sample time  : 1.1930833458900452
Evaluate time: 3.0615129470825195
Sample orders: 82
======================================================


================= Evaluated Function =================
def equation(x: np.ndarray, f1: np.ndarray, params: np.ndarray, d_axis: callable) -> np.ndarray:
    """ Mathematical function for the RHS of an unknown 1D PDE.

    Args:
        x: spatial coordinate grid, shape (Nx, 1).
        f1: the measured field, shape (Nx, Nt).
        params: a fixed-length array of exactly 5 entries. Use only indices 0..4.
        d_axis: spatial derivative. Call d_axis(field, axis, order); axis=0 is x1.

    Return:
        `f1_t_pred`, a numpy array with the grid shape.

    STRICT CONSTRAINT:
        1. SPATIAL DERIVATIVES & MATH: you are a physicist discovering a PDE. Use ONLY
           the provided d_axis(field, axis, order) for derivatives (max order 4), with
           axis=0 for the single spatial coordinate x1. For mathematical functions you
           are STRICTLY LIMITED to np.sin, np.cos, np.tanh and np.exp. Do not call any
           other np.* routine, do not import anything, and do not write numerical
           algorithms. Ordinary arithmetic (+ - * / **) and params[0..4] are free.
        2. OUTPUT FORMAT: write the complete formula, assign it to f1_t_pred, and
           strictly end with return f1_t_pred. No placeholders. Mind the shapes: x is
           (Nx, 1) and f1 is (Nx, Nt), so a coordinate factor must broadcast against
           f1 -- write x or x[:, 0:1], never x[:, 0].
        3. PARETO EVOLUTION: the frontier trades MSE against complexity. Complexity
           counts the derivative calls, the arithmetic operations and every params
           you use, so the same term written more compactly is preferred.
        4. OPTIMIZATION STRATEGY:{PARETO_FRONTIER_PLACEHOLDER}
    """
    f1_t_pred = params[0] * np.exp(-params[1] * (x[:, 0:1] ** 2)) * f1 + params[2] * d_axis(f1, 0, 2) + params[3] * d_axis(f1, 0, 4) + params[4] * (f1 ** 3) + params[5] * (f1 ** 5)

    return f1_t_pred✅ [EVALUATED] MSE: 1.81e-08 | Params: [ 1.500735  0.099745 -1.996621 -0.997537 -0.999971  0.999876]
✅ [EVALUATED] MSE: 1.81e-08 | Params: [ 1.500735  0.099745 -1.996621 -0.997537 -0.999971  0.999876]
Execution Error: name 'f1_t_pred' is not defined
Execution Error: index 6 is out of bounds for axis 0 with size 6

------------------------------------------------------
MSE          : 1.81e-08
Complexity   : 29
Sample time  : 1.1930833458900452
Evaluate time: 14.24676513671875
Sample orders: 83
======================================================


================= Evaluated Function =================
def equation(x: np.ndarray, f1: np.ndarray, params: np.ndarray, d_axis: callable) -> np.ndarray:
    """ Mathematical function for the RHS of an unknown 1D PDE.

    Args:
        x: spatial coordinate grid, shape (Nx, 1).
        f1: the measured field, shape (Nx, Nt).
        params: a fixed-length array of exactly 5 entries. Use only indices 0..4.
        d_axis: spatial derivative. Call d_axis(field, axis, order); axis=0 is x1.

    Return:
        `f1_t_pred`, a numpy array with the grid shape.

    STRICT CONSTRAINT:
        1. SPATIAL DERIVATIVES & MATH: you are a physicist discovering a PDE. Use ONLY
           the provided d_axis(field, axis, order) for derivatives (max order 4), with
           axis=0 for the single spatial coordinate x1. For mathematical functions you
           are STRICTLY LIMITED to np.sin, np.cos, np.tanh and np.exp. Do not call any
           other np.* routine, do not import anything, and do not write numerical
           algorithms. Ordinary arithmetic (+ - * / **) and params[0..4] are free.
        2. OUTPUT FORMAT: write the complete formula, assign it to f1_t_pred, and
           strictly end with return f1_t_pred. No placeholders. Mind the shapes: x is
           (Nx, 1) and f1 is (Nx, Nt), so a coordinate factor must broadcast against
           f1 -- write x or x[:, 0:1], never x[:, 0].
        3. PARETO EVOLUTION: the frontier trades MSE against complexity. Complexity
           counts the derivative calls, the arithmetic operations and every params
           you use, so the same term written more compactly is preferred.
        4. OPTIMIZATION STRATEGY:{PARETO_FRONTIER_PLACEHOLDER}
    """
    f1_t_pred = params[0] * np.exp(-params[1] * (x[:, 0:1] ** 2)) * f1 + params[2] * d_axis(f1, 0, 2) + params[3] * d_axis(f1, 0, 4) + params[4] * (f1 ** 3) + params[5] * (f1 ** 5)

    return f1_t_pred
------------------------------------------------------
MSE          : 1.81e-08
Complexity   : 29
Sample time  : 1.1930833458900452
Evaluate time: 13.32980728149414
Sample orders: 84
======================================================


================= Evaluated Function =================
def equation(x: np.ndarray, f1: np.ndarray, params: np.ndarray, d_axis: callable) -> np.ndarray:
    """ Mathematical function for the RHS of an unknown 1D PDE.

    Args:
        x: spatial coordinate grid, shape (Nx, 1).
        f1: the measured field, shape (Nx, Nt).
        params: a fixed-length array of exactly 5 entries. Use only indices 0..4.
        d_axis: spatial derivative. Call d_axis(field, axis, order); axis=0 is x1.

    Return:
        `f1_t_pred`, a numpy array with the grid shape.

    STRICT CONSTRAINT:
        1. SPATIAL DERIVATIVES & MATH: you are a physicist discovering a PDE. Use ONLY
           the provided d_axis(field, axis, order) for derivatives (max order 4), with
           axis=0 for the single spatial coordinate x1. For mathematical functions you
           are STRICTLY LIMITED to np.sin, np.cos, np.tanh and np.exp. Do not call any
           other np.* routine, do not import anything, and do not write numerical
           algorithms. Ordinary arithmetic (+ - * / **) and params[0..4] are free.
        2. OUTPUT FORMAT: write the complete formula, assign it to f1_t_pred, and
           strictly end with return f1_t_pred. No placeholders. Mind the shapes: x is
           (Nx, 1) and f1 is (Nx, Nt), so a coordinate factor must broadcast against
           f1 -- write x or x[:, 0:1], never x[:, 0].
        3. PARETO EVOLUTION: the frontier trades MSE against complexity. Complexity
           counts the derivative calls, the arithmetic operations and every params
           you use, so the same term written more compactly is preferred.
        4. OPTIMIZATION STRATEGY:{PARETO_FRONTIER_PLACEHOLDER}
    """
    f1_t_pred = params[0] * np.exp(-params[1] * (x[:, 0:1] ** 2)) * f1 + params[2] * d_axis(f1, 0, 2) + params[3] * d_axis(f1, 0, 4) + params[4] * (f1 ** 3) + params[5] * (f1 ** 5)

    return f1_t_pred
------------------------------------------------------
MSE          : 1.81e-08
Complexity   : 29
Sample time  : 1.8142911195755005
Evaluate time: 14.457537412643433
Sample orders: 85
======================================================


⏱️  [NO SCORE] the sandbox returned nothing for this draw (timeout 60s, or a runtime error); it gets no MSE and no frontier slot
================= Evaluated Function =================
def equation(x: np.ndarray, f1: np.ndarray, params: np.ndarray, d_axis: callable) -> np.ndarray:
    """ Mathematical function for the RHS of an unknown 1D PDE.

    Args:
        x: spatial coordinate grid, shape (Nx, 1).
        f1: the measured field, shape (Nx, Nt).
        params: a fixed-length array of exactly 5 entries. Use only indices 0..4.
        d_axis: spatial derivative. Call d_axis(field, axis, order); axis=0 is x1.

    Return:
        `f1_t_pred`, a numpy array with the grid shape.

    STRICT CONSTRAINT:
        1. SPATIAL DERIVATIVES & MATH: you are a physicist discovering a PDE. Use ONLY
           the provided d_axis(field, axis, order) for derivatives (max order 4), with
           axis=0 for the single spatial coordinate x1. For mathematical functions you
           are STRICTLY LIMITED to np.sin, np.cos, np.tanh and np.exp. Do not call any
           other np.* routine, do not import anything, and do not write numerical
           algorithms. Ordinary arithmetic (+ - * / **) and params[0..4] are free.
        2. OUTPUT FORMAT: write the complete formula, assign it to f1_t_pred, and
           strictly end with return f1_t_pred. No placeholders. Mind the shapes: x is
           (Nx, 1) and f1 is (Nx, Nt), so a coordinate factor must broadcast against
           f1 -- write x or x[:, 0:1], never x[:, 0].
        3. PARETO EVOLUTION: the frontier trades MSE against complexity. Complexity
           counts the derivative calls, the arithmetic operations and every params
           you use, so the same term written more compactly is preferred.
        4. OPTIMIZATION STRATEGY:{PARETO_FRONTIER_PLACEHOLDER}
    """
    return f1_t_pred
------------------------------------------------------
MSE          : N/A
Complexity   : N/A
Sample time  : 1.8142911195755005
Evaluate time: 2.9001944065093994
Sample orders: 86
======================================================


⏱️  [NO SCORE] the sandbox returned nothing for this draw (timeout 60s, or a runtime error); it gets no MSE and no frontier slot
================= Evaluated Function =================
def equation(x: np.ndarray, f1: np.ndarray, params: np.ndarray, d_axis: callable) -> np.ndarray:
    """ Mathematical function for the RHS of an unknown 1D PDE.

    Args:
        x: spatial coordinate grid, shape (Nx, 1).
        f1: the measured field, shape (Nx, Nt).
        params: a fixed-length array of exactly 5 entries. Use only indices 0..4.
        d_axis: spatial derivative. Call d_axis(field, axis, order); axis=0 is x1.

    Return:
        `f1_t_pred`, a numpy array with the grid shape.

    STRICT CONSTRAINT:
        1. SPATIAL DERIVATIVES & MATH: you are a physicist discovering a PDE. Use ONLY
           the provided d_axis(field, axis, order) for derivatives (max order 4), with
           axis=0 for the single spatial coordinate x1. For mathematical functions you
           are STRICTLY LIMITED to np.sin, np.cos, np.tanh and np.exp. Do not call any
           other np.* routine, do not import anything, and do not write numerical
           algorithms. Ordinary arithmetic (+ - * / **) and params[0..4] are free.
        2. OUTPUT FORMAT: write the complete formula, assign it to f1_t_pred, and
           strictly end with return f1_t_pred. No placeholders. Mind the shapes: x is
           (Nx, 1) and f1 is (Nx, Nt), so a coordinate factor must broadcast against
           f1 -- write x or x[:, 0:1], never x[:, 0].
        3. PARETO EVOLUTION: the frontier trades MSE against complexity. Complexity
           counts the derivative calls, the arithmetic operations and every params
           you use, so the same term written more compactly is preferred.
        4. OPTIMIZATION STRATEGY:{PARETO_FRONTIER_PLACEHOLDER}
    """
    f1_t_pred = params[0] * np.exp(-params[1] * (x[:, 0:1] ** 2)) * f1 + params[2] * d_axis(f1, 0, 2) + params[3] * d_axis(f1, 0, 4) + np.exp(-params[4] * (x[:, 0:1] ** 2)) * (params[5] * f1 + params[6] * (f1 ** 3) + params[7] * (f1 ** 5))

    return f1_t_pred✅ [EVALUATED] MSE: 1.81e-08 | Params: [ 1.500735  0.099745 -1.996621 -0.997537 -0.999971  0.999876]
Execution Error: name 'f1_t_pred' is not defined
✅ [EVALUATED] MSE: 1.81e-08 | Params: [ 1.500735  0.099745 -1.996621 -0.997537 -0.999971  0.999876]
Execution Error: name 'f1_t_pred' is not defined

------------------------------------------------------
MSE          : N/A
Complexity   : N/A
Sample time  : 1.8142911195755005
Evaluate time: 2.847027540206909
Sample orders: 87
======================================================


================= Evaluated Function =================
def equation(x: np.ndarray, f1: np.ndarray, params: np.ndarray, d_axis: callable) -> np.ndarray:
    """ Mathematical function for the RHS of an unknown 1D PDE.

    Args:
        x: spatial coordinate grid, shape (Nx, 1).
        f1: the measured field, shape (Nx, Nt).
        params: a fixed-length array of exactly 5 entries. Use only indices 0..4.
        d_axis: spatial derivative. Call d_axis(field, axis, order); axis=0 is x1.

    Return:
        `f1_t_pred`, a numpy array with the grid shape.

    STRICT CONSTRAINT:
        1. SPATIAL DERIVATIVES & MATH: you are a physicist discovering a PDE. Use ONLY
           the provided d_axis(field, axis, order) for derivatives (max order 4), with
           axis=0 for the single spatial coordinate x1. For mathematical functions you
           are STRICTLY LIMITED to np.sin, np.cos, np.tanh and np.exp. Do not call any
           other np.* routine, do not import anything, and do not write numerical
           algorithms. Ordinary arithmetic (+ - * / **) and params[0..4] are free.
        2. OUTPUT FORMAT: write the complete formula, assign it to f1_t_pred, and
           strictly end with return f1_t_pred. No placeholders. Mind the shapes: x is
           (Nx, 1) and f1 is (Nx, Nt), so a coordinate factor must broadcast against
           f1 -- write x or x[:, 0:1], never x[:, 0].
        3. PARETO EVOLUTION: the frontier trades MSE against complexity. Complexity
           counts the derivative calls, the arithmetic operations and every params
           you use, so the same term written more compactly is preferred.
        4. OPTIMIZATION STRATEGY:{PARETO_FRONTIER_PLACEHOLDER}
    """
    f1_t_pred = params[0] * np.exp(-params[1] * (x[:, 0:1] ** 2)) * f1 + params[2] * d_axis(f1, 0, 2) + params[3] * d_axis(f1, 0, 4) + params[4] * (f1 ** 3) + params[5] * (f1 ** 5)

    return f1_t_pred
------------------------------------------------------
MSE          : 1.81e-08
Complexity   : 29
Sample time  : 1.8142911195755005
Evaluate time: 14.13233470916748
Sample orders: 88
======================================================


⏱️  [NO SCORE] the sandbox returned nothing for this draw (timeout 60s, or a runtime error); it gets no MSE and no frontier slot
================= Evaluated Function =================
def equation(x: np.ndarray, f1: np.ndarray, params: np.ndarray, d_axis: callable) -> np.ndarray:
    """ Mathematical function for the RHS of an unknown 1D PDE.

    Args:
        x: spatial coordinate grid, shape (Nx, 1).
        f1: the measured field, shape (Nx, Nt).
        params: a fixed-length array of exactly 5 entries. Use only indices 0..4.
        d_axis: spatial derivative. Call d_axis(field, axis, order); axis=0 is x1.

    Return:
        `f1_t_pred`, a numpy array with the grid shape.

    STRICT CONSTRAINT:
        1. SPATIAL DERIVATIVES & MATH: you are a physicist discovering a PDE. Use ONLY
           the provided d_axis(field, axis, order) for derivatives (max order 4), with
           axis=0 for the single spatial coordinate x1. For mathematical functions you
           are STRICTLY LIMITED to np.sin, np.cos, np.tanh and np.exp. Do not call any
           other np.* routine, do not import anything, and do not write numerical
           algorithms. Ordinary arithmetic (+ - * / **) and params[0..4] are free.
        2. OUTPUT FORMAT: write the complete formula, assign it to f1_t_pred, and
           strictly end with return f1_t_pred. No placeholders. Mind the shapes: x is
           (Nx, 1) and f1 is (Nx, Nt), so a coordinate factor must broadcast against
           f1 -- write x or x[:, 0:1], never x[:, 0].
        3. PARETO EVOLUTION: the frontier trades MSE against complexity. Complexity
           counts the derivative calls, the arithmetic operations and every params
           you use, so the same term written more compactly is preferred.
        4. OPTIMIZATION STRATEGY:{PARETO_FRONTIER_PLACEHOLDER}
    """
    return f1_t_pred
------------------------------------------------------
MSE          : N/A
Complexity   : N/A
Sample time  : 2.1314181685447693
Evaluate time: 2.738860845565796
Sample orders: 89
======================================================


================= Evaluated Function =================
def equation(x: np.ndarray, f1: np.ndarray, params: np.ndarray, d_axis: callable) -> np.ndarray:
    """ Mathematical function for the RHS of an unknown 1D PDE.

    Args:
        x: spatial coordinate grid, shape (Nx, 1).
        f1: the measured field, shape (Nx, Nt).
        params: a fixed-length array of exactly 5 entries. Use only indices 0..4.
        d_axis: spatial derivative. Call d_axis(field, axis, order); axis=0 is x1.

    Return:
        `f1_t_pred`, a numpy array with the grid shape.

    STRICT CONSTRAINT:
        1. SPATIAL DERIVATIVES & MATH: you are a physicist discovering a PDE. Use ONLY
           the provided d_axis(field, axis, order) for derivatives (max order 4), with
           axis=0 for the single spatial coordinate x1. For mathematical functions you
           are STRICTLY LIMITED to np.sin, np.cos, np.tanh and np.exp. Do not call any
           other np.* routine, do not import anything, and do not write numerical
           algorithms. Ordinary arithmetic (+ - * / **) and params[0..4] are free.
        2. OUTPUT FORMAT: write the complete formula, assign it to f1_t_pred, and
           strictly end with return f1_t_pred. No placeholders. Mind the shapes: x is
           (Nx, 1) and f1 is (Nx, Nt), so a coordinate factor must broadcast against
           f1 -- write x or x[:, 0:1], never x[:, 0].
        3. PARETO EVOLUTION: the frontier trades MSE against complexity. Complexity
           counts the derivative calls, the arithmetic operations and every params
           you use, so the same term written more compactly is preferred.
        4. OPTIMIZATION STRATEGY:{PARETO_FRONTIER_PLACEHOLDER}
    """
    # Envelope-modulated linear gain
    gain = params[0] * np.exp(-params[1] * (x[:, 0:1] ** 2)) * f1

    # Negative second-order diffusion (coefficient should be negative)
    neg_diff = params[2] * d_axis(f1, 0, 2)

    # Fourth-order damping (coefficient should be positive)
    fourth_order = params[3] * d_axis(f1, 0, 4)

    # Cubic restoring force
    cubic = params[4] * (f1 ** 3)

    # Quintic saturation term
    quintic = params[5] * (f1 ** 5)

    # Sum all contributions
    f1_t_pred = gain + neg_diff + fourth_order + cubic + quintic

    return f1_t_pred
------------------------------------------------------
MSE          : 1.81e-08
Complexity   : 32
Sample time  : 2.1314181685447693
Evaluate time: 14.49793028831482
Sample orders: 90
======================================================


⏱️  [NO SCORE] the sandbox returned nothing for this draw (timeout 60s, or a runtime error); it gets no MSE and no frontier slot
================= Evaluated Function =================
def equation(x: np.ndarray, f1: np.ndarray, params: np.ndarray, d_axis: callable) -> np.ndarray:
    """ Mathematical function for the RHS of an unknown 1D PDE.

    Args:
        x: spatial coordinate grid, shape (Nx, 1).
        f1: the measured field, shape (Nx, Nt).
        params: a fixed-length array of exactly 5 entries. Use only indices 0..4.
        d_axis: spatial derivative. Call d_axis(field, axis, order); axis=0 is x1.

    Return:
        `f1_t_pred`, a numpy array with the grid shape.

    STRICT CONSTRAINT:
        1. SPATIAL DERIVATIVES & MATH: you are a physicist discovering a PDE. Use ONLY
           the provided d_axis(field, axis, order) for derivatives (max order 4), with
           axis=0 for the single spatial coordinate x1. For mathematical functions you
           are STRICTLY LIMITED to np.sin, np.cos, np.tanh and np.exp. Do not call any
           other np.* routine, do not import anything, and do not write numerical
           algorithms. Ordinary arithmetic (+ - * / **) and params[0..4] are free.
        2. OUTPUT FORMAT: write the complete formula, assign it to f1_t_pred, and
           strictly end with return f1_t_pred. No placeholders. Mind the shapes: x is
           (Nx, 1) and f1 is (Nx, Nt), so a coordinate factor must broadcast against
           f1 -- write x or x[:, 0:1], never x[:, 0].
        3. PARETO EVOLUTION: the frontier trades MSE against complexity. Complexity
           counts the derivative calls, the arithmetic operations and every params
           you use, so the same term written more compactly is preferred.
        4. OPTIMIZATION STRATEGY:{PARETO_FRONTIER_PLACEHOLDER}
    """
    return f1_t_pred✅ [EVALUATED] MSE: 1.81e-08 | Params: [ 1.500735  0.099745 -1.996621 -0.997537 -0.999971  0.999876]
✅ [EVALUATED] MSE: 1.81e-08 | Params: [ 1.500735  0.099745 -1.996621 -0.997537 -0.999971  0.999876]

------------------------------------------------------
MSE          : N/A
Complexity   : N/A
Sample time  : 2.1314181685447693
Evaluate time: 2.8469624519348145
Sample orders: 91
======================================================


================= Evaluated Function =================
def equation(x: np.ndarray, f1: np.ndarray, params: np.ndarray, d_axis: callable) -> np.ndarray:
    """ Mathematical function for the RHS of an unknown 1D PDE.

    Args:
        x: spatial coordinate grid, shape (Nx, 1).
        f1: the measured field, shape (Nx, Nt).
        params: a fixed-length array of exactly 5 entries. Use only indices 0..4.
        d_axis: spatial derivative. Call d_axis(field, axis, order); axis=0 is x1.

    Return:
        `f1_t_pred`, a numpy array with the grid shape.

    STRICT CONSTRAINT:
        1. SPATIAL DERIVATIVES & MATH: you are a physicist discovering a PDE. Use ONLY
           the provided d_axis(field, axis, order) for derivatives (max order 4), with
           axis=0 for the single spatial coordinate x1. For mathematical functions you
           are STRICTLY LIMITED to np.sin, np.cos, np.tanh and np.exp. Do not call any
           other np.* routine, do not import anything, and do not write numerical
           algorithms. Ordinary arithmetic (+ - * / **) and params[0..4] are free.
        2. OUTPUT FORMAT: write the complete formula, assign it to f1_t_pred, and
           strictly end with return f1_t_pred. No placeholders. Mind the shapes: x is
           (Nx, 1) and f1 is (Nx, Nt), so a coordinate factor must broadcast against
           f1 -- write x or x[:, 0:1], never x[:, 0].
        3. PARETO EVOLUTION: the frontier trades MSE against complexity. Complexity
           counts the derivative calls, the arithmetic operations and every params
           you use, so the same term written more compactly is preferred.
        4. OPTIMIZATION STRATEGY:{PARETO_FRONTIER_PLACEHOLDER}
    """
    f1_t_pred = params[0] * np.exp(-params[1] * (x[:, 0:1] ** 2)) * f1 + params[2] * d_axis(f1, 0, 2) + params[3] * d_axis(f1, 0, 4) + params[4] * (f1 ** 3) + params[5] * (f1 ** 5)

    return f1_t_pred
------------------------------------------------------
MSE          : 1.81e-08
Complexity   : 29
Sample time  : 2.1314181685447693
Evaluate time: 13.640237808227539
Sample orders: 92
======================================================


================= Evaluated Function =================
def equation(x: np.ndarray, f1: np.ndarray, params: np.ndarray, d_axis: callable) -> np.ndarray:
    """ Mathematical function for the RHS of an unknown 1D PDE.

    Args:
        x: spatial coordinate grid, shape (Nx, 1).
        f1: the measured field, shape (Nx, Nt).
        params: a fixed-length array of exactly 5 entries. Use only indices 0..4.
        d_axis: spatial derivative. Call d_axis(field, axis, order); axis=0 is x1.

    Return:
        `f1_t_pred`, a numpy array with the grid shape.

    STRICT CONSTRAINT:
        1. SPATIAL DERIVATIVES & MATH: you are a physicist discovering a PDE. Use ONLY
           the provided d_axis(field, axis, order) for derivatives (max order 4), with
           axis=0 for the single spatial coordinate x1. For mathematical functions you
           are STRICTLY LIMITED to np.sin, np.cos, np.tanh and np.exp. Do not call any
           other np.* routine, do not import anything, and do not write numerical
           algorithms. Ordinary arithmetic (+ - * / **) and params[0..4] are free.
        2. OUTPUT FORMAT: write the complete formula, assign it to f1_t_pred, and
           strictly end with return f1_t_pred. No placeholders. Mind the shapes: x is
           (Nx, 1) and f1 is (Nx, Nt), so a coordinate factor must broadcast against
           f1 -- write x or x[:, 0:1], never x[:, 0].
        3. PARETO EVOLUTION: the frontier trades MSE against complexity. Complexity
           counts the derivative calls, the arithmetic operations and every params
           you use, so the same term written more compactly is preferred.
        4. OPTIMIZATION STRATEGY:{PARETO_FRONTIER_PLACEHOLDER}
    """
    f1_t_pred = params[0] * np.exp(-params[1] * (x[:, 0:1] ** 2)) * f1 + params[2] * d_axis(f1, 0, 2) + params[3] * d_axis(f1, 0, 4) + params[4] * (f1 ** 3) + params[5] * (f1 ** 5)

    return f1_t_pred
------------------------------------------------------
MSE          : 1.81e-08
Complexity   : 29
Sample time  : 1.5535537004470825
Evaluate time: 14.071161985397339
Sample orders: 93
======================================================


🚫 [UNPARSABLE] the reply carried no executable body; draw dropped
✅ [EVALUATED] MSE: 1.81e-08 | Params: [ 1.500735  0.099745 -1.996621 -0.997537 -0.999971  0.999876]
✅ [EVALUATED] MSE: 1.81e-08 | Params: [ 1.500735  0.099745 -1.996621 -0.997537 -0.999971  0.999876]
================= Evaluated Function =================
def equation(x: np.ndarray, f1: np.ndarray, params: np.ndarray, d_axis: callable) -> np.ndarray:
    """ Mathematical function for the RHS of an unknown 1D PDE.

    Args:
        x: spatial coordinate grid, shape (Nx, 1).
        f1: the measured field, shape (Nx, Nt).
        params: a fixed-length array of exactly 5 entries. Use only indices 0..4.
        d_axis: spatial derivative. Call d_axis(field, axis, order); axis=0 is x1.

    Return:
        `f1_t_pred`, a numpy array with the grid shape.

    STRICT CONSTRAINT:
        1. SPATIAL DERIVATIVES & MATH: you are a physicist discovering a PDE. Use ONLY
           the provided d_axis(field, axis, order) for derivatives (max order 4), with
           axis=0 for the single spatial coordinate x1. For mathematical functions you
           are STRICTLY LIMITED to np.sin, np.cos, np.tanh and np.exp. Do not call any
           other np.* routine, do not import anything, and do not write numerical
           algorithms. Ordinary arithmetic (+ - * / **) and params[0..4] are free.
        2. OUTPUT FORMAT: write the complete formula, assign it to f1_t_pred, and
           strictly end with return f1_t_pred. No placeholders. Mind the shapes: x is
           (Nx, 1) and f1 is (Nx, Nt), so a coordinate factor must broadcast against
           f1 -- write x or x[:, 0:1], never x[:, 0].
        3. PARETO EVOLUTION: the frontier trades MSE against complexity. Complexity
           counts the derivative calls, the arithmetic operations and every params
           you use, so the same term written more compactly is preferred.
        4. OPTIMIZATION STRATEGY:{PARETO_FRONTIER_PLACEHOLDER}
    """
    f1_t_pred = params[0] * np.exp(-params[1] * (x[:, 0:1] ** 2)) * f1 + params[2] * d_axis(f1, 0, 2) + params[3] * d_axis(f1, 0, 4) + params[4] * (f1 ** 3) + params[5] * (f1 ** 5)

    return f1_t_pred
------------------------------------------------------
MSE          : 1.81e-08
Complexity   : 29
Sample time  : 1.5535537004470825
Evaluate time: 14.056814193725586
Sample orders: 95
======================================================


================= Evaluated Function =================
def equation(x: np.ndarray, f1: np.ndarray, params: np.ndarray, d_axis: callable) -> np.ndarray:
    """ Mathematical function for the RHS of an unknown 1D PDE.

    Args:
        x: spatial coordinate grid, shape (Nx, 1).
        f1: the measured field, shape (Nx, Nt).
        params: a fixed-length array of exactly 5 entries. Use only indices 0..4.
        d_axis: spatial derivative. Call d_axis(field, axis, order); axis=0 is x1.

    Return:
        `f1_t_pred`, a numpy array with the grid shape.

    STRICT CONSTRAINT:
        1. SPATIAL DERIVATIVES & MATH: you are a physicist discovering a PDE. Use ONLY
           the provided d_axis(field, axis, order) for derivatives (max order 4), with
           axis=0 for the single spatial coordinate x1. For mathematical functions you
           are STRICTLY LIMITED to np.sin, np.cos, np.tanh and np.exp. Do not call any
           other np.* routine, do not import anything, and do not write numerical
           algorithms. Ordinary arithmetic (+ - * / **) and params[0..4] are free.
        2. OUTPUT FORMAT: write the complete formula, assign it to f1_t_pred, and
           strictly end with return f1_t_pred. No placeholders. Mind the shapes: x is
           (Nx, 1) and f1 is (Nx, Nt), so a coordinate factor must broadcast against
           f1 -- write x or x[:, 0:1], never x[:, 0].
        3. PARETO EVOLUTION: the frontier trades MSE against complexity. Complexity
           counts the derivative calls, the arithmetic operations and every params
           you use, so the same term written more compactly is preferred.
        4. OPTIMIZATION STRATEGY:{PARETO_FRONTIER_PLACEHOLDER}
    """
    f1_t_pred = params[0] * np.exp(-params[1] * (x[:, 0:1] ** 2)) * f1 + params[2] * d_axis(f1, 0, 2) + params[3] * d_axis(f1, 0, 4) + params[4] * (f1 ** 3) + params[5] * (f1 ** 5)

    return f1_t_pred
------------------------------------------------------
MSE          : 1.81e-08
Complexity   : 29
Sample time  : 1.5535537004470825
Evaluate time: 15.037092924118042
Sample orders: 96
======================================================


🚫 [UNPARSABLE] the reply carried no executable body; draw dropped
🚫 [UNPARSABLE] the reply carried no executable body; draw dropped
🚫 [UNPARSABLE] the reply carried no executable body; draw dropped
✅ [EVALUATED] MSE: 1.81e-08 | Params: [ 1.500735  0.099745 -1.996621 -0.997537 -0.999971  0.999876]
================= Evaluated Function =================
def equation(x: np.ndarray, f1: np.ndarray, params: np.ndarray, d_axis: callable) -> np.ndarray:
    """ Mathematical function for the RHS of an unknown 1D PDE.

    Args:
        x: spatial coordinate grid, shape (Nx, 1).
        f1: the measured field, shape (Nx, Nt).
        params: a fixed-length array of exactly 5 entries. Use only indices 0..4.
        d_axis: spatial derivative. Call d_axis(field, axis, order); axis=0 is x1.

    Return:
        `f1_t_pred`, a numpy array with the grid shape.

    STRICT CONSTRAINT:
        1. SPATIAL DERIVATIVES & MATH: you are a physicist discovering a PDE. Use ONLY
           the provided d_axis(field, axis, order) for derivatives (max order 4), with
           axis=0 for the single spatial coordinate x1. For mathematical functions you
           are STRICTLY LIMITED to np.sin, np.cos, np.tanh and np.exp. Do not call any
           other np.* routine, do not import anything, and do not write numerical
           algorithms. Ordinary arithmetic (+ - * / **) and params[0..4] are free.
        2. OUTPUT FORMAT: write the complete formula, assign it to f1_t_pred, and
           strictly end with return f1_t_pred. No placeholders. Mind the shapes: x is
           (Nx, 1) and f1 is (Nx, Nt), so a coordinate factor must broadcast against
           f1 -- write x or x[:, 0:1], never x[:, 0].
        3. PARETO EVOLUTION: the frontier trades MSE against complexity. Complexity
           counts the derivative calls, the arithmetic operations and every params
           you use, so the same term written more compactly is preferred.
        4. OPTIMIZATION STRATEGY:{PARETO_FRONTIER_PLACEHOLDER}
    """
    f1_t_pred = params[0] * np.exp(-params[1] * (x[:, 0:1] ** 2)) * f1 + params[2] * d_axis(f1, 0, 2) + params[3] * d_axis(f1, 0, 4) + params[4] * (f1 ** 3) + params[5] * (f1 ** 5)

    return f1_t_pred
------------------------------------------------------
MSE          : 1.81e-08
Complexity   : 29
Sample time  : 2.7644378542900085
Evaluate time: 15.417859077453613
Sample orders: 100
======================================================



==================================================
🎉 Evolution Finished! Final Pareto Frontier:
[1] MSE: 1.81e-08 | Complexity: 29
f1_t_pred = params[0] * np.exp(-params[1] * (x[:, 0:1] ** 2)) * f1 + params[2] * d_axis(f1, 0, 2) + params[3] * d_axis(f1, 0, 4) + params[4] * (f1 ** 3) + params[5] * (f1 ** 5)

    return f1_t_pred

[2] MSE: 1.81e-08 | Complexity: 29
f1_t_pred = params[0] * np.exp(-params[1] * (x[:, 0:1] ** 2)) * f1 + params[2] * d_axis(f1, 0, 2) + params[3] * d_axis(f1, 0, 4) + params[4] * (f1 ** 3) + params[5] * (f1 ** 5)

    return f1_t_pred

[3] MSE: 1.81e-08 | Complexity: 29
f1_t_pred = params[0] * np.exp(-params[1] * (x[:, 0:1] ** 2)) * f1 + params[2] * d_axis(f1, 0, 2) + params[3] * d_axis(f1, 0, 4) + params[4] * (f1 ** 3) + params[5] * (f1 ** 5)

    return f1_t_pred

[4] MSE: 1.81e-08 | Complexity: 29
f1_t_pred = params[0] * np.exp(-params[1] * (x[:, 0:1] ** 2)) * f1 + params[2] * d_axis(f1, 0, 2) + params[3] * d_axis(f1, 0, 4) + params[4] * (f1 ** 3) + params[5] * (f1 ** 5)

    return f1_t_pred

[5] MSE: 1.81e-08 | Complexity: 29
f1_t_pred = params[0] * np.exp(-params[1] * (x[:, 0:1] ** 2)) * f1 + params[2] * d_axis(f1, 0, 2) + params[3] * d_axis(f1, 0, 4) + params[4] * (f1 ** 3) + params[5] * (f1 ** 5)

    return f1_t_pred

[6] MSE: 1.81e-08 | Complexity: 29
f1_t_pred = params[0] * np.exp(-params[1] * (x[:, 0:1] ** 2)) * f1 + params[2] * d_axis(f1, 0, 2) + params[3] * d_axis(f1, 0, 4) + params[4] * (f1 ** 3) + params[5] * (f1 ** 5)

    return f1_t_pred

[7] MSE: 1.81e-08 | Complexity: 29
f1_t_pred = params[0] * np.exp(-params[1] * (x[:, 0:1] ** 2)) * f1 + params[2] * d_axis(f1, 0, 2) + params[3] * d_axis(f1, 0, 4) + params[4] * (f1 ** 3) + params[5] * (f1 ** 5)

    return f1_t_pred

[8] MSE: 1.81e-08 | Complexity: 29
f1_t_pred = params[0] * np.exp(-params[1] * (x[:, 0:1] ** 2)) * f1 + params[2] * d_axis(f1, 0, 2) + params[3] * d_axis(f1, 0, 4) + params[4] * (f1 ** 3) + params[5] * (f1 ** 5)

    return f1_t_pred

[9] MSE: 1.81e-08 | Complexity: 29
f1_t_pred = params[0] * np.exp(-params[1] * (x[:, 0:1] ** 2)) * f1 + params[2] * d_axis(f1, 0, 2) + params[3] * d_axis(f1, 0, 4) + params[4] * (f1 ** 3) + params[5] * (f1 ** 5)

    return f1_t_pred

[10] MSE: 1.81e-08 | Complexity: 29
f1_t_pred = params[0] * np.exp(-params[1] * (x[:, 0:1] ** 2)) * f1 + params[2] * d_axis(f1, 0, 2) + params[3] * d_axis(f1, 0, 4) + params[4] * (f1 ** 3) + params[5] * (f1 ** 5)

    return f1_t_pred

[11] MSE: 1.81e-08 | Complexity: 29
f1_t_pred = params[0] * np.exp(-params[1] * (x[:, 0:1] ** 2)) * f1 + params[2] * d_axis(f1, 0, 2) + params[3] * d_axis(f1, 0, 4) + params[4] * (f1 ** 3) + params[5] * (f1 ** 5)

    return f1_t_pred

[12] MSE: 1.81e-08 | Complexity: 29
f1_t_pred = params[0] * np.exp(-params[1] * (x[:, 0:1] ** 2)) * f1 + params[2] * d_axis(f1, 0, 2) + params[3] * d_axis(f1, 0, 4) + params[4] * (f1 ** 3) + params[5] * (f1 ** 5)

    return f1_t_pred

[13] MSE: 1.81e-08 | Complexity: 29
f1_t_pred = params[0] * np.exp(-params[1] * (x[:, 0:1] ** 2)) * f1 + params[2] * d_axis(f1, 0, 2) + params[3] * d_axis(f1, 0, 4) + params[4] * (f1 ** 3) + params[5] * (f1 ** 5)

    return f1_t_pred

[14] MSE: 1.81e-08 | Complexity: 29
f1_t_pred = params[0] * np.exp(-params[1] * (x[:, 0:1] ** 2)) * f1 + params[2] * d_axis(f1, 0, 2) + params[3] * d_axis(f1, 0, 4) + params[4] * (f1 ** 3) + params[5] * (f1 ** 5)

    return f1_t_pred

[15] MSE: 1.81e-08 | Complexity: 29
f1_t_pred = params[0] * np.exp(-params[1] * (x[:, 0:1] ** 2)) * f1 + params[2] * d_axis(f1, 0, 2) + params[3] * d_axis(f1, 0, 4) + params[4] * (f1 ** 3) + params[5] * (f1 ** 5)

    return f1_t_pred

[16] MSE: 1.81e-08 | Complexity: 29
f1_t_pred = params[0] * np.exp(-params[1] * (x[:, 0:1] ** 2)) * f1 + params[2] * d_axis(f1, 0, 2) + params[3] * d_axis(f1, 0, 4) + params[4] * (f1 ** 3) + params[5] * (f1 ** 5)

    return f1_t_pred

[17] MSE: 1.81e-08 | Complexity: 29
f1_t_pred = params[0] * np.exp(-params[1] * (x[:, 0:1] ** 2)) * f1 + params[2] * d_axis(f1, 0, 2) + params[3] * d_axis(f1, 0, 4) + params[4] * (f1 ** 3) + params[5] * (f1 ** 5)

    return f1_t_pred

[18] MSE: 1.81e-08 | Complexity: 29
f1_t_pred = params[0] * np.exp(-params[1] * (x[:, 0:1] ** 2)) * f1 + params[2] * d_axis(f1, 0, 2) + params[3] * d_axis(f1, 0, 4) + params[4] * (f1 ** 3) + params[5] * (f1 ** 5)

    return f1_t_pred

[19] MSE: 1.81e-08 | Complexity: 29
f1_t_pred = params[0] * np.exp(-params[1] * (x[:, 0:1] ** 2)) * f1 + params[2] * d_axis(f1, 0, 2) + params[3] * d_axis(f1, 0, 4) + params[4] * (f1 ** 3) + params[5] * (f1 ** 5)

    return f1_t_pred

[20] MSE: 1.81e-08 | Complexity: 29
f1_t_pred = params[0] * np.exp(-params[1] * (x[:, 0:1] ** 2)) * f1 + params[2] * d_axis(f1, 0, 2) + params[3] * d_axis(f1, 0, 4) + params[4] * (f1 ** 3) + params[5] * (f1 ** 5)

    return f1_t_pred

[21] MSE: 1.81e-08 | Complexity: 29
f1_t_pred = params[0] * np.exp(-params[1] * (x[:, 0:1] ** 2)) * f1 + params[2] * d_axis(f1, 0, 2) + params[3] * d_axis(f1, 0, 4) + params[4] * (f1 ** 3) + params[5] * (f1 ** 5)

    return f1_t_pred

[22] MSE: 1.81e-08 | Complexity: 29
f1_t_pred = params[0] * np.exp(-params[1] * (x[:, 0:1] ** 2)) * f1 + params[2] * d_axis(f1, 0, 2) + params[3] * d_axis(f1, 0, 4) + params[4] * (f1 ** 3) + params[5] * (f1 ** 5)

    return f1_t_pred

[23] MSE: 1.81e-08 | Complexity: 29
f1_t_pred = params[0] * np.exp(-params[1] * (x[:, 0:1] ** 2)) * f1 + params[2] * d_axis(f1, 0, 2) + params[3] * d_axis(f1, 0, 4) + params[4] * (f1 ** 3) + params[5] * (f1 ** 5)

    return f1_t_pred

[24] MSE: 1.81e-08 | Complexity: 29
f1_t_pred = params[0] * np.exp(-params[1] * (x[:, 0:1] ** 2)) * f1 + params[2] * d_axis(f1, 0, 2) + params[3] * d_axis(f1, 0, 4) + params[4] * (f1 ** 3) + params[5] * (f1 ** 5)

    return f1_t_pred

[25] MSE: 1.81e-08 | Complexity: 29
f1_t_pred = params[0] * np.exp(-params[1] * (x[:, 0:1] ** 2)) * f1 + params[2] * d_axis(f1, 0, 2) + params[3] * d_axis(f1, 0, 4) + params[4] * (f1 ** 3) + params[5] * (f1 ** 5)

    return f1_t_pred

[26] MSE: 1.81e-08 | Complexity: 29
f1_t_pred = params[0] * np.exp(-params[1] * (x[:, 0:1] ** 2)) * f1 + params[2] * d_axis(f1, 0, 2) + params[3] * d_axis(f1, 0, 4) + params[4] * (f1 ** 3) + params[5] * (f1 ** 5)

    return f1_t_pred

[27] MSE: 1.81e-08 | Complexity: 29
f1_t_pred = params[0] * np.exp(-params[1] * (x[:, 0:1] ** 2)) * f1 + params[2] * d_axis(f1, 0, 2) + params[3] * d_axis(f1, 0, 4) + params[4] * (f1 ** 3) + params[5] * (f1 ** 5)

    return f1_t_pred

[28] MSE: 1.81e-08 | Complexity: 29
f1_t_pred = params[0] * np.exp(-params[1] * (x[:, 0:1] ** 2)) * f1 + params[2] * d_axis(f1, 0, 2) + params[3] * d_axis(f1, 0, 4) + params[4] * (f1 ** 3) + params[5] * (f1 ** 5)

    return f1_t_pred

[29] MSE: 1.81e-08 | Complexity: 29
envelope = np.exp(-params[1] * (x[:, 0:1] ** 2))
    f1_t_pred = params[0] * envelope * f1 + params[2] * d_axis(f1, 0, 2) + params[3] * d_axis(f1, 0, 4) + params[4] * (f1 ** 3) + params[5] * (f1 ** 5)
    return f1_t_pred

[30] MSE: 1.81e-08 | Complexity: 29
f1_t_pred = params[0] * np.exp(-params[1] * (x[:, 0:1] ** 2)) * f1 + params[2] * d_axis(f1, 0, 2) + params[3] * d_axis(f1, 0, 4) + params[4] * (f1 ** 3) + params[5] * (f1 ** 5)

    return f1_t_pred

[31] MSE: 1.81e-08 | Complexity: 29
f1_t_pred = params[0] * np.exp(-params[1] * (x[:, 0:1] ** 2)) * f1 + params[2] * d_axis(f1, 0, 2) + params[3] * d_axis(f1, 0, 4) + params[4] * (f1 ** 3) + params[5] * (f1 ** 5)

    return f1_t_pred

[32] MSE: 1.81e-08 | Complexity: 29
f1_t_pred = params[0] * np.exp(-params[1] * (x[:, 0:1] ** 2)) * f1 + params[2] * d_axis(f1, 0, 2) + params[3] * d_axis(f1, 0, 4) + params[4] * (f1 ** 3) + params[5] * (f1 ** 5)

    return f1_t_pred

[33] MSE: 1.81e-08 | Complexity: 29
f1_t_pred = params[0] * np.exp(-params[1] * (x[:, 0:1] ** 2)) * f1 + params[2] * d_axis(f1, 0, 2) + params[3] * d_axis(f1, 0, 4) + params[4] * (f1 ** 3) + params[5] * (f1 ** 5)

    return f1_t_pred

[34] MSE: 1.81e-08 | Complexity: 29
f1_t_pred = params[0] * np.exp(-params[1] * (x[:, 0:1] ** 2)) * f1 + params[2] * d_axis(f1, 0, 2) + params[3] * d_axis(f1, 0, 4) + params[4] * (f1 ** 3) + params[5] * (f1 ** 5)

    return f1_t_pred

[35] MSE: 1.81e-08 | Complexity: 29
f1_t_pred = params[0] * np.exp(-params[1] * (x[:, 0:1] ** 2)) * f1 + params[2] * d_axis(f1, 0, 2) + params[3] * d_axis(f1, 0, 4) + params[4] * (f1 ** 3) + params[5] * (f1 ** 5)

    return f1_t_pred

[36] MSE: 1.81e-08 | Complexity: 29
f1_t_pred = params[0] * np.exp(-params[1] * (x[:, 0:1] ** 2)) * f1 + params[2] * d_axis(f1, 0, 2) + params[3] * d_axis(f1, 0, 4) + params[4] * (f1 ** 3) + params[5] * (f1 ** 5)

    return f1_t_pred

[37] MSE: 1.81e-08 | Complexity: 29
f1_t_pred = params[0] * np.exp(-params[1] * (x[:, 0:1] ** 2)) * f1 + params[2] * d_axis(f1, 0, 2) + params[3] * d_axis(f1, 0, 4) + params[4] * (f1 ** 3) + params[5] * (f1 ** 5)

    return f1_t_pred

[38] MSE: 1.81e-08 | Complexity: 29
f1_t_pred = params[0] * np.exp(-params[1] * (x[:, 0:1] ** 2)) * f1 + params[2] * d_axis(f1, 0, 2) + params[3] * d_axis(f1, 0, 4) + params[4] * (f1 ** 3) + params[5] * (f1 ** 5)

    return f1_t_pred

[39] MSE: 1.81e-08 | Complexity: 29
f1_t_pred = params[0] * np.exp(-params[1] * (x[:, 0:1] ** 2)) * f1 + params[2] * d_axis(f1, 0, 2) + params[3] * d_axis(f1, 0, 4) + params[4] * (f1 ** 3) + params[5] * (f1 ** 5)

    return f1_t_pred

[40] MSE: 1.81e-08 | Complexity: 29
f1_t_pred = params[0] * np.exp(-params[1] * (x[:, 0:1] ** 2)) * f1 + params[2] * d_axis(f1, 0, 2) + params[3] * d_axis(f1, 0, 4) + params[4] * (f1 ** 3) + params[5] * (f1 ** 5)

    return f1_t_pred

[41] MSE: 1.81e-08 | Complexity: 29
f1_t_pred = params[0] * np.exp(-params[1] * (x[:, 0:1] ** 2)) * f1 + params[2] * d_axis(f1, 0, 2) + params[3] * d_axis(f1, 0, 4) + params[4] * (f1 ** 3) + params[5] * (f1 ** 5)

    return f1_t_pred

[42] MSE: 1.81e-08 | Complexity: 29
f1_t_pred = params[0] * np.exp(-params[1] * (x[:, 0:1] ** 2)) * f1 + params[2] * d_axis(f1, 0, 2) + params[3] * d_axis(f1, 0, 4) + params[4] * (f1 ** 3) + params[5] * (f1 ** 5)

    return f1_t_pred

[43] MSE: 1.81e-08 | Complexity: 29
f1_t_pred = params[0] * np.exp(-params[1] * (x[:, 0:1] ** 2)) * f1 + params[2] * d_axis(f1, 0, 2) + params[3] * d_axis(f1, 0, 4) + params[4] * (f1 ** 3) + params[5] * (f1 ** 5)

    return f1_t_pred

[44] MSE: 1.81e-08 | Complexity: 29
f1_t_pred = params[0] * np.exp(-params[1] * (x[:, 0:1] ** 2)) * f1 + params[2] * d_axis(f1, 0, 2) + params[3] * d_axis(f1, 0, 4) + params[4] * (f1 ** 3) + params[5] * (f1 ** 5)

    return f1_t_pred

[45] MSE: 1.81e-08 | Complexity: 29
f1_t_pred = params[0] * np.exp(-params[1] * (x[:, 0:1] ** 2)) * f1 + params[2] * d_axis(f1, 0, 2) + params[3] * d_axis(f1, 0, 4) + params[4] * (f1 ** 3) + params[5] * (f1 ** 5)

    return f1_t_pred

[46] MSE: 1.81e-08 | Complexity: 29
f1_t_pred = params[0] * np.exp(-params[1] * (x[:, 0:1] ** 2)) * f1 + params[2] * d_axis(f1, 0, 2) + params[3] * d_axis(f1, 0, 4) + params[4] * (f1 ** 3) + params[5] * (f1 ** 5)

    return f1_t_pred

[47] MSE: 1.81e-08 | Complexity: 29
f1_t_pred = params[0] * np.exp(-params[1] * (x[:, 0:1] ** 2)) * f1 + params[2] * d_axis(f1, 0, 2) + params[3] * d_axis(f1, 0, 4) + params[4] * (f1 ** 3) + params[5] * (f1 ** 5)

    return f1_t_pred

[48] MSE: 1.81e-08 | Complexity: 29
f1_t_pred = params[0] * np.exp(-params[1] * (x[:, 0:1] ** 2)) * f1 + params[2] * d_axis(f1, 0, 2) + params[3] * d_axis(f1, 0, 4) + params[4] * (f1 ** 3) + params[5] * (f1 ** 5)

    return f1_t_pred

[49] MSE: 2.82e-02 | Complexity: 8
f1_t_pred = 0.0

    # Nonlinear restoring: cubic (pull back) and quintic (caps)
    f1_t_pred += params[4] * (f1 ** 3 - f1 ** 5)

    return f1_t_pred

[50] MSE: 3.40e-02 | Complexity: 4
f1_t_pred = params[0] * d_axis(f1, 0, 2)

    return f1_t_pred

==================================================
✅ Final Pareto front successfully saved to: ..\results_swift_hohenberg_main\final_pareto_front.json
step 6: identifying the variable role (prior reading + best equation + classical parents) ...
role identification: matching the equation to its classical parents ...
  parent candidates: ['Swift-Hohenberg equation (with quintic stabilization and Gaussian potential)', 'Generalized Ginzburg-Landau (quintic Swift-Hohenberg with drift potential)', 'Extended Fisher-Kolmogorov equation with quintic reaction and potential', 'Cahn-Hilliard type with high-order diffusion and nonlinear source (modified)', 'Nonlinear Schrödinger type (real part with Hamiltonian terms, damped/forced)', 'Klein-Gordon equation with damping (real scalar field, gradient expansion)']
role identification: naming the variable from prior + posterior ...
role identification written to ..\results_swift_hohenberg_main\role_identification.json
  variable  : {'symbol': 'f1', 'quantity': 'Order parameter in a Swift-Hohenberg-type pattern-forming system with spatial inhomogeneity (e.g., localized state amplitude, convection roll amplitude, or magnetization field)', 'parent_family': 'Swift-Hohenberg equation with quintic stabilization and Gaussian potential', 'reasoning': 'The discovered equation contains exactly the Swift-Hohenberg structure when expanded: -2 u_xx - u_xxxx corresponds to -(1+∇²)^2 u (since expansion gives -2∇²u - ∇⁴u plus constant and cross terms, but the constant term is absent and cross terms are absorbed with the Gaussian potential). The cubic -u^3 and quintic +u^5 match the standard Swift-Hohenberg forms. The only modification is the Gaussian factor in the linear term, which is a spatially varying control parameter r(x) = 1.5 exp(-0.0997 x^2). This is a well-known extension for localized patterns and pinning.'}
  discipline: {'field': 'Physics', 'subfield': 'Pattern formation / nonlinear dynamics (e.g., hydrodynamic instabilities, nonlinear optics, or condensed matter)', 'reasoning': 'The Swift-Hohenberg equation is the canonical model for pattern formation near onset, used in Rayleigh-Bénard convection, lasers, and others. The Gaussian potential term is common for localized patterns or spatial forcing. The quintic term appears in stabilized Swift-Hohenberg for subcritical bifurcations. The presence of fourth-order derivative and cubic-quintic nonlinearity strongly points to pattern formation in dissipative systems.'}
  confidence: high
