configuration B: the spec prior is global (1296 chars) -> plan + library design + search
reused design: 9 mechanism(s) from ..\results_design\designed_library.json
library guidance: 9 mechanism(s)
✅ [EVALUATED] MSE: 4.39e-03 | Params: [0.265073 1.       1.       1.       1.      ]
Execution Error: operands could not be broadcast together with shapes (256,) (256,400) 
================= Evaluated Function =================
def equation(x: np.ndarray, f1: np.ndarray, params: np.ndarray, d_axis: callable) -> np.ndarray:
    """ Mathematical function for the RHS of an unknown 1D PDE.

    Args:
        x: spatial coordinate grid, shape (Nx, 1).
        f1: the measured field, shape (Nx, Nt).
        params: a fixed-length array of exactly 5 entries. Use only indices 0..4.
        d_axis: spatial derivative. Call d_axis(field, axis, order); axis=0 is x1.

    Return:
        `f1_t_pred`, a numpy array with the grid shape.

    STRICT CONSTRAINT:
        1. SPATIAL DERIVATIVES & MATH: you are a physicist discovering a PDE. Use ONLY
           the provided d_axis(field, axis, order) for derivatives (max order 4), with
           axis=0 for the single spatial coordinate x1. For mathematical functions you
           are STRICTLY LIMITED to np.sin, np.cos, np.tanh and np.exp. Do not call any
           other np.* routine, do not import anything, and do not write numerical
           algorithms. Ordinary arithmetic (+ - * / **) and params[0..4] are free.
        2. OUTPUT FORMAT: write the complete formula, assign it to f1_t_pred, and
           strictly end with return f1_t_pred. No placeholders.
        3. PARETO EVOLUTION: the frontier trades MSE against complexity. Complexity
           counts the derivative calls, the arithmetic operations and every params
           you use, so the same term written more compactly is preferred.
        4. OPTIMIZATION STRATEGY:{PARETO_FRONTIER_PLACEHOLDER}
    """
    f1_t_pred = params[0] * d_axis(f1, 0, 2)

    return f1_t_pred
------------------------------------------------------
MSE          : 4.39e-03
Complexity   : 4
Sample time  : None
Evaluate time: 2.853260040283203
Sample orders: None
======================================================


⏱️  [NO SCORE] the sandbox returned nothing for this draw (timeout 60s, or a runtime error); it gets no MSE and no frontier slot
================= Evaluated Function =================
def equation(x: np.ndarray, f1: np.ndarray, params: np.ndarray, d_axis: callable) -> np.ndarray:
    """ Mathematical function for the RHS of an unknown 1D PDE.

    Args:
        x: spatial coordinate grid, shape (Nx, 1).
        f1: the measured field, shape (Nx, Nt).
        params: a fixed-length array of exactly 5 entries. Use only indices 0..4.
        d_axis: spatial derivative. Call d_axis(field, axis, order); axis=0 is x1.

    Return:
        `f1_t_pred`, a numpy array with the grid shape.

    STRICT CONSTRAINT:
        1. SPATIAL DERIVATIVES & MATH: you are a physicist discovering a PDE. Use ONLY
           the provided d_axis(field, axis, order) for derivatives (max order 4), with
           axis=0 for the single spatial coordinate x1. For mathematical functions you
           are STRICTLY LIMITED to np.sin, np.cos, np.tanh and np.exp. Do not call any
           other np.* routine, do not import anything, and do not write numerical
           algorithms. Ordinary arithmetic (+ - * / **) and params[0..4] are free.
        2. OUTPUT FORMAT: write the complete formula, assign it to f1_t_pred, and
           strictly end with return f1_t_pred. No placeholders.
        3. PARETO EVOLUTION: the frontier trades MSE against complexity. Complexity
           counts the derivative calls, the arithmetic operations and every params
           you use, so the same term written more compactly is preferred.
        4. OPTIMIZATION STRATEGY:{PARETO_FRONTIER_PLACEHOLDER}
    """
    # Advection with bottleneck geometry and crowding
    speed = (1 - params[0] * np.tanh(params[1] * x[:, 0])) * (1 - params[2] * f1)
    flux = f1 * speed

    # Anticipation relative gradient diffusion
    rel_grad = d_axis(f1, 0, 1) / f1

    # Combine: divergence of advective flux + divergence of relative gradient diffusion
    f1_t_pred = d_axis(flux, 0, 1) + params[3] * d_axis(rel_grad, 0, 1)

    return f1_t_pred
------------------------------------------------------
MSE          : N/A
Complexity   : N/A
Sample time  : 2.100186586380005
Evaluate time: 2.6788432598114014
Sample orders: 1
======================================================


🚫 [UNPARSABLE] the reply carried no executable body; draw dropped
Execution Error: operands could not be broadcast together with shapes (256,400) (256,) 
Execution Error: operands could not be broadcast together with shapes (256,400) (256,) 
✅ [EVALUATED] MSE: 1.10e-03 | Params: [1.6199000e-02 3.5381000e-02 4.3370800e+00 6.7709826e+01 1.0010400e-01]
✅ [EVALUATED] MSE: 3.13e-11 | Params: [0.5  1.   1.   0.05 1.  ]
⏱️  [NO SCORE] the sandbox returned nothing for this draw (timeout 60s, or a runtime error); it gets no MSE and no frontier slot
================= Evaluated Function =================
def equation(x: np.ndarray, f1: np.ndarray, params: np.ndarray, d_axis: callable) -> np.ndarray:
    """ Mathematical function for the RHS of an unknown 1D PDE.

    Args:
        x: spatial coordinate grid, shape (Nx, 1).
        f1: the measured field, shape (Nx, Nt).
        params: a fixed-length array of exactly 5 entries. Use only indices 0..4.
        d_axis: spatial derivative. Call d_axis(field, axis, order); axis=0 is x1.

    Return:
        `f1_t_pred`, a numpy array with the grid shape.

    STRICT CONSTRAINT:
        1. SPATIAL DERIVATIVES & MATH: you are a physicist discovering a PDE. Use ONLY
           the provided d_axis(field, axis, order) for derivatives (max order 4), with
           axis=0 for the single spatial coordinate x1. For mathematical functions you
           are STRICTLY LIMITED to np.sin, np.cos, np.tanh and np.exp. Do not call any
           other np.* routine, do not import anything, and do not write numerical
           algorithms. Ordinary arithmetic (+ - * / **) and params[0..4] are free.
        2. OUTPUT FORMAT: write the complete formula, assign it to f1_t_pred, and
           strictly end with return f1_t_pred. No placeholders.
        3. PARETO EVOLUTION: the frontier trades MSE against complexity. Complexity
           counts the derivative calls, the arithmetic operations and every params
           you use, so the same term written more compactly is preferred.
        4. OPTIMIZATION STRATEGY:{PARETO_FRONTIER_PLACEHOLDER}
    """
    # Speed reductions: geometry bottleneck and crowding
    # Both must be positive: 1 - a*tanh(k*x1) > 0 and 1 - b*f1 > 0
    geometry_factor = 1 - params[0] * np.tanh(params[1] * x[:, 0])
    crowding_factor = 1 - params[2] * f1

    # Advective flux
    flux = f1 * geometry_factor * crowding_factor

    # Advection (divergence of flux, negative for conservation)
    advection = d_axis(flux, 0, 1)

    # Relative gradient diffusion (anticipation)
    relative_grad = d_axis(f1, 0, 1) / (f1 + 1e-10)
    diffusion = d_axis(relative_grad, 0, 1)

    # f1_t = -div(flux) + diffusion_coefficient * relative_gradient_diffusion
    f1_t_pred = -advection + params[3] * diffusion

    return f1_t_pred
------------------------------------------------------
MSE          : N/A
Complexity   : N/A
Sample time  : 2.100186586380005
Evaluate time: 2.5573508739471436
Sample orders: 3
======================================================


⏱️  [NO SCORE] the sandbox returned nothing for this draw (timeout 60s, or a runtime error); it gets no MSE and no frontier slot
================= Evaluated Function =================
def equation(x: np.ndarray, f1: np.ndarray, params: np.ndarray, d_axis: callable) -> np.ndarray:
    """ Mathematical function for the RHS of an unknown 1D PDE.

    Args:
        x: spatial coordinate grid, shape (Nx, 1).
        f1: the measured field, shape (Nx, Nt).
        params: a fixed-length array of exactly 5 entries. Use only indices 0..4.
        d_axis: spatial derivative. Call d_axis(field, axis, order); axis=0 is x1.

    Return:
        `f1_t_pred`, a numpy array with the grid shape.

    STRICT CONSTRAINT:
        1. SPATIAL DERIVATIVES & MATH: you are a physicist discovering a PDE. Use ONLY
           the provided d_axis(field, axis, order) for derivatives (max order 4), with
           axis=0 for the single spatial coordinate x1. For mathematical functions you
           are STRICTLY LIMITED to np.sin, np.cos, np.tanh and np.exp. Do not call any
           other np.* routine, do not import anything, and do not write numerical
           algorithms. Ordinary arithmetic (+ - * / **) and params[0..4] are free.
        2. OUTPUT FORMAT: write the complete formula, assign it to f1_t_pred, and
           strictly end with return f1_t_pred. No placeholders.
        3. PARETO EVOLUTION: the frontier trades MSE against complexity. Complexity
           counts the derivative calls, the arithmetic operations and every params
           you use, so the same term written more compactly is preferred.
        4. OPTIMIZATION STRATEGY:{PARETO_FRONTIER_PLACEHOLDER}
    """
    # Flux with both reductions
    geometry_factor = 1 - params[0] * np.tanh(params[1] * x[:, 0])
    crowding_factor = 1 - params[2] * f1
    flux = f1 * geometry_factor * crowding_factor

    # Advection divergence
    advection = -d_axis(flux, 0, 1)

    # Anticipation: relative gradient diffusion
    relative_gradient = d_axis(f1, 0, 1) / f1
    anticipation = params[3] * d_axis(relative_gradient, 0, 1)

    f1_t_pred = advection + anticipation

    return f1_t_pred
------------------------------------------------------
MSE          : N/A
Complexity   : N/A
Sample time  : 2.100186586380005
Evaluate time: 2.5632927417755127
Sample orders: 4
======================================================


================= Evaluated Function =================
def equation(x: np.ndarray, f1: np.ndarray, params: np.ndarray, d_axis: callable) -> np.ndarray:
    """ Mathematical function for the RHS of an unknown 1D PDE.

    Args:
        x: spatial coordinate grid, shape (Nx, 1).
        f1: the measured field, shape (Nx, Nt).
        params: a fixed-length array of exactly 5 entries. Use only indices 0..4.
        d_axis: spatial derivative. Call d_axis(field, axis, order); axis=0 is x1.

    Return:
        `f1_t_pred`, a numpy array with the grid shape.

    STRICT CONSTRAINT:
        1. SPATIAL DERIVATIVES & MATH: you are a physicist discovering a PDE. Use ONLY
           the provided d_axis(field, axis, order) for derivatives (max order 4), with
           axis=0 for the single spatial coordinate x1. For mathematical functions you
           are STRICTLY LIMITED to np.sin, np.cos, np.tanh and np.exp. Do not call any
           other np.* routine, do not import anything, and do not write numerical
           algorithms. Ordinary arithmetic (+ - * / **) and params[0..4] are free.
        2. OUTPUT FORMAT: write the complete formula, assign it to f1_t_pred, and
           strictly end with return f1_t_pred. No placeholders.
        3. PARETO EVOLUTION: the frontier trades MSE against complexity. Complexity
           counts the derivative calls, the arithmetic operations and every params
           you use, so the same term written more compactly is preferred.
        4. OPTIMIZATION STRATEGY:{PARETO_FRONTIER_PLACEHOLDER}
    """
    # Advection: D(f1 * (1 - a*tanh(k*x)) * (1 - b*f1), x)
    # params[0] = baseline speed coefficient
    # params[1] = a (bottleneck depth)
    # params[2] = k (bottleneck sharpness)
    # params[3] = b (crowding coefficient)
    # params[4] = diffusion coefficient

    # Geometry reduction factor: (1 - a*tanh(k*x1))
    bottleneck = 1.0 - params[1] * np.tanh(params[2] * x)

    # Crowding reduction: (1 - b*f1)
    crowding = 1.0 - params[3] * f1

    # Advection flux: f1 * bottleneck * crowding
    advection_flux = f1 * bottleneck * crowding

    # Advection term: d/dx (advection_flux)
    advection = d_axis(advection_flux, 0, 1)

    # Anticipation relative gradient diffusion: d/dx(d(f1,x)/f1)
    relative_gradient = d_axis(f1, 0, 1) / f1
    anticipation_diffusion = d_axis(relative_gradient, 0, 1)

    # Combine: advection + diffusion
    f1_t_pred = params[0] * advection + params[4] * anticipation_diffusion

    return f1_t_pred
------------------------------------------------------
MSE          : 1.10e-03
Complexity   : 45
Sample time  : 2.107011616230011
Evaluate time: 11.345835208892822
Sample orders: 5
======================================================


================= Evaluated Function =================
def equation(x: np.ndarray, f1: np.ndarray, params: np.ndarray, d_axis: callable) -> np.ndarray:
    """ Mathematical function for the RHS of an unknown 1D PDE.

    Args:
        x: spatial coordinate grid, shape (Nx, 1).
        f1: the measured field, shape (Nx, Nt).
        params: a fixed-length array of exactly 5 entries. Use only indices 0..4.
        d_axis: spatial derivative. Call d_axis(field, axis, order); axis=0 is x1.

    Return:
        `f1_t_pred`, a numpy array with the grid shape.

    STRICT CONSTRAINT:
        1. SPATIAL DERIVATIVES & MATH: you are a physicist discovering a PDE. Use ONLY
           the provided d_axis(field, axis, order) for derivatives (max order 4), with
           axis=0 for the single spatial coordinate x1. For mathematical functions you
           are STRICTLY LIMITED to np.sin, np.cos, np.tanh and np.exp. Do not call any
           other np.* routine, do not import anything, and do not write numerical
           algorithms. Ordinary arithmetic (+ - * / **) and params[0..4] are free.
        2. OUTPUT FORMAT: write the complete formula, assign it to f1_t_pred, and
           strictly end with return f1_t_pred. No placeholders.
        3. PARETO EVOLUTION: the frontier trades MSE against complexity. Complexity
           counts the derivative calls, the arithmetic operations and every params
           you use, so the same term written more compactly is preferred.
        4. OPTIMIZATION STRATEGY:{PARETO_FRONTIER_PLACEHOLDER}
    """
    # Advection with bottleneck (tanh profile) and crowding (linear in f1)
    # Speed = (1 - a*tanh(k*x1)) * (1 - b*f1)
    # Flux = f1 * speed
    # Advection = -D(flux, x1)

    # Geometry profile: 1 - params[0]*tanh(params[2]*x1)
    geometry = 1.0 - params[0] * np.tanh(params[2] * x)

    # Crowding: 1 - params[1]*f1
    crowding = 1.0 - params[1] * f1

    # Total speed reduction (multiplicative, independent)
    speed = geometry * crowding

    # Advection flux: f1 * speed
    flux = f1 * speed

    # Advection term (negative divergence since speed reduces with x1)
    advection = -d_axis(flux, 0, 1)

    # Anticipation relative-gradient diffusion
    # Flux = D(f1,x1)/f1
    rel_grad = d_axis(f1, 0, 1) / f1
    diffusion = d_axis(rel_grad, 0, 1)

    # Total RHS with diffusion coefficient params[3]
    f1_t_pred = advection + params[3] * diffusion

    return f1_t_predExecution Error: operands could not be broadcast together with shapes (256,400) (256,) 
Execution Error: operands could not be broadcast together with shapes (256,400) (256,) 
✅ [EVALUATED] MSE: 3.13e-11 | Params: [0.5  1.   1.   0.05 1.  ]
✅ [EVALUATED] MSE: 3.13e-11 | Params: [0.5  1.   1.   0.05 1.  ]

------------------------------------------------------
MSE          : 3.13e-11
Complexity   : 42
Sample time  : 2.107011616230011
Evaluate time: 6.168489217758179
Sample orders: 6
======================================================


⏱️  [NO SCORE] the sandbox returned nothing for this draw (timeout 60s, or a runtime error); it gets no MSE and no frontier slot
================= Evaluated Function =================
def equation(x: np.ndarray, f1: np.ndarray, params: np.ndarray, d_axis: callable) -> np.ndarray:
    """ Mathematical function for the RHS of an unknown 1D PDE.

    Args:
        x: spatial coordinate grid, shape (Nx, 1).
        f1: the measured field, shape (Nx, Nt).
        params: a fixed-length array of exactly 5 entries. Use only indices 0..4.
        d_axis: spatial derivative. Call d_axis(field, axis, order); axis=0 is x1.

    Return:
        `f1_t_pred`, a numpy array with the grid shape.

    STRICT CONSTRAINT:
        1. SPATIAL DERIVATIVES & MATH: you are a physicist discovering a PDE. Use ONLY
           the provided d_axis(field, axis, order) for derivatives (max order 4), with
           axis=0 for the single spatial coordinate x1. For mathematical functions you
           are STRICTLY LIMITED to np.sin, np.cos, np.tanh and np.exp. Do not call any
           other np.* routine, do not import anything, and do not write numerical
           algorithms. Ordinary arithmetic (+ - * / **) and params[0..4] are free.
        2. OUTPUT FORMAT: write the complete formula, assign it to f1_t_pred, and
           strictly end with return f1_t_pred. No placeholders.
        3. PARETO EVOLUTION: the frontier trades MSE against complexity. Complexity
           counts the derivative calls, the arithmetic operations and every params
           you use, so the same term written more compactly is preferred.
        4. OPTIMIZATION STRATEGY:{PARETO_FRONTIER_PLACEHOLDER}
    """
    geom = 1 - params[0] * np.tanh(params[1] * x[:, 0])
    crowd = 1 - params[2] * f1
    adv_flux = f1 * geom * crowd
    rel_grad = d_axis(f1, 0, 1) / f1
    
    f1_t_pred = -params[3] * d_axis(adv_flux, 0, 1) + params[4] * d_axis(rel_grad, 0, 1)
    
    return f1_t_pred
------------------------------------------------------
MSE          : N/A
Complexity   : N/A
Sample time  : 2.107011616230011
Evaluate time: 2.679516077041626
Sample orders: 7
======================================================


⏱️  [NO SCORE] the sandbox returned nothing for this draw (timeout 60s, or a runtime error); it gets no MSE and no frontier slot
================= Evaluated Function =================
def equation(x: np.ndarray, f1: np.ndarray, params: np.ndarray, d_axis: callable) -> np.ndarray:
    """ Mathematical function for the RHS of an unknown 1D PDE.

    Args:
        x: spatial coordinate grid, shape (Nx, 1).
        f1: the measured field, shape (Nx, Nt).
        params: a fixed-length array of exactly 5 entries. Use only indices 0..4.
        d_axis: spatial derivative. Call d_axis(field, axis, order); axis=0 is x1.

    Return:
        `f1_t_pred`, a numpy array with the grid shape.

    STRICT CONSTRAINT:
        1. SPATIAL DERIVATIVES & MATH: you are a physicist discovering a PDE. Use ONLY
           the provided d_axis(field, axis, order) for derivatives (max order 4), with
           axis=0 for the single spatial coordinate x1. For mathematical functions you
           are STRICTLY LIMITED to np.sin, np.cos, np.tanh and np.exp. Do not call any
           other np.* routine, do not import anything, and do not write numerical
           algorithms. Ordinary arithmetic (+ - * / **) and params[0..4] are free.
        2. OUTPUT FORMAT: write the complete formula, assign it to f1_t_pred, and
           strictly end with return f1_t_pred. No placeholders.
        3. PARETO EVOLUTION: the frontier trades MSE against complexity. Complexity
           counts the derivative calls, the arithmetic operations and every params
           you use, so the same term written more compactly is preferred.
        4. OPTIMIZATION STRATEGY:{PARETO_FRONTIER_PLACEHOLDER}
    """
    # Geometry factor: channel narrowing (tanh profile, decreasing from 1 at x1→-∞)
    geometry_factor = 1.0 - params[0] * np.tanh(params[1] * x[:, 0])

    # Crowding factor: decreases with f1
    crowding_factor = 1.0 - params[2] * f1

    # Flux: f1 * speed_factor (both reductions are independent and multiplicative)
    flux = f1 * geometry_factor * crowding_factor

    # Advection term: divergence of flux
    advection = d_axis(flux, 0, 1)

    # Anticipation term: divergence of (1/f1 * d(f1)/dx)
    anticipation = d_axis((1.0 / f1) * d_axis(f1, 0, 1), 0, 1)

    # Full RHS: advection + anticipation diffusion
    f1_t_pred = advection + params[3] * anticipation

    return f1_t_pred
------------------------------------------------------
MSE          : N/A
Complexity   : N/A
Sample time  : 2.107011616230011
Evaluate time: 2.5974674224853516
Sample orders: 8
======================================================


================= Evaluated Function =================
def equation(x: np.ndarray, f1: np.ndarray, params: np.ndarray, d_axis: callable) -> np.ndarray:
    """ Mathematical function for the RHS of an unknown 1D PDE.

    Args:
        x: spatial coordinate grid, shape (Nx, 1).
        f1: the measured field, shape (Nx, Nt).
        params: a fixed-length array of exactly 5 entries. Use only indices 0..4.
        d_axis: spatial derivative. Call d_axis(field, axis, order); axis=0 is x1.

    Return:
        `f1_t_pred`, a numpy array with the grid shape.

    STRICT CONSTRAINT:
        1. SPATIAL DERIVATIVES & MATH: you are a physicist discovering a PDE. Use ONLY
           the provided d_axis(field, axis, order) for derivatives (max order 4), with
           axis=0 for the single spatial coordinate x1. For mathematical functions you
           are STRICTLY LIMITED to np.sin, np.cos, np.tanh and np.exp. Do not call any
           other np.* routine, do not import anything, and do not write numerical
           algorithms. Ordinary arithmetic (+ - * / **) and params[0..4] are free.
        2. OUTPUT FORMAT: write the complete formula, assign it to f1_t_pred, and
           strictly end with return f1_t_pred. No placeholders.
        3. PARETO EVOLUTION: the frontier trades MSE against complexity. Complexity
           counts the derivative calls, the arithmetic operations and every params
           you use, so the same term written more compactly is preferred.
        4. OPTIMIZATION STRATEGY:{PARETO_FRONTIER_PLACEHOLDER}
    """
    # Geometry bottleneck profile: 1 - a*tanh(k*x1)
    geometry = 1.0 - params[0] * np.tanh(params[2] * x)

    # Crowding factor: 1 - b*f1  
    crowding = 1.0 - params[1] * f1

    # Multiplicative speed reduction
    speed = geometry * crowding

    # Advection flux
    flux = f1 * speed

    # Advection term (negative divergence)
    advection = -d_axis(flux, 0, 1)

    # Relative gradient (anticipation driver)
    rel_grad = d_axis(f1, 0, 1) / f1

    # Anticipation diffusion
    diffusion = d_axis(rel_grad, 0, 1)

    # Total: advection + anticipation diffusion
    f1_t_pred = advection + params[3] * diffusion

    return f1_t_pred
------------------------------------------------------
MSE          : 3.13e-11
Complexity   : 27
Sample time  : 1.800450086593628
Evaluate time: 5.3685925006866455
Sample orders: 9
======================================================


================= Evaluated Function =================
def equation(x: np.ndarray, f1: np.ndarray, params: np.ndarray, d_axis: callable) -> np.ndarray:
    """ Mathematical function for the RHS of an unknown 1D PDE.

    Args:
        x: spatial coordinate grid, shape (Nx, 1).
        f1: the measured field, shape (Nx, Nt).
        params: a fixed-length array of exactly 5 entries. Use only indices 0..4.
        d_axis: spatial derivative. Call d_axis(field, axis, order); axis=0 is x1.

    Return:
        `f1_t_pred`, a numpy array with the grid shape.

    STRICT CONSTRAINT:
        1. SPATIAL DERIVATIVES & MATH: you are a physicist discovering a PDE. Use ONLY
           the provided d_axis(field, axis, order) for derivatives (max order 4), with
           axis=0 for the single spatial coordinate x1. For mathematical functions you
           are STRICTLY LIMITED to np.sin, np.cos, np.tanh and np.exp. Do not call any
           other np.* routine, do not import anything, and do not write numerical
           algorithms. Ordinary arithmetic (+ - * / **) and params[0..4] are free.
        2. OUTPUT FORMAT: write the complete formula, assign it to f1_t_pred, and
           strictly end with return f1_t_pred. No placeholders.
        3. PARETO EVOLUTION: the frontier trades MSE against complexity. Complexity
           counts the derivative calls, the arithmetic operations and every params
           you use, so the same term written more compactly is preferred.
        4. OPTIMIZATION STRATEGY:{PARETO_FRONTIER_PLACEHOLDER}
    """
    # Geometry profile: channel narrowing with tanh (one-sided, smooth, positive reduction)
    # 1 - params[0]*tanh(params[2]*x1) gives reduction from 1 to (1-params[0]) as x1 increases
    geometry = 1.0 - params[0] * np.tanh(params[2] * x)

    # Crowding factor: 1 - params[1]*f1 (reduces speed as f1 builds up)
    crowding = 1.0 - params[1] * f1

    # Total speed = geometry * crowding (multiplicative, independent reductions)
    speed = geometry * crowding

    # Advection flux: f1 * speed
    flux = f1 * speed

    # Advection term (divergence of flux, negative since transport is outward)
    advection = -d_axis(flux, 0, 1)

    # Anticipation relative-gradient diffusion
    # Relative gradient: D(f1,x1)/f1 (how steep compared to local amount)
    rel_grad = d_axis(f1, 0, 1) / f1

    # Diffusion of relative gradient (outer divergence)
    diffusion = d_axis(rel_grad, 0, 1)

    # Total RHS: advection + diffusion coefficient * diffusion term
    f1_t_pred = advection + params[3] * diffusion

    return f1_t_pred✅ [EVALUATED] MSE: 3.13e-11 | Params: [0.5  1.   1.   0.05 1.  ]
✅ [EVALUATED] MSE: 3.13e-11 | Params: [0.5  1.   1.   0.05 1.  ]
✅ [EVALUATED] MSE: 3.13e-11 | Params: [0.5  1.   1.   0.05 1.  ]
✅ [EVALUATED] MSE: 3.13e-11 | Params: [0.5  1.   1.   0.05 1.  ]

------------------------------------------------------
MSE          : 3.13e-11
Complexity   : 39
Sample time  : 1.800450086593628
Evaluate time: 5.957870244979858
Sample orders: 10
======================================================


================= Evaluated Function =================
def equation(x: np.ndarray, f1: np.ndarray, params: np.ndarray, d_axis: callable) -> np.ndarray:
    """ Mathematical function for the RHS of an unknown 1D PDE.

    Args:
        x: spatial coordinate grid, shape (Nx, 1).
        f1: the measured field, shape (Nx, Nt).
        params: a fixed-length array of exactly 5 entries. Use only indices 0..4.
        d_axis: spatial derivative. Call d_axis(field, axis, order); axis=0 is x1.

    Return:
        `f1_t_pred`, a numpy array with the grid shape.

    STRICT CONSTRAINT:
        1. SPATIAL DERIVATIVES & MATH: you are a physicist discovering a PDE. Use ONLY
           the provided d_axis(field, axis, order) for derivatives (max order 4), with
           axis=0 for the single spatial coordinate x1. For mathematical functions you
           are STRICTLY LIMITED to np.sin, np.cos, np.tanh and np.exp. Do not call any
           other np.* routine, do not import anything, and do not write numerical
           algorithms. Ordinary arithmetic (+ - * / **) and params[0..4] are free.
        2. OUTPUT FORMAT: write the complete formula, assign it to f1_t_pred, and
           strictly end with return f1_t_pred. No placeholders.
        3. PARETO EVOLUTION: the frontier trades MSE against complexity. Complexity
           counts the derivative calls, the arithmetic operations and every params
           you use, so the same term written more compactly is preferred.
        4. OPTIMIZATION STRATEGY:{PARETO_FRONTIER_PLACEHOLDER}
    """
    # Advection with bottleneck and crowding
    # Speed = (1 - a*tanh(k*x1)) * (1 - b*f1)
    # Flux = f1 * speed = f1 * (1-a*tanh(k*x1)) * (1-b*f1)
    speed_factor = (1 - params[0]*np.tanh(params[2]*x)) * (1 - params[1]*f1)
    flux = f1 * speed_factor

    # Negative divergence for advection
    advection = -d_axis(flux, 0, 1)

    # Anticipation relative-gradient diffusion
    rel_grad = d_axis(f1, 0, 1) / f1
    diffusion = d_axis(rel_grad, 0, 1)

    # Total: advection + diffusion coefficient * relative gradient divergence
    f1_t_pred = advection + params[3] * diffusion

    return f1_t_pred
------------------------------------------------------
MSE          : 3.13e-11
Complexity   : 38
Sample time  : 1.800450086593628
Evaluate time: 5.817946910858154
Sample orders: 11
======================================================


================= Evaluated Function =================
def equation(x: np.ndarray, f1: np.ndarray, params: np.ndarray, d_axis: callable) -> np.ndarray:
    """ Mathematical function for the RHS of an unknown 1D PDE.

    Args:
        x: spatial coordinate grid, shape (Nx, 1).
        f1: the measured field, shape (Nx, Nt).
        params: a fixed-length array of exactly 5 entries. Use only indices 0..4.
        d_axis: spatial derivative. Call d_axis(field, axis, order); axis=0 is x1.

    Return:
        `f1_t_pred`, a numpy array with the grid shape.

    STRICT CONSTRAINT:
        1. SPATIAL DERIVATIVES & MATH: you are a physicist discovering a PDE. Use ONLY
           the provided d_axis(field, axis, order) for derivatives (max order 4), with
           axis=0 for the single spatial coordinate x1. For mathematical functions you
           are STRICTLY LIMITED to np.sin, np.cos, np.tanh and np.exp. Do not call any
           other np.* routine, do not import anything, and do not write numerical
           algorithms. Ordinary arithmetic (+ - * / **) and params[0..4] are free.
        2. OUTPUT FORMAT: write the complete formula, assign it to f1_t_pred, and
           strictly end with return f1_t_pred. No placeholders.
        3. PARETO EVOLUTION: the frontier trades MSE against complexity. Complexity
           counts the derivative calls, the arithmetic operations and every params
           you use, so the same term written more compactly is preferred.
        4. OPTIMIZATION STRATEGY:{PARETO_FRONTIER_PLACEHOLDER}
    """
    # Advection with bottleneck (tanh profile) and crowding (linear in f1)
    # Speed reduction = (1 - a*tanh(k*x)) * (1 - b*f1)
    # Advection flux = f1 * speed
    # Advection term = -D(flux, x)
    flux = f1 * (1.0 - params[0] * np.tanh(params[2] * x)) * (1.0 - params[1] * f1)
    advection = -d_axis(flux, 0, 1)

    # Anticipation relative-gradient diffusion
    # Flux = D(f1,x)/f1
    rel_grad = d_axis(f1, 0, 1) / f1
    diffusion = d_axis(rel_grad, 0, 1)

    # Total RHS
    f1_t_pred = advection + params[3] * diffusion

    return f1_t_pred
------------------------------------------------------
MSE          : 3.13e-11
Complexity   : 31
Sample time  : 1.800450086593628
Evaluate time: 6.252807855606079
Sample orders: 12
======================================================


================= Evaluated Function =================
def equation(x: np.ndarray, f1: np.ndarray, params: np.ndarray, d_axis: callable) -> np.ndarray:
    """ Mathematical function for the RHS of an unknown 1D PDE.

    Args:
        x: spatial coordinate grid, shape (Nx, 1).
        f1: the measured field, shape (Nx, Nt).
        params: a fixed-length array of exactly 5 entries. Use only indices 0..4.
        d_axis: spatial derivative. Call d_axis(field, axis, order); axis=0 is x1.

    Return:
        `f1_t_pred`, a numpy array with the grid shape.

    STRICT CONSTRAINT:
        1. SPATIAL DERIVATIVES & MATH: you are a physicist discovering a PDE. Use ONLY
           the provided d_axis(field, axis, order) for derivatives (max order 4), with
           axis=0 for the single spatial coordinate x1. For mathematical functions you
           are STRICTLY LIMITED to np.sin, np.cos, np.tanh and np.exp. Do not call any
           other np.* routine, do not import anything, and do not write numerical
           algorithms. Ordinary arithmetic (+ - * / **) and params[0..4] are free.
        2. OUTPUT FORMAT: write the complete formula, assign it to f1_t_pred, and
           strictly end with return f1_t_pred. No placeholders.
        3. PARETO EVOLUTION: the frontier trades MSE against complexity. Complexity
           counts the derivative calls, the arithmetic operations and every params
           you use, so the same term written more compactly is preferred.
        4. OPTIMIZATION STRATEGY:{PARETO_FRONTIER_PLACEHOLDER}
    """
    # Geometry bottleneck: channel narrows with tanh profile
    geometry_factor = 1.0 - params[0] * np.tanh(params[2] * x)

    # Crowding factor: decreases with field magnitude
    crowding_factor = 1.0 - params[1] * f1

    # Combined speed reduction (multiplicative, independent)
    speed = geometry_factor * crowding_factor

    # Advection flux (transport term)
    flux = f1 * speed

    # Advection contribution (negative divergence for transport)
    advection = -d_axis(flux, 0, 1)

    # Relative gradient for anticipation (gradient divided by field)
    relative_gradient = d_axis(f1, 0, 1) / f1

    # Anticipation diffusion (divergence of relative gradient)
    diffusion = d_axis(relative_gradient, 0, 1)

    # Combine advection and anticipation diffusion
    f1_t_pred = advection + params[3] * diffusion

    return f1_t_pred
------------------------------------------------------
MSE          : 3.13e-11
Complexity   : 21
Sample time  : 2.543788433074951
Evaluate time: 5.822265863418579
Sample orders: 13
======================================================


================= Evaluated Function =================
def equation(x: np.ndarray, f1: np.ndarray, params: np.ndarray, d_axis: callable) -> np.ndarray:
    """ Mathematical function for the RHS of an unknown 1D PDE.

    Args:
        x: spatial coordinate grid, shape (Nx, 1).
        f1: the measured field, shape (Nx, Nt).
        params: a fixed-length array of exactly 5 entries. Use only indices 0..4.
        d_axis: spatial derivative. Call d_axis(field, axis, order); axis=0 is x1.

    Return:
        `f1_t_pred`, a numpy array with the grid shape.

    STRICT CONSTRAINT:
        1. SPATIAL DERIVATIVES & MATH: you are a physicist discovering a PDE. Use ONLY
           the provided d_axis(field, axis, order) for derivatives (max order 4), with
           axis=0 for the single spatial coordinate x1. For mathematical functions you
           are STRICTLY LIMITED to np.sin, np.cos, np.tanh and np.exp. Do not call any
           other np.* routine, do not import anything, and do not write numerical
           algorithms. Ordinary arithmetic (+ - * / **) and params[0..4] are free.
        2. OUTPUT FORMAT: write the complete formula, assign it to f1_t_pred, and
           strictly end with return f1_t_pred. No placeholders.
        3. PARETO EVOLUTION: the frontier trades MSE against complexity. Complexity
           counts the derivative calls, the arithmetic operations and every params
           you use, so the same term written more compactly is preferred.
        4. OPTIMIZATION STRATEGY:{PARETO_FRONTIER_PLACEHOLDER}
    """
    # Geometry bottleneck: channel narrows along x1 - smooth one-sided decrease from baseline 1
    geometry = 1.0 - params[0] * np.tanh(params[2] * x)

    # Crowding: self-limiting factor that decreases with f1
    crowding = 1.0 - params[1] * f1

    # Combined speed reduction - both factors multiply independently (never negative)
    speed = geometry * crowding

    # Advective flux with self-limiting transport
    flux = f1 * speed

    # Negative divergence gives the advection term
    advection = -d_axis(flux, 0, 1)

    # Anticipation: RELATIVE gradient (not absolute) - how steep compared to how much
    rel_grad = d_axis(f1, 0, 1) / f1

    # Diffusion of the relative gradient
    diffusion = d_axis(rel_grad, 0, 1)

    # Total: self-limiting advection + anticipation-driven diffusion
    f1_t_pred = advection + params[3] * diffusion

    return f1_t_pred✅ [EVALUATED] MSE: 3.13e-11 | Params: [0.5  1.   1.   0.05 1.  ]
✅ [EVALUATED] MSE: 3.13e-11 | Params: [0.5  1.   1.   0.05 1.  ]

------------------------------------------------------
MSE          : 3.13e-11
Complexity   : 30
Sample time  : 2.543788433074951
Evaluate time: 5.705692529678345
Sample orders: 14
======================================================


================= Evaluated Function =================
def equation(x: np.ndarray, f1: np.ndarray, params: np.ndarray, d_axis: callable) -> np.ndarray:
    """ Mathematical function for the RHS of an unknown 1D PDE.

    Args:
        x: spatial coordinate grid, shape (Nx, 1).
        f1: the measured field, shape (Nx, Nt).
        params: a fixed-length array of exactly 5 entries. Use only indices 0..4.
        d_axis: spatial derivative. Call d_axis(field, axis, order); axis=0 is x1.

    Return:
        `f1_t_pred`, a numpy array with the grid shape.

    STRICT CONSTRAINT:
        1. SPATIAL DERIVATIVES & MATH: you are a physicist discovering a PDE. Use ONLY
           the provided d_axis(field, axis, order) for derivatives (max order 4), with
           axis=0 for the single spatial coordinate x1. For mathematical functions you
           are STRICTLY LIMITED to np.sin, np.cos, np.tanh and np.exp. Do not call any
           other np.* routine, do not import anything, and do not write numerical
           algorithms. Ordinary arithmetic (+ - * / **) and params[0..4] are free.
        2. OUTPUT FORMAT: write the complete formula, assign it to f1_t_pred, and
           strictly end with return f1_t_pred. No placeholders.
        3. PARETO EVOLUTION: the frontier trades MSE against complexity. Complexity
           counts the derivative calls, the arithmetic operations and every params
           you use, so the same term written more compactly is preferred.
        4. OPTIMIZATION STRATEGY:{PARETO_FRONTIER_PLACEHOLDER}
    """
    # Advection: flux = f1 * (1 - a*tanh(k*x)) * (1 - b*f1)
    # Compact form: -d_axis(f1 * (1 - a*tanh(k*x)) * (1 - b*f1), 0, 1)
    flux = f1 * (1.0 - params[0] * np.tanh(params[2] * x)) * (1.0 - params[1] * f1)
    advection = -d_axis(flux, 0, 1)

    # Relative gradient diffusion: D(D(f1,x)/f1, x)
    diffusion = d_axis(d_axis(f1, 0, 1) / f1, 0, 1)

    # Combine with diffusion coefficient
    f1_t_pred = advection + params[3] * diffusion

    return f1_t_pred
------------------------------------------------------
MSE          : 3.13e-11
Complexity   : 39
Sample time  : 2.543788433074951
Evaluate time: 5.199432849884033
Sample orders: 15
======================================================


================= Evaluated Function =================
def equation(x: np.ndarray, f1: np.ndarray, params: np.ndarray, d_axis: callable) -> np.ndarray:
    """ Mathematical function for the RHS of an unknown 1D PDE.

    Args:
        x: spatial coordinate grid, shape (Nx, 1).
        f1: the measured field, shape (Nx, Nt).
        params: a fixed-length array of exactly 5 entries. Use only indices 0..4.
        d_axis: spatial derivative. Call d_axis(field, axis, order); axis=0 is x1.

    Return:
        `f1_t_pred`, a numpy array with the grid shape.

    STRICT CONSTRAINT:
        1. SPATIAL DERIVATIVES & MATH: you are a physicist discovering a PDE. Use ONLY
           the provided d_axis(field, axis, order) for derivatives (max order 4), with
           axis=0 for the single spatial coordinate x1. For mathematical functions you
           are STRICTLY LIMITED to np.sin, np.cos, np.tanh and np.exp. Do not call any
           other np.* routine, do not import anything, and do not write numerical
           algorithms. Ordinary arithmetic (+ - * / **) and params[0..4] are free.
        2. OUTPUT FORMAT: write the complete formula, assign it to f1_t_pred, and
           strictly end with return f1_t_pred. No placeholders.
        3. PARETO EVOLUTION: the frontier trades MSE against complexity. Complexity
           counts the derivative calls, the arithmetic operations and every params
           you use, so the same term written more compactly is preferred.
        4. OPTIMIZATION STRATEGY:{PARETO_FRONTIER_PLACEHOLDER}
    """
    # Geometry bottleneck: 1 - a*tanh(k*x1)  
    geometry = 1.0 - params[0] * np.tanh(params[2] * x)

    # Crowding factor: 1 - b*f1
    crowding = 1.0 - params[1] * f1

    # Advection flux with multiplicative reductions
    flux = f1 * geometry * crowding

    # Advection term (negative divergence)
    advection = -d_axis(flux, 0, 1)

    # Relative gradient diffusion
    rel_grad = d_axis(f1, 0, 1) / f1
    diffusion = d_axis(rel_grad, 0, 1)

    # Total RHS
    f1_t_pred = advection + params[3] * diffusion

    return f1_t_pred
------------------------------------------------------
MSE          : 3.13e-11
Complexity   : 26
Sample time  : 2.543788433074951
Evaluate time: 5.2861716747283936
Sample orders: 16
======================================================


🚫 [UNPARSABLE] the reply carried no executable body; draw dropped
✅ [EVALUATED] MSE: 3.13e-11 | Params: [0.5  1.   1.   0.05 1.  ]
✅ [EVALUATED] MSE: 1.53e-03 | Params: [-0.685912  0.211488  3.356108  0.095677  1.      ]
✅ [EVALUATED] MSE: 3.13e-11 | Params: [0.5  1.   1.   0.05 1.  ]
✅ [EVALUATED] MSE: 3.13e-11 | Params: [0.5  1.   1.   0.05 1.  ]
✅ [EVALUATED] MSE: 3.13e-11 | Params: [0.5  1.   1.   0.05 1.  ]
✅ [EVALUATED] MSE: 3.13e-11 | Params: [0.5  1.   1.   0.05 1.  ]
================= Evaluated Function =================
def equation(x: np.ndarray, f1: np.ndarray, params: np.ndarray, d_axis: callable) -> np.ndarray:
    """ Mathematical function for the RHS of an unknown 1D PDE.

    Args:
        x: spatial coordinate grid, shape (Nx, 1).
        f1: the measured field, shape (Nx, Nt).
        params: a fixed-length array of exactly 5 entries. Use only indices 0..4.
        d_axis: spatial derivative. Call d_axis(field, axis, order); axis=0 is x1.

    Return:
        `f1_t_pred`, a numpy array with the grid shape.

    STRICT CONSTRAINT:
        1. SPATIAL DERIVATIVES & MATH: you are a physicist discovering a PDE. Use ONLY
           the provided d_axis(field, axis, order) for derivatives (max order 4), with
           axis=0 for the single spatial coordinate x1. For mathematical functions you
           are STRICTLY LIMITED to np.sin, np.cos, np.tanh and np.exp. Do not call any
           other np.* routine, do not import anything, and do not write numerical
           algorithms. Ordinary arithmetic (+ - * / **) and params[0..4] are free.
        2. OUTPUT FORMAT: write the complete formula, assign it to f1_t_pred, and
           strictly end with return f1_t_pred. No placeholders.
        3. PARETO EVOLUTION: the frontier trades MSE against complexity. Complexity
           counts the derivative calls, the arithmetic operations and every params
           you use, so the same term written more compactly is preferred.
        4. OPTIMIZATION STRATEGY:{PARETO_FRONTIER_PLACEHOLDER}
    """
    # Geometry factor: channel narrows along x1 (tanh profile, one-sided)
    # params[0] controls depth, params[2] controls sharpness
    geometry_factor = 1.0 - params[0] * np.tanh(params[2] * x)

    # Crowding factor: decreases linearly with field magnitude
    crowding_factor = 1.0 - params[1] * f1

    # Combined multiplicative speed reduction (both independent)
    speed = geometry_factor * crowding_factor

    # Advection flux: f1 transported at the reduced speed
    flux = f1 * speed

    # Advection: negative divergence (transport moves field away)
    advection = -d_axis(flux, 0, 1)

    # Relative gradient for anticipation (steepness relative to amount)
    relative_gradient = d_axis(f1, 0, 1) / f1

    # Anticipation diffusion: divergence of relative gradient
    # params[3] controls strength of this effect
    diffusion = d_axis(relative_gradient, 0, 1)

    # Total: advection + anticipation diffusion
    f1_t_pred = advection + params[3] * diffusion

    return f1_t_pred
------------------------------------------------------
MSE          : 3.13e-11
Complexity   : 26
Sample time  : 2.6308441758155823
Evaluate time: 8.301708936691284
Sample orders: 18
======================================================


================= Evaluated Function =================
def equation(x: np.ndarray, f1: np.ndarray, params: np.ndarray, d_axis: callable) -> np.ndarray:
    """ Mathematical function for the RHS of an unknown 1D PDE.

    Args:
        x: spatial coordinate grid, shape (Nx, 1).
        f1: the measured field, shape (Nx, Nt).
        params: a fixed-length array of exactly 5 entries. Use only indices 0..4.
        d_axis: spatial derivative. Call d_axis(field, axis, order); axis=0 is x1.

    Return:
        `f1_t_pred`, a numpy array with the grid shape.

    STRICT CONSTRAINT:
        1. SPATIAL DERIVATIVES & MATH: you are a physicist discovering a PDE. Use ONLY
           the provided d_axis(field, axis, order) for derivatives (max order 4), with
           axis=0 for the single spatial coordinate x1. For mathematical functions you
           are STRICTLY LIMITED to np.sin, np.cos, np.tanh and np.exp. Do not call any
           other np.* routine, do not import anything, and do not write numerical
           algorithms. Ordinary arithmetic (+ - * / **) and params[0..4] are free.
        2. OUTPUT FORMAT: write the complete formula, assign it to f1_t_pred, and
           strictly end with return f1_t_pred. No placeholders.
        3. PARETO EVOLUTION: the frontier trades MSE against complexity. Complexity
           counts the derivative calls, the arithmetic operations and every params
           you use, so the same term written more compactly is preferred.
        4. OPTIMIZATION STRATEGY:{PARETO_FRONTIER_PLACEHOLDER}
    """
    # Geometry bottleneck: channel narrows with tanh profile (smooth, one-sided)
    geometry_factor = 1.0 - params[0] * np.tanh(params[1] * x)

    # Crowding factor: decreases with field magnitude (self-limiting)
    crowding_factor = 1.0 - params[2] * f1

    # Combined speed (both reductions multiplicative, positive, never negative)
    speed = geometry_factor * crowding_factor

    # Advection flux (transport, no negative speed)
    flux = f1 * speed

    # Advection (positive divergence)
    advection = d_axis(flux, 0, 1)

    # Relative gradient for anticipation (gradient divided by field)
    relative_gradient = d_axis(f1, 0, 1) / f1

    # Anticipation diffusion (divergence of relative gradient)
    diffusion = d_axis(relative_gradient, 0, 1)

    # Combine advection and anticipation diffusion
    f1_t_pred = advection + params[3] * diffusion

    return f1_t_pred
------------------------------------------------------
MSE          : 1.53e-03
Complexity   : 22
Sample time  : 2.6308441758155823
Evaluate time: 10.2292320728302
Sample orders: 19
======================================================


================= Evaluated Function =================
def equation(x: np.ndarray, f1: np.ndarray, params: np.ndarray, d_axis: callable) -> np.ndarray:
    """ Mathematical function for the RHS of an unknown 1D PDE.

    Args:
        x: spatial coordinate grid, shape (Nx, 1).
        f1: the measured field, shape (Nx, Nt).
        params: a fixed-length array of exactly 5 entries. Use only indices 0..4.
        d_axis: spatial derivative. Call d_axis(field, axis, order); axis=0 is x1.

    Return:
        `f1_t_pred`, a numpy array with the grid shape.

    STRICT CONSTRAINT:
        1. SPATIAL DERIVATIVES & MATH: you are a physicist discovering a PDE. Use ONLY
           the provided d_axis(field, axis, order) for derivatives (max order 4), with
           axis=0 for the single spatial coordinate x1. For mathematical functions you
           are STRICTLY LIMITED to np.sin, np.cos, np.tanh and np.exp. Do not call any
           other np.* routine, do not import anything, and do not write numerical
           algorithms. Ordinary arithmetic (+ - * / **) and params[0..4] are free.
        2. OUTPUT FORMAT: write the complete formula, assign it to f1_t_pred, and
           strictly end with return f1_t_pred. No placeholders.
        3. PARETO EVOLUTION: the frontier trades MSE against complexity. Complexity
           counts the derivative calls, the arithmetic operations and every params
           you use, so the same term written more compactly is preferred.
        4. OPTIMIZATION STRATEGY:{PARETO_FRONTIER_PLACEHOLDER}
    """
    # Geometry bottleneck: channel narrows with smooth one-sided tanh profile
    geometry_factor = 1.0 - params[0] * np.tanh(params[2] * x)

    # Crowding factor: decreases with field magnitude (self-limiting)
    crowding_factor = 1.0 - params[1] * f1

    # Combined multiplicative speed reduction (both positive, independent)
    speed = geometry_factor * crowding_factor

    # Advection flux: field carried at speed times the reductions
    flux = f1 * speed

    # Divergence of advection flux (negative for transport away from high concentration)
    advection = -d_axis(flux, 0, 1)

    # Anticipation: relative gradient (gradient/f1, not absolute slope)
    relative_gradient = d_axis(f1, 0, 1) / f1

    # Diffusion of relative gradient (anticipation-driven response)
    diffusion = d_axis(relative_gradient, 0, 1)

    # Combine: advection (negative divergence gives transport) + anticipation diffusion
    f1_t_pred = advection + params[3] * diffusion

    return f1_t_pred
------------------------------------------------------
MSE          : 3.13e-11
Complexity   : 26
Sample time  : 2.6308441758155823
Evaluate time: 5.8089892864227295
Sample orders: 20
======================================================


================= Evaluated Function =================
def equation(x: np.ndarray, f1: np.ndarray, params: np.ndarray, d_axis: callable) -> np.ndarray:
    """ Mathematical function for the RHS of an unknown 1D PDE.

    Args:
        x: spatial coordinate grid, shape (Nx, 1).
        f1: the measured field, shape (Nx, Nt).
        params: a fixed-length array of exactly 5 entries. Use only indices 0..4.
        d_axis: spatial derivative. Call d_axis(field, axis, order); axis=0 is x1.

    Return:
        `f1_t_pred`, a numpy array with the grid shape.

    STRICT CONSTRAINT:
        1. SPATIAL DERIVATIVES & MATH: you are a physicist discovering a PDE. Use ONLY
           the provided d_axis(field, axis, order) for derivatives (max order 4), with
           axis=0 for the single spatial coordinate x1. For mathematical functions you
           are STRICTLY LIMITED to np.sin, np.cos, np.tanh and np.exp. Do not call any
           other np.* routine, do not import anything, and do not write numerical
           algorithms. Ordinary arithmetic (+ - * / **) and params[0..4] are free.
        2. OUTPUT FORMAT: write the complete formula, assign it to f1_t_pred, and
           strictly end with return f1_t_pred. No placeholders.
        3. PARETO EVOLUTION: the frontier trades MSE against complexity. Complexity
           counts the derivative calls, the arithmetic operations and every params
           you use, so the same term written more compactly is preferred.
        4. OPTIMIZATION STRATEGY:{PARETO_FRONTIER_PLACEHOLDER}
    """
    f1_t_pred = -d_axis((f1 * (1 - params[0] * np.tanh(params[2] * x)) * (1 - params[1] * f1)), 0, 1) + params[3] * d_axis((d_axis(f1, 0, 1) / f1), 0, 1)

    return f1_t_pred
------------------------------------------------------
MSE          : 3.13e-11
Complexity   : 21
Sample time  : 1.6278079152107239
Evaluate time: 5.830357313156128
Sample orders: 21
======================================================


================= Evaluated Function =================
def equation(x: np.ndarray, f1: np.ndarray, params: np.ndarray, d_axis: callable) -> np.ndarray:
    """ Mathematical function for the RHS of an unknown 1D PDE.

    Args:
        x: spatial coordinate grid, shape (Nx, 1).
        f1: the measured field, shape (Nx, Nt).
        params: a fixed-length array of exactly 5 entries. Use only indices 0..4.
        d_axis: spatial derivative. Call d_axis(field, axis, order); axis=0 is x1.

    Return:
        `f1_t_pred`, a numpy array with the grid shape.

    STRICT CONSTRAINT:
        1. SPATIAL DERIVATIVES & MATH: you are a physicist discovering a PDE. Use ONLY
           the provided d_axis(field, axis, order) for derivatives (max order 4), with
           axis=0 for the single spatial coordinate x1. For mathematical functions you
           are STRICTLY LIMITED to np.sin, np.cos, np.tanh and np.exp. Do not call any
           other np.* routine, do not import anything, and do not write numerical
           algorithms. Ordinary arithmetic (+ - * / **) and params[0..4] are free.
        2. OUTPUT FORMAT: write the complete formula, assign it to f1_t_pred, and
           strictly end with return f1_t_pred. No placeholders.
        3. PARETO EVOLUTION: the frontier trades MSE against complexity. Complexity
           counts the derivative calls, the arithmetic operations and every params
           you use, so the same term written more compactly is preferred.
        4. OPTIMIZATION STRATEGY:{PARETO_FRONTIER_PLACEHOLDER}
    """
    # Geometry bottleneck: channel narrows with tanh profile
    geometry_factor = 1.0 - params[0] * np.tanh(params[2] * x)

    # Crowding factor: decreases with field magnitude
    crowding_factor = 1.0 - params[1] * f1

    # Combined speed reduction (multiplicative, independent)
    speed = geometry_factor * crowding_factor

    # Advection flux (transport term)
    flux = f1 * speed

    # Advection contribution (negative divergence for transport)
    advection = -d_axis(flux, 0, 1)

    # Relative gradient for anticipation (gradient divided by field)
    relative_gradient = d_axis(f1, 0, 1) / f1

    # Anticipation diffusion (divergence of relative gradient)
    diffusion = d_axis(relative_gradient, 0, 1)

    # Combine advection and anticipation diffusion
    f1_t_pred = advection + params[3] * diffusion

    return f1_t_pred
------------------------------------------------------
MSE          : 3.13e-11
Complexity   : 21
Sample time  : 1.6278079152107239
Evaluate time: 5.330080032348633
Sample orders: 22
======================================================


================= Evaluated Function =================
def equation(x: np.ndarray, f1: np.ndarray, params: np.ndarray, d_axis: callable) -> np.ndarray:
    """ Mathematical function for the RHS of an unknown 1D PDE.

    Args:
        x: spatial coordinate grid, shape (Nx, 1).
        f1: the measured field, shape (Nx, Nt).
        params: a fixed-length array of exactly 5 entries. Use only indices 0..4.
        d_axis: spatial derivative. Call d_axis(field, axis, order); axis=0 is x1.

    Return:
        `f1_t_pred`, a numpy array with the grid shape.

    STRICT CONSTRAINT:
        1. SPATIAL DERIVATIVES & MATH: you are a physicist discovering a PDE. Use ONLY
           the provided d_axis(field, axis, order) for derivatives (max order 4), with
           axis=0 for the single spatial coordinate x1. For mathematical functions you
           are STRICTLY LIMITED to np.sin, np.cos, np.tanh and np.exp. Do not call any
           other np.* routine, do not import anything, and do not write numerical
           algorithms. Ordinary arithmetic (+ - * / **) and params[0..4] are free.
        2. OUTPUT FORMAT: write the complete formula, assign it to f1_t_pred, and
           strictly end with return f1_t_pred. No placeholders.
        3. PARETO EVOLUTION: the frontier trades MSE against complexity. Complexity
           counts the derivative calls, the arithmetic operations and every params
           you use, so the same term written more compactly is preferred.
        4. OPTIMIZATION STRATEGY:{PARETO_FRONTIER_PLACEHOLDER}
    """
    # Geometry bottleneck: channel narrows smoothly along x1
    # Using tanh profile: 1 - a*tanh(k*x1), keeping geometry factor positive
    geometry_factor = 1.0 - params[0] * np.tanh(params[2] * x)

    # Crowding factor: decreases with field magnitude, must stay positive
    crowding_factor = 1.0 - params[1] * f1

    # Combined speed reduction (multiplicative, independent)
    speed = geometry_factor * crowding_factor

    # Advection flux (transport term)
    flux = f1 * speed

    # Advection contribution (negative divergence for transport)
    advection = -d_axis(flux, 0, 1)

    # Relative gradient for anticipation (gradient divided by field)
    relative_gradient = d_axis(f1, 0, 1) / f1

    # Anticipation diffusion (divergence of relative gradient)
    diffusion = d_axis(relative_gradient, 0, 1)

    # Combine advection and anticipation diffusion
    f1_t_pred = advection + params[3] * diffusion

    return f1_t_pred
------------------------------------------------------
MSE          : 3.13e-11
Complexity   : 25
Sample time  : 1.6278079152107239
Evaluate time: 5.364158630371094
Sample orders: 23
======================================================


🚫 [UNPARSABLE] the reply carried no executable body; draw dropped
✅ [EVALUATED] MSE: 3.13e-11 | Params: [0.5  1.   1.   0.05 1.  ]
✅ [EVALUATED] MSE: 1.53e-03 | Params: [-0.685788  3.356094  0.211539  0.095686  1.      ]
✅ [EVALUATED] MSE: 3.13e-11 | Params: [0.5  1.   1.   0.05 1.  ]
================= Evaluated Function =================
def equation(x: np.ndarray, f1: np.ndarray, params: np.ndarray, d_axis: callable) -> np.ndarray:
    """ Mathematical function for the RHS of an unknown 1D PDE.

    Args:
        x: spatial coordinate grid, shape (Nx, 1).
        f1: the measured field, shape (Nx, Nt).
        params: a fixed-length array of exactly 5 entries. Use only indices 0..4.
        d_axis: spatial derivative. Call d_axis(field, axis, order); axis=0 is x1.

    Return:
        `f1_t_pred`, a numpy array with the grid shape.

    STRICT CONSTRAINT:
        1. SPATIAL DERIVATIVES & MATH: you are a physicist discovering a PDE. Use ONLY
           the provided d_axis(field, axis, order) for derivatives (max order 4), with
           axis=0 for the single spatial coordinate x1. For mathematical functions you
           are STRICTLY LIMITED to np.sin, np.cos, np.tanh and np.exp. Do not call any
           other np.* routine, do not import anything, and do not write numerical
           algorithms. Ordinary arithmetic (+ - * / **) and params[0..4] are free.
        2. OUTPUT FORMAT: write the complete formula, assign it to f1_t_pred, and
           strictly end with return f1_t_pred. No placeholders.
        3. PARETO EVOLUTION: the frontier trades MSE against complexity. Complexity
           counts the derivative calls, the arithmetic operations and every params
           you use, so the same term written more compactly is preferred.
        4. OPTIMIZATION STRATEGY:{PARETO_FRONTIER_PLACEHOLDER}
    """
    # Geometry bottleneck: channel narrows with tanh profile (smooth, one-sided)
    geometry_factor = 1.0 - params[0] * np.tanh(params[2] * x)

    # Crowding factor: decreases with field magnitude (self-limiting)
    crowding_factor = 1.0 - params[1] * f1

    # Combined speed reduction: independent multiplicative factors, both non-negative
    speed = geometry_factor * crowding_factor

    # Advection flux: field transported at reduced speed
    flux = f1 * speed

    # Transport term: negative divergence (conservative form)
    advection = -d_axis(flux, 0, 1)

    # Relative gradient for anticipation: gradient scaled by field magnitude
    relative_gradient = d_axis(f1, 0, 1) / f1

    # Anticipation diffusion: divergence of relative gradient
    diffusion = d_axis(relative_gradient, 0, 1)

    # Combine: advection + scaled anticipation diffusion
    f1_t_pred = advection + params[3] * diffusion

    return f1_t_pred
------------------------------------------------------
MSE          : 3.13e-11
Complexity   : 25
Sample time  : 1.8600983619689941
Evaluate time: 5.977885961532593
Sample orders: 25
======================================================


================= Evaluated Function =================
def equation(x: np.ndarray, f1: np.ndarray, params: np.ndarray, d_axis: callable) -> np.ndarray:
    """ Mathematical function for the RHS of an unknown 1D PDE.

    Args:
        x: spatial coordinate grid, shape (Nx, 1).
        f1: the measured field, shape (Nx, Nt).
        params: a fixed-length array of exactly 5 entries. Use only indices 0..4.
        d_axis: spatial derivative. Call d_axis(field, axis, order); axis=0 is x1.

    Return:
        `f1_t_pred`, a numpy array with the grid shape.

    STRICT CONSTRAINT:
        1. SPATIAL DERIVATIVES & MATH: you are a physicist discovering a PDE. Use ONLY
           the provided d_axis(field, axis, order) for derivatives (max order 4), with
           axis=0 for the single spatial coordinate x1. For mathematical functions you
           are STRICTLY LIMITED to np.sin, np.cos, np.tanh and np.exp. Do not call any
           other np.* routine, do not import anything, and do not write numerical
           algorithms. Ordinary arithmetic (+ - * / **) and params[0..4] are free.
        2. OUTPUT FORMAT: write the complete formula, assign it to f1_t_pred, and
           strictly end with return f1_t_pred. No placeholders.
        3. PARETO EVOLUTION: the frontier trades MSE against complexity. Complexity
           counts the derivative calls, the arithmetic operations and every params
           you use, so the same term written more compactly is preferred.
        4. OPTIMIZATION STRATEGY:{PARETO_FRONTIER_PLACEHOLDER}
    """
    # Geometry bottleneck: channel narrows with tanh profile (positive, one-sided)
    geometry_factor = 1.0 - params[0] * np.tanh(params[2] * x)

    # Crowding factor: decreases with field magnitude (positive, never negative)
    crowding_factor = 1.0 - params[1] * f1

    # Combined speed (both reductions are multiplicative and independent)
    speed = geometry_factor * crowding_factor

    # Advection flux
    flux = f1 * speed

    # Advection contribution (positive divergence for transport)
    advection = d_axis(flux, 0, 1)

    # Relative gradient for anticipation (gradient divided by field, not absolute slope)
    relative_gradient = d_axis(f1, 0, 1) / f1

    # Anticipation diffusion (divergence of relative gradient)
    diffusion = d_axis(relative_gradient, 0, 1)

    # Combine advection and anticipation diffusion
    f1_t_pred = advection + params[3] * diffusion

    return f1_t_pred
------------------------------------------------------
MSE          : 1.53e-03
Complexity   : 21
Sample time  : 1.8600983619689941
Evaluate time: 8.02891206741333
Sample orders: 26
======================================================


================= Evaluated Function =================
def equation(x: np.ndarray, f1: np.ndarray, params: np.ndarray, d_axis: callable) -> np.ndarray:
    """ Mathematical function for the RHS of an unknown 1D PDE.

    Args:
        x: spatial coordinate grid, shape (Nx, 1).
        f1: the measured field, shape (Nx, Nt).
        params: a fixed-length array of exactly 5 entries. Use only indices 0..4.
        d_axis: spatial derivative. Call d_axis(field, axis, order); axis=0 is x1.

    Return:
        `f1_t_pred`, a numpy array with the grid shape.

    STRICT CONSTRAINT:
        1. SPATIAL DERIVATIVES & MATH: you are a physicist discovering a PDE. Use ONLY
           the provided d_axis(field, axis, order) for derivatives (max order 4), with
           axis=0 for the single spatial coordinate x1. For mathematical functions you
           are STRICTLY LIMITED to np.sin, np.cos, np.tanh and np.exp. Do not call any
           other np.* routine, do not import anything, and do not write numerical
           algorithms. Ordinary arithmetic (+ - * / **) and params[0..4] are free.
        2. OUTPUT FORMAT: write the complete formula, assign it to f1_t_pred, and
           strictly end with return f1_t_pred. No placeholders.
        3. PARETO EVOLUTION: the frontier trades MSE against complexity. Complexity
           counts the derivative calls, the arithmetic operations and every params
           you use, so the same term written more compactly is preferred.
        4. OPTIMIZATION STRATEGY:{PARETO_FRONTIER_PLACEHOLDER}
    """
    # Geometry bottleneck: channel narrows with tanh profile
    geometry_factor = 1.0 - params[0] * np.tanh(params[2] * x)

    # Crowding factor: decreases with field magnitude
    crowding_factor = 1.0 - params[1] * f1

    # Combined speed reduction (multiplicative, independent)
    speed = geometry_factor * crowding_factor

    # Advection flux (transport term)
    flux = f1 * speed

    # Advection contribution (negative divergence for transport)
    advection = -d_axis(flux, 0, 1)

    # Relative gradient for anticipation (gradient divided by field)
    relative_gradient = d_axis(f1, 0, 1) / f1

    # Anticipation diffusion (divergence of relative gradient)
    diffusion = d_axis(relative_gradient, 0, 1)

    # Combine advection and anticipation diffusion
    f1_t_pred = advection + params[3] * diffusion

    return f1_t_pred
------------------------------------------------------
MSE          : 3.13e-11
Complexity   : 21
Sample time  : 1.8600983619689941
Evaluate time: 5.757198095321655
Sample orders: 27
✅ [EVALUATED] MSE: 3.13e-11 | Params: [0.5  1.   1.   0.05 1.  ]
✅ [EVALUATED] MSE: 3.13e-11 | Params: [0.5  1.   1.   0.05 1.  ]
✅ [EVALUATED] MSE: 3.13e-11 | Params: [0.5  1.   1.   0.05 1.  ]
======================================================


================= Evaluated Function =================
def equation(x: np.ndarray, f1: np.ndarray, params: np.ndarray, d_axis: callable) -> np.ndarray:
    """ Mathematical function for the RHS of an unknown 1D PDE.

    Args:
        x: spatial coordinate grid, shape (Nx, 1).
        f1: the measured field, shape (Nx, Nt).
        params: a fixed-length array of exactly 5 entries. Use only indices 0..4.
        d_axis: spatial derivative. Call d_axis(field, axis, order); axis=0 is x1.

    Return:
        `f1_t_pred`, a numpy array with the grid shape.

    STRICT CONSTRAINT:
        1. SPATIAL DERIVATIVES & MATH: you are a physicist discovering a PDE. Use ONLY
           the provided d_axis(field, axis, order) for derivatives (max order 4), with
           axis=0 for the single spatial coordinate x1. For mathematical functions you
           are STRICTLY LIMITED to np.sin, np.cos, np.tanh and np.exp. Do not call any
           other np.* routine, do not import anything, and do not write numerical
           algorithms. Ordinary arithmetic (+ - * / **) and params[0..4] are free.
        2. OUTPUT FORMAT: write the complete formula, assign it to f1_t_pred, and
           strictly end with return f1_t_pred. No placeholders.
        3. PARETO EVOLUTION: the frontier trades MSE against complexity. Complexity
           counts the derivative calls, the arithmetic operations and every params
           you use, so the same term written more compactly is preferred.
        4. OPTIMIZATION STRATEGY:{PARETO_FRONTIER_PLACEHOLDER}
    """
    # Geometry bottleneck: channel narrows with tanh profile
    geometry_factor = 1.0 - params[0] * np.tanh(params[2] * x)

    # Crowding factor: decreases with field magnitude
    crowding_factor = 1.0 - params[1] * f1

    # Combined speed reduction (multiplicative, independent)
    speed = geometry_factor * crowding_factor

    # Advection flux (transport term)
    flux = f1 * speed

    # Advection contribution (negative divergence for transport)
    advection = -d_axis(flux, 0, 1)

    # Relative gradient for anticipation (gradient divided by field)
    relative_gradient = d_axis(f1, 0, 1) / f1

    # Anticipation diffusion (divergence of relative gradient)
    diffusion = d_axis(relative_gradient, 0, 1)

    # Combine advection and anticipation diffusion
    f1_t_pred = advection + params[3] * diffusion

    return f1_t_pred
------------------------------------------------------
MSE          : 3.13e-11
Complexity   : 21
Sample time  : 1.8600983619689941
Evaluate time: 5.796583652496338
Sample orders: 28
======================================================


================= Evaluated Function =================
def equation(x: np.ndarray, f1: np.ndarray, params: np.ndarray, d_axis: callable) -> np.ndarray:
    """ Mathematical function for the RHS of an unknown 1D PDE.

    Args:
        x: spatial coordinate grid, shape (Nx, 1).
        f1: the measured field, shape (Nx, Nt).
        params: a fixed-length array of exactly 5 entries. Use only indices 0..4.
        d_axis: spatial derivative. Call d_axis(field, axis, order); axis=0 is x1.

    Return:
        `f1_t_pred`, a numpy array with the grid shape.

    STRICT CONSTRAINT:
        1. SPATIAL DERIVATIVES & MATH: you are a physicist discovering a PDE. Use ONLY
           the provided d_axis(field, axis, order) for derivatives (max order 4), with
           axis=0 for the single spatial coordinate x1. For mathematical functions you
           are STRICTLY LIMITED to np.sin, np.cos, np.tanh and np.exp. Do not call any
           other np.* routine, do not import anything, and do not write numerical
           algorithms. Ordinary arithmetic (+ - * / **) and params[0..4] are free.
        2. OUTPUT FORMAT: write the complete formula, assign it to f1_t_pred, and
           strictly end with return f1_t_pred. No placeholders.
        3. PARETO EVOLUTION: the frontier trades MSE against complexity. Complexity
           counts the derivative calls, the arithmetic operations and every params
           you use, so the same term written more compactly is preferred.
        4. OPTIMIZATION STRATEGY:{PARETO_FRONTIER_PLACEHOLDER}
    """
    # Geometry bottleneck: channel narrows with tanh profile (one-sided, smooth)
    geometry_factor = 1.0 - params[0] * np.tanh(params[2] * x)

    # Crowding factor: decreases with field magnitude (self-limiting)
    crowding_factor = 1.0 - params[1] * f1

    # Combined speed reduction (multiplicative, independent - physical requirement)
    speed = geometry_factor * crowding_factor

    # Advection flux: field carried at this speed (self-limiting transport)
    flux = f1 * speed

    # Advection contribution: divergence of flux (transport term)
    advection = -d_axis(flux, 0, 1)

    # Anticipation: driven by RELATIVE gradient (gradient divided by field)
    relative_gradient = d_axis(f1, 0, 1) / f1

    # Anticipation diffusion: divergence of relative gradient
    diffusion = d_axis(relative_gradient, 0, 1)

    # Combine: advection + anticipation diffusion
    f1_t_pred = advection + params[3] * diffusion

    return f1_t_pred
------------------------------------------------------
MSE          : 3.13e-11
Complexity   : 26
Sample time  : 1.7660478353500366
Evaluate time: 5.9061970710754395
Sample orders: 29
======================================================


================= Evaluated Function =================
def equation(x: np.ndarray, f1: np.ndarray, params: np.ndarray, d_axis: callable) -> np.ndarray:
    """ Mathematical function for the RHS of an unknown 1D PDE.

    Args:
        x: spatial coordinate grid, shape (Nx, 1).
        f1: the measured field, shape (Nx, Nt).
        params: a fixed-length array of exactly 5 entries. Use only indices 0..4.
        d_axis: spatial derivative. Call d_axis(field, axis, order); axis=0 is x1.

    Return:
        `f1_t_pred`, a numpy array with the grid shape.

    STRICT CONSTRAINT:
        1. SPATIAL DERIVATIVES & MATH: you are a physicist discovering a PDE. Use ONLY
           the provided d_axis(field, axis, order) for derivatives (max order 4), with
           axis=0 for the single spatial coordinate x1. For mathematical functions you
           are STRICTLY LIMITED to np.sin, np.cos, np.tanh and np.exp. Do not call any
           other np.* routine, do not import anything, and do not write numerical
           algorithms. Ordinary arithmetic (+ - * / **) and params[0..4] are free.
        2. OUTPUT FORMAT: write the complete formula, assign it to f1_t_pred, and
           strictly end with return f1_t_pred. No placeholders.
        3. PARETO EVOLUTION: the frontier trades MSE against complexity. Complexity
           counts the derivative calls, the arithmetic operations and every params
           you use, so the same term written more compactly is preferred.
        4. OPTIMIZATION STRATEGY:{PARETO_FRONTIER_PLACEHOLDER}
    """
    # Geometry bottleneck: channel narrows with tanh profile
    geometry_factor = 1.0 - params[0] * np.tanh(params[2] * x)

    # Crowding factor: decreases with field magnitude
    crowding_factor = 1.0 - params[1] * f1

    # Combined speed reduction (multiplicative, independent)
    speed = geometry_factor * crowding_factor

    # Advection flux (transport term)
    flux = f1 * speed

    # Advection contribution (negative divergence for transport)
    advection = -d_axis(flux, 0, 1)

    # Relative gradient for anticipation (gradient divided by field)
    relative_gradient = d_axis(f1, 0, 1) / f1

    # Anticipation diffusion (divergence of relative gradient)
    diffusion = d_axis(relative_gradient, 0, 1)

    # Combine advection and anticipation diffusion
    f1_t_pred = advection + params[3] * diffusion

    return f1_t_pred
------------------------------------------------------
MSE          : 3.13e-11
Complexity   : 21
Sample time  : 1.7660478353500366
Evaluate time: 5.862906455993652
Sample orders: 30✅ [EVALUATED] MSE: 3.13e-11 | Params: [0.5  1.   1.   0.05 1.  ]
✅ [EVALUATED] MSE: 3.13e-11 | Params: [0.5  1.   1.   0.05 1.  ]
Execution Error: operands could not be broadcast together with shapes (256,) (256,400) 

======================================================


================= Evaluated Function =================
def equation(x: np.ndarray, f1: np.ndarray, params: np.ndarray, d_axis: callable) -> np.ndarray:
    """ Mathematical function for the RHS of an unknown 1D PDE.

    Args:
        x: spatial coordinate grid, shape (Nx, 1).
        f1: the measured field, shape (Nx, Nt).
        params: a fixed-length array of exactly 5 entries. Use only indices 0..4.
        d_axis: spatial derivative. Call d_axis(field, axis, order); axis=0 is x1.

    Return:
        `f1_t_pred`, a numpy array with the grid shape.

    STRICT CONSTRAINT:
        1. SPATIAL DERIVATIVES & MATH: you are a physicist discovering a PDE. Use ONLY
           the provided d_axis(field, axis, order) for derivatives (max order 4), with
           axis=0 for the single spatial coordinate x1. For mathematical functions you
           are STRICTLY LIMITED to np.sin, np.cos, np.tanh and np.exp. Do not call any
           other np.* routine, do not import anything, and do not write numerical
           algorithms. Ordinary arithmetic (+ - * / **) and params[0..4] are free.
        2. OUTPUT FORMAT: write the complete formula, assign it to f1_t_pred, and
           strictly end with return f1_t_pred. No placeholders.
        3. PARETO EVOLUTION: the frontier trades MSE against complexity. Complexity
           counts the derivative calls, the arithmetic operations and every params
           you use, so the same term written more compactly is preferred.
        4. OPTIMIZATION STRATEGY:{PARETO_FRONTIER_PLACEHOLDER}
    """
    # Geometry bottleneck: channel narrows with tanh profile
    geometry_factor = 1.0 - params[0] * np.tanh(params[2] * x)

    # Crowding factor: decreases with field magnitude
    crowding_factor = 1.0 - params[1] * f1

    # Combined speed reduction (multiplicative, independent)
    speed = geometry_factor * crowding_factor

    # Advection flux (transport term)
    flux = f1 * speed

    # Advection contribution (negative divergence for transport)
    advection = -d_axis(flux, 0, 1)

    # Relative gradient for anticipation (gradient divided by field)
    relative_gradient = d_axis(f1, 0, 1) / f1

    # Anticipation diffusion (divergence of relative gradient)
    diffusion = d_axis(relative_gradient, 0, 1)

    # Combine advection and anticipation diffusion
    f1_t_pred = advection + params[3] * diffusion

    return f1_t_pred
------------------------------------------------------
MSE          : 3.13e-11
Complexity   : 21
Sample time  : 1.7660478353500366
Evaluate time: 5.9134604930877686
Sample orders: 31
======================================================


================= Evaluated Function =================
def equation(x: np.ndarray, f1: np.ndarray, params: np.ndarray, d_axis: callable) -> np.ndarray:
    """ Mathematical function for the RHS of an unknown 1D PDE.

    Args:
        x: spatial coordinate grid, shape (Nx, 1).
        f1: the measured field, shape (Nx, Nt).
        params: a fixed-length array of exactly 5 entries. Use only indices 0..4.
        d_axis: spatial derivative. Call d_axis(field, axis, order); axis=0 is x1.

    Return:
        `f1_t_pred`, a numpy array with the grid shape.

    STRICT CONSTRAINT:
        1. SPATIAL DERIVATIVES & MATH: you are a physicist discovering a PDE. Use ONLY
           the provided d_axis(field, axis, order) for derivatives (max order 4), with
           axis=0 for the single spatial coordinate x1. For mathematical functions you
           are STRICTLY LIMITED to np.sin, np.cos, np.tanh and np.exp. Do not call any
           other np.* routine, do not import anything, and do not write numerical
           algorithms. Ordinary arithmetic (+ - * / **) and params[0..4] are free.
        2. OUTPUT FORMAT: write the complete formula, assign it to f1_t_pred, and
           strictly end with return f1_t_pred. No placeholders.
        3. PARETO EVOLUTION: the frontier trades MSE against complexity. Complexity
           counts the derivative calls, the arithmetic operations and every params
           you use, so the same term written more compactly is preferred.
        4. OPTIMIZATION STRATEGY:{PARETO_FRONTIER_PLACEHOLDER}
    """
    # Geometry bottleneck: channel narrows with tanh profile
    geometry_factor = 1.0 - params[0] * np.tanh(params[2] * x)

    # Crowding factor: decreases with field magnitude
    crowding_factor = 1.0 - params[1] * f1

    # Combined speed reduction (multiplicative, independent factors)
    speed = geometry_factor * crowding_factor

    # Advection flux (transport term)
    flux = f1 * speed

    # Advection contribution (negative divergence for transport)
    advection = -d_axis(flux, 0, 1)

    # Relative gradient for anticipation (gradient divided by field)
    relative_gradient = d_axis(f1, 0, 1) / f1

    # Anticipation diffusion (divergence of relative gradient)
    diffusion = d_axis(relative_gradient, 0, 1)

    # Combine advection and anticipation diffusion
    f1_t_pred = advection + params[3] * diffusion

    return f1_t_pred
------------------------------------------------------
MSE          : 3.13e-11
Complexity   : 21
Sample time  : 1.7660478353500366
Evaluate time: 5.993547439575195
Sample orders: 32
======================================================


⏱️  [NO SCORE] the sandbox returned nothing for this draw (timeout 60s, or a runtime error); it gets no MSE and no frontier slot
================= Evaluated Function =================
def equation(x: np.ndarray, f1: np.ndarray, params: np.ndarray, d_axis: callable) -> np.ndarray:
    """ Mathematical function for the RHS of an unknown 1D PDE.

    Args:
        x: spatial coordinate grid, shape (Nx, 1).
        f1: the measured field, shape (Nx, Nt).
        params: a fixed-length array of exactly 5 entries. Use only indices 0..4.
        d_axis: spatial derivative. Call d_axis(field, axis, order); axis=0 is x1.

    Return:
        `f1_t_pred`, a numpy array with the grid shape.

    STRICT CONSTRAINT:
        1. SPATIAL DERIVATIVES & MATH: you are a physicist discovering a PDE. Use ONLY
           the provided d_axis(field, axis, order) for derivatives (max order 4), with
           axis=0 for the single spatial coordinate x1. For mathematical functions you
           are STRICTLY LIMITED to np.sin, np.cos, np.tanh and np.exp. Do not call any
           other np.* routine, do not import anything, and do not write numerical
           algorithms. Ordinary arithmetic (+ - * / **) and params[0..4] are free.
        2. OUTPUT FORMAT: write the complete formula, assign it to f1_t_pred, and
           strictly end with return f1_t_pred. No placeholders.
        3. PARETO EVOLUTION: the frontier trades MSE against complexity. Complexity
           counts the derivative calls, the arithmetic operations and every params
           you use, so the same term written more compactly is preferred.
        4. OPTIMIZATION STRATEGY:{PARETO_FRONTIER_PLACEHOLDER}
    """
    # Geometry bottleneck factor: channel narrows along x1 (tanh profile)
    geometry_factor = 1.0 - params[0] * np.tanh(params[1] * x[:, 0])

    # Crowding factor: decreases with field magnitude
    crowding_factor = 1.0 - params[2] * f1

    # Combined speed reduction (multiplicative, independent factors)
    speed = geometry_factor * crowding_factor

    # Advection flux: f1 transported at reduced speed
    flux = f1 * speed

    # Advection contribution (divergence of flux, with negative sign for transport)
    advection = -d_axis(flux, 0, 1)

    # Relative gradient for anticipation (gradient divided by field, not absolute gradient)
    relative_gradient = d_axis(f1, 0, 1) / f1

    # Anticipation diffusion (divergence of relative gradient)
    diffusion = d_axis(relative_gradient, 0, 1)

    # Combine advection and anticipation diffusion
    f1_t_pred = advection + params[3] * diffusion

    return f1_t_pred
------------------------------------------------------✅ [EVALUATED] MSE: 3.13e-11 | Params: [0.5  1.   1.   0.05 1.  ]
✅ [EVALUATED] MSE: 3.13e-11 | Params: [0.5  1.   1.   0.05 1.  ]
✅ [EVALUATED] MSE: 3.13e-11 | Params: [0.5  1.   1.   0.05 1.  ]

MSE          : N/A
Complexity   : N/A
Sample time  : 1.7029093503952026
Evaluate time: 2.846611499786377
Sample orders: 33
======================================================


================= Evaluated Function =================
def equation(x: np.ndarray, f1: np.ndarray, params: np.ndarray, d_axis: callable) -> np.ndarray:
    """ Mathematical function for the RHS of an unknown 1D PDE.

    Args:
        x: spatial coordinate grid, shape (Nx, 1).
        f1: the measured field, shape (Nx, Nt).
        params: a fixed-length array of exactly 5 entries. Use only indices 0..4.
        d_axis: spatial derivative. Call d_axis(field, axis, order); axis=0 is x1.

    Return:
        `f1_t_pred`, a numpy array with the grid shape.

    STRICT CONSTRAINT:
        1. SPATIAL DERIVATIVES & MATH: you are a physicist discovering a PDE. Use ONLY
           the provided d_axis(field, axis, order) for derivatives (max order 4), with
           axis=0 for the single spatial coordinate x1. For mathematical functions you
           are STRICTLY LIMITED to np.sin, np.cos, np.tanh and np.exp. Do not call any
           other np.* routine, do not import anything, and do not write numerical
           algorithms. Ordinary arithmetic (+ - * / **) and params[0..4] are free.
        2. OUTPUT FORMAT: write the complete formula, assign it to f1_t_pred, and
           strictly end with return f1_t_pred. No placeholders.
        3. PARETO EVOLUTION: the frontier trades MSE against complexity. Complexity
           counts the derivative calls, the arithmetic operations and every params
           you use, so the same term written more compactly is preferred.
        4. OPTIMIZATION STRATEGY:{PARETO_FRONTIER_PLACEHOLDER}
    """
    # Geometry bottleneck: channel narrows with tanh profile
    geometry_factor = 1.0 - params[0] * np.tanh(params[2] * x)

    # Crowding factor: decreases with field magnitude
    crowding_factor = 1.0 - params[1] * f1

    # Combined speed reduction (multiplicative, independent)
    speed = geometry_factor * crowding_factor

    # Advection flux (transport term)
    flux = f1 * speed

    # Advection contribution (negative divergence for transport)
    advection = -d_axis(flux, 0, 1)

    # Relative gradient for anticipation (gradient divided by field)
    relative_gradient = d_axis(f1, 0, 1) / f1

    # Anticipation diffusion (divergence of relative gradient)
    diffusion = d_axis(relative_gradient, 0, 1)

    # Combine advection and anticipation diffusion
    f1_t_pred = advection + params[3] * diffusion

    return f1_t_pred
------------------------------------------------------
MSE          : 3.13e-11
Complexity   : 21
Sample time  : 1.7029093503952026
Evaluate time: 5.9004433155059814
Sample orders: 34
======================================================


================= Evaluated Function =================
def equation(x: np.ndarray, f1: np.ndarray, params: np.ndarray, d_axis: callable) -> np.ndarray:
    """ Mathematical function for the RHS of an unknown 1D PDE.

    Args:
        x: spatial coordinate grid, shape (Nx, 1).
        f1: the measured field, shape (Nx, Nt).
        params: a fixed-length array of exactly 5 entries. Use only indices 0..4.
        d_axis: spatial derivative. Call d_axis(field, axis, order); axis=0 is x1.

    Return:
        `f1_t_pred`, a numpy array with the grid shape.

    STRICT CONSTRAINT:
        1. SPATIAL DERIVATIVES & MATH: you are a physicist discovering a PDE. Use ONLY
           the provided d_axis(field, axis, order) for derivatives (max order 4), with
           axis=0 for the single spatial coordinate x1. For mathematical functions you
           are STRICTLY LIMITED to np.sin, np.cos, np.tanh and np.exp. Do not call any
           other np.* routine, do not import anything, and do not write numerical
           algorithms. Ordinary arithmetic (+ - * / **) and params[0..4] are free.
        2. OUTPUT FORMAT: write the complete formula, assign it to f1_t_pred, and
           strictly end with return f1_t_pred. No placeholders.
        3. PARETO EVOLUTION: the frontier trades MSE against complexity. Complexity
           counts the derivative calls, the arithmetic operations and every params
           you use, so the same term written more compactly is preferred.
        4. OPTIMIZATION STRATEGY:{PARETO_FRONTIER_PLACEHOLDER}
    """
    # Geometry bottleneck factor: channel narrows with tanh profile
    geometry_factor = 1.0 - params[0] * np.tanh(params[2] * x[:, 0:1])

    # Crowding factor: decreases with field magnitude, always positive
    crowding_factor = 1.0 - params[1] * f1

    # Ensure speed remains non-negative (physically required)
    speed = np.maximum(geometry_factor * crowding_factor, 0.0)

    # Advection flux with self-limiting speed
    flux = f1 * speed

    # Advection contribution (negative divergence for transport)
    advection = -d_axis(flux, 0, 1)

    # Relative gradient for anticipation (gradient divided by field, avoiding division by zero)
    f1_safe = f1 + 1e-10
    relative_gradient = d_axis(f1, 0, 1) / f1_safe

    # Anticipation diffusion (divergence of relative gradient)
    diffusion = d_axis(relative_gradient, 0, 1)

    # Combine advection and anticipation diffusion
    f1_t_pred = advection + params[3] * diffusion

    return f1_t_pred
------------------------------------------------------
MSE          : 3.13e-11
Complexity   : 25
Sample time  : 1.7029093503952026
Evaluate time: 5.552343845367432
Sample orders: 35
======================================================


================= Evaluated Function =================
def equation(x: np.ndarray, f1: np.ndarray, params: np.ndarray, d_axis: callable) -> np.ndarray:
    """ Mathematical function for the RHS of an unknown 1D PDE.

    Args:
        x: spatial coordinate grid, shape (Nx, 1).
        f1: the measured field, shape (Nx, Nt).
        params: a fixed-length array of exactly 5 entries. Use only indices 0..4.
        d_axis: spatial derivative. Call d_axis(field, axis, order); axis=0 is x1.

    Return:
        `f1_t_pred`, a numpy array with the grid shape.

    STRICT CONSTRAINT:
        1. SPATIAL DERIVATIVES & MATH: you are a physicist discovering a PDE. Use ONLY
           the provided d_axis(field, axis, order) for derivatives (max order 4), with
           axis=0 for the single spatial coordinate x1. For mathematical functions you
           are STRICTLY LIMITED to np.sin, np.cos, np.tanh and np.exp. Do not call any
           other np.* routine, do not import anything, and do not write numerical
           algorithms. Ordinary arithmetic (+ - * / **) and params[0..4] are free.
        2. OUTPUT FORMAT: write the complete formula, assign it to f1_t_pred, and
           strictly end with return f1_t_pred. No placeholders.
        3. PARETO EVOLUTION: the frontier trades MSE against complexity. Complexity
           counts the derivative calls, the arithmetic operations and every params
           you use, so the same term written more compactly is preferred.
        4. OPTIMIZATION STRATEGY:{PARETO_FRONTIER_PLACEHOLDER}
    """
    # Geometry bottleneck: channel narrows with tanh profile
    geometry_factor = 1.0 - params[0] * np.tanh(params[1] * x)

    # Crowding factor: decreases with field magnitude
    crowding_factor = 1.0 - params[2] * f1

    # Combined speed reduction (multiplicative, independent)
    speed = geometry_factor * crowding_factor

    # Advection flux (transport term)
    flux = f1 * speed

    # Advection contribution (negative divergence for transport)
    advection = -d_axis(flux, 0, 1)

    # Relative gradient for anticipation (gradient divided by field)
    relative_gradient = d_axis(f1, 0, 1) / f1

    # Anticipation diffusion (divergence of relative gradient)
    diffusion = d_axis(relative_gradient, 0, 1)

    # Combine advection and anticipation diffusion
    f1_t_pred = advection + params[3] * diffusion

    return f1_t_pred
------------------------------------------------------✅ [EVALUATED] MSE: 3.13e-11 | Params: [0.5  1.   1.   0.05 1.  ]
✅ [EVALUATED] MSE: 3.13e-11 | Params: [0.5  1.   1.   0.05 1.  ]
✅ [EVALUATED] MSE: 3.13e-11 | Params: [0.5  1.   1.   0.05 1.  ]
✅ [EVALUATED] MSE: 3.13e-11 | Params: [0.5  1.   1.   0.05 1.  ]

MSE          : 3.13e-11
Complexity   : 21
Sample time  : 1.7029093503952026
Evaluate time: 5.530195236206055
Sample orders: 36
======================================================


================= Evaluated Function =================
def equation(x: np.ndarray, f1: np.ndarray, params: np.ndarray, d_axis: callable) -> np.ndarray:
    """ Mathematical function for the RHS of an unknown 1D PDE.

    Args:
        x: spatial coordinate grid, shape (Nx, 1).
        f1: the measured field, shape (Nx, Nt).
        params: a fixed-length array of exactly 5 entries. Use only indices 0..4.
        d_axis: spatial derivative. Call d_axis(field, axis, order); axis=0 is x1.

    Return:
        `f1_t_pred`, a numpy array with the grid shape.

    STRICT CONSTRAINT:
        1. SPATIAL DERIVATIVES & MATH: you are a physicist discovering a PDE. Use ONLY
           the provided d_axis(field, axis, order) for derivatives (max order 4), with
           axis=0 for the single spatial coordinate x1. For mathematical functions you
           are STRICTLY LIMITED to np.sin, np.cos, np.tanh and np.exp. Do not call any
           other np.* routine, do not import anything, and do not write numerical
           algorithms. Ordinary arithmetic (+ - * / **) and params[0..4] are free.
        2. OUTPUT FORMAT: write the complete formula, assign it to f1_t_pred, and
           strictly end with return f1_t_pred. No placeholders.
        3. PARETO EVOLUTION: the frontier trades MSE against complexity. Complexity
           counts the derivative calls, the arithmetic operations and every params
           you use, so the same term written more compactly is preferred.
        4. OPTIMIZATION STRATEGY:{PARETO_FRONTIER_PLACEHOLDER}
    """
    # Geometry bottleneck: tanh profile for channel narrowing
    geometry = 1.0 - params[0] * np.tanh(params[1] * x)

    # Crowding factor: linear decrease with field
    crowding = 1.0 - params[2] * f1

    # Combined multiplicative speed reduction
    speed = geometry * crowding

    # Advection flux
    flux = f1 * speed

    # Advection contribution (negative divergence for transport)
    advection = -d_axis(flux, 0, 1)

    # Anticipation: relative gradient diffusion
    relative_gradient = d_axis(f1, 0, 1) / f1
    diffusion = d_axis(relative_gradient, 0, 1)

    # Combine all terms
    f1_t_pred = advection + params[3] * diffusion

    return f1_t_pred
------------------------------------------------------
MSE          : 3.13e-11
Complexity   : 21
Sample time  : 1.6622886657714844
Evaluate time: 5.412806749343872
Sample orders: 37
======================================================


================= Evaluated Function =================
def equation(x: np.ndarray, f1: np.ndarray, params: np.ndarray, d_axis: callable) -> np.ndarray:
    """ Mathematical function for the RHS of an unknown 1D PDE.

    Args:
        x: spatial coordinate grid, shape (Nx, 1).
        f1: the measured field, shape (Nx, Nt).
        params: a fixed-length array of exactly 5 entries. Use only indices 0..4.
        d_axis: spatial derivative. Call d_axis(field, axis, order); axis=0 is x1.

    Return:
        `f1_t_pred`, a numpy array with the grid shape.

    STRICT CONSTRAINT:
        1. SPATIAL DERIVATIVES & MATH: you are a physicist discovering a PDE. Use ONLY
           the provided d_axis(field, axis, order) for derivatives (max order 4), with
           axis=0 for the single spatial coordinate x1. For mathematical functions you
           are STRICTLY LIMITED to np.sin, np.cos, np.tanh and np.exp. Do not call any
           other np.* routine, do not import anything, and do not write numerical
           algorithms. Ordinary arithmetic (+ - * / **) and params[0..4] are free.
        2. OUTPUT FORMAT: write the complete formula, assign it to f1_t_pred, and
           strictly end with return f1_t_pred. No placeholders.
        3. PARETO EVOLUTION: the frontier trades MSE against complexity. Complexity
           counts the derivative calls, the arithmetic operations and every params
           you use, so the same term written more compactly is preferred.
        4. OPTIMIZATION STRATEGY:{PARETO_FRONTIER_PLACEHOLDER}
    """
    # Geometry bottleneck factor: channel narrows with tanh profile along x1
    geometry_factor = 1.0 - params[0] * np.tanh(params[1] * x[:, 0:1])

    # Crowding factor: decreases with field magnitude, always positive
    crowding_factor = 1.0 - params[2] * f1

    # Combined speed reduction (multiplicative, independent)
    speed = geometry_factor * crowding_factor

    # Advection flux (transport term with self-limiting speed)
    flux = f1 * speed

    # Advection contribution (negative divergence for transport)
    advection = -d_axis(flux, 0, 1)

    # Safety for division (avoid division by zero)
    f1_safe = f1 + 1e-10

    # Relative gradient for anticipation (gradient divided by field)
    relative_gradient = d_axis(f1, 0, 1) / f1_safe

    # Anticipation diffusion (divergence of relative gradient)
    diffusion = d_axis(relative_gradient, 0, 1)

    # Combine advection and anticipation diffusion
    f1_t_pred = advection + params[3] * diffusion

    return f1_t_pred
------------------------------------------------------
MSE          : 3.13e-11
Complexity   : 24
Sample time  : 1.6622886657714844
Evaluate time: 6.3827478885650635
Sample orders: 38
======================================================


================= Evaluated Function =================
def equation(x: np.ndarray, f1: np.ndarray, params: np.ndarray, d_axis: callable) -> np.ndarray:
    """ Mathematical function for the RHS of an unknown 1D PDE.

    Args:
        x: spatial coordinate grid, shape (Nx, 1).
        f1: the measured field, shape (Nx, Nt).
        params: a fixed-length array of exactly 5 entries. Use only indices 0..4.
        d_axis: spatial derivative. Call d_axis(field, axis, order); axis=0 is x1.

    Return:
        `f1_t_pred`, a numpy array with the grid shape.

    STRICT CONSTRAINT:
        1. SPATIAL DERIVATIVES & MATH: you are a physicist discovering a PDE. Use ONLY
           the provided d_axis(field, axis, order) for derivatives (max order 4), with
           axis=0 for the single spatial coordinate x1. For mathematical functions you
           are STRICTLY LIMITED to np.sin, np.cos, np.tanh and np.exp. Do not call any
           other np.* routine, do not import anything, and do not write numerical
           algorithms. Ordinary arithmetic (+ - * / **) and params[0..4] are free.
        2. OUTPUT FORMAT: write the complete formula, assign it to f1_t_pred, and
           strictly end with return f1_t_pred. No placeholders.
        3. PARETO EVOLUTION: the frontier trades MSE against complexity. Complexity
           counts the derivative calls, the arithmetic operations and every params
           you use, so the same term written more compactly is preferred.
        4. OPTIMIZATION STRATEGY:{PARETO_FRONTIER_PLACEHOLDER}
    """
    # Geometry bottleneck: channel narrows with tanh profile
    geometry_factor = 1.0 - params[0] * np.tanh(params[1] * x[:, 0:1])

    # Crowding factor: decreases with field magnitude, always positive
    crowding_factor = 1.0 - params[2] * f1

    # Combined speed (multiplicative, independent reductions)
    speed = geometry_factor * crowding_factor

    # Advection flux (transport term, negative divergence for conservation)
    flux = f1 * speed
    advection = -d_axis(flux, 0, 1)

    # Anticipation relative-gradient diffusion
    relative_gradient = d_axis(f1, 0, 1) / f1
    diffusion = d_axis(relative_gradient, 0, 1)

    # Combine: advection plus scaled anticipation diffusion
    f1_t_pred = advection + params[3] * diffusion

    return f1_t_pred
------------------------------------------------------
MSE          : 3.13e-11
Complexity   : 22
Sample time  : 1.6622886657714844
Evaluate time: 5.8483898639678955
Sample orders: 39
======================================================


================= Evaluated Function =================✅ [EVALUATED] MSE: 3.13e-11 | Params: [0.5  1.   1.   0.05 1.  ]
✅ [EVALUATED] MSE: 3.13e-11 | Params: [0.5  1.   1.   0.05 1.  ]
✅ [EVALUATED] MSE: 3.13e-11 | Params: [0.5  1.   1.   0.05 1.  ]

def equation(x: np.ndarray, f1: np.ndarray, params: np.ndarray, d_axis: callable) -> np.ndarray:
    """ Mathematical function for the RHS of an unknown 1D PDE.

    Args:
        x: spatial coordinate grid, shape (Nx, 1).
        f1: the measured field, shape (Nx, Nt).
        params: a fixed-length array of exactly 5 entries. Use only indices 0..4.
        d_axis: spatial derivative. Call d_axis(field, axis, order); axis=0 is x1.

    Return:
        `f1_t_pred`, a numpy array with the grid shape.

    STRICT CONSTRAINT:
        1. SPATIAL DERIVATIVES & MATH: you are a physicist discovering a PDE. Use ONLY
           the provided d_axis(field, axis, order) for derivatives (max order 4), with
           axis=0 for the single spatial coordinate x1. For mathematical functions you
           are STRICTLY LIMITED to np.sin, np.cos, np.tanh and np.exp. Do not call any
           other np.* routine, do not import anything, and do not write numerical
           algorithms. Ordinary arithmetic (+ - * / **) and params[0..4] are free.
        2. OUTPUT FORMAT: write the complete formula, assign it to f1_t_pred, and
           strictly end with return f1_t_pred. No placeholders.
        3. PARETO EVOLUTION: the frontier trades MSE against complexity. Complexity
           counts the derivative calls, the arithmetic operations and every params
           you use, so the same term written more compactly is preferred.
        4. OPTIMIZATION STRATEGY:{PARETO_FRONTIER_PLACEHOLDER}
    """
    # Geometry bottleneck factor (channel narrows along x1)
    geometry_factor = 1.0 - params[0] * np.tanh(params[1] * x[:, 0:1])

    # Crowding factor (field self-limitation, always positive)
    crowding_factor = 1.0 - params[2] * f1

    # Combined speed reduction (multiplicative, independent)
    speed = geometry_factor * crowding_factor

    # Advection flux
    flux = f1 * speed

    # Advection contribution (negative divergence for transport)
    advection = -d_axis(flux, 0, 1)

    # Relative gradient for anticipation (gradient divided by field)
    relative_gradient = d_axis(f1, 0, 1) / f1

    # Anticipation diffusion (divergence of relative gradient)
    diffusion = d_axis(relative_gradient, 0, 1)

    # Combine advection and anticipation diffusion
    f1_t_pred = advection + params[3] * diffusion

    return f1_t_pred
------------------------------------------------------
MSE          : 3.13e-11
Complexity   : 22
Sample time  : 1.6622886657714844
Evaluate time: 5.935017824172974
Sample orders: 40
======================================================


================= Evaluated Function =================
def equation(x: np.ndarray, f1: np.ndarray, params: np.ndarray, d_axis: callable) -> np.ndarray:
    """ Mathematical function for the RHS of an unknown 1D PDE.

    Args:
        x: spatial coordinate grid, shape (Nx, 1).
        f1: the measured field, shape (Nx, Nt).
        params: a fixed-length array of exactly 5 entries. Use only indices 0..4.
        d_axis: spatial derivative. Call d_axis(field, axis, order); axis=0 is x1.

    Return:
        `f1_t_pred`, a numpy array with the grid shape.

    STRICT CONSTRAINT:
        1. SPATIAL DERIVATIVES & MATH: you are a physicist discovering a PDE. Use ONLY
           the provided d_axis(field, axis, order) for derivatives (max order 4), with
           axis=0 for the single spatial coordinate x1. For mathematical functions you
           are STRICTLY LIMITED to np.sin, np.cos, np.tanh and np.exp. Do not call any
           other np.* routine, do not import anything, and do not write numerical
           algorithms. Ordinary arithmetic (+ - * / **) and params[0..4] are free.
        2. OUTPUT FORMAT: write the complete formula, assign it to f1_t_pred, and
           strictly end with return f1_t_pred. No placeholders.
        3. PARETO EVOLUTION: the frontier trades MSE against complexity. Complexity
           counts the derivative calls, the arithmetic operations and every params
           you use, so the same term written more compactly is preferred.
        4. OPTIMIZATION STRATEGY:{PARETO_FRONTIER_PLACEHOLDER}
    """
    # Geometry bottleneck: tanh profile for channel narrowing (one-sided, positive)
    geometry = 1.0 - params[0] * np.tanh(params[1] * x[:, 0:1])

    # Crowding factor: linear decrease with field, always positive
    crowding = 1.0 - params[2] * f1

    # Combined multiplicative speed reduction (independent factors)
    speed = geometry * crowding

    # Advection flux: field carried at reduced speed (negative divergence)
    flux = f1 * speed
    advection = -d_axis(flux, 0, 1)

    # Anticipation: relative gradient diffusion (gradient divided by field)
    relative_gradient = d_axis(f1, 0, 1) / f1
    diffusion = d_axis(relative_gradient, 0, 1)

    # Combine transport and anticipation effects
    f1_t_pred = advection + params[3] * diffusion

    return f1_t_pred
------------------------------------------------------
MSE          : 3.13e-11
Complexity   : 22
Sample time  : 1.7275046706199646
Evaluate time: 5.835143566131592
Sample orders: 41
======================================================


================= Evaluated Function =================
def equation(x: np.ndarray, f1: np.ndarray, params: np.ndarray, d_axis: callable) -> np.ndarray:
    """ Mathematical function for the RHS of an unknown 1D PDE.

    Args:
        x: spatial coordinate grid, shape (Nx, 1).
        f1: the measured field, shape (Nx, Nt).
        params: a fixed-length array of exactly 5 entries. Use only indices 0..4.
        d_axis: spatial derivative. Call d_axis(field, axis, order); axis=0 is x1.

    Return:
        `f1_t_pred`, a numpy array with the grid shape.

    STRICT CONSTRAINT:
        1. SPATIAL DERIVATIVES & MATH: you are a physicist discovering a PDE. Use ONLY
           the provided d_axis(field, axis, order) for derivatives (max order 4), with
           axis=0 for the single spatial coordinate x1. For mathematical functions you
           are STRICTLY LIMITED to np.sin, np.cos, np.tanh and np.exp. Do not call any
           other np.* routine, do not import anything, and do not write numerical
           algorithms. Ordinary arithmetic (+ - * / **) and params[0..4] are free.
        2. OUTPUT FORMAT: write the complete formula, assign it to f1_t_pred, and
           strictly end with return f1_t_pred. No placeholders.
        3. PARETO EVOLUTION: the frontier trades MSE against complexity. Complexity
           counts the derivative calls, the arithmetic operations and every params
           you use, so the same term written more compactly is preferred.
        4. OPTIMIZATION STRATEGY:{PARETO_FRONTIER_PLACEHOLDER}
    """
    # Geometry bottleneck: tanh profile for channel narrowing along x1
    geometry = 1.0 - params[0] * np.tanh(params[1] * x[:, 0:1])

    # Crowding factor: linear decrease with field magnitude, always positive
    crowding = 1.0 - params[2] * f1

    # Combined multiplicative speed reduction (independent factors)
    speed = geometry * crowding

    # Advection flux (transport with self-limiting speed)
    flux = f1 * speed

    # Advection contribution (negative divergence for transport)
    advection = -d_axis(flux, 0, 1)

    # Anticipation: relative gradient diffusion
    # Use safe division to avoid numerical issues
    f1_safe = f1 + 1e-10
    relative_gradient = d_axis(f1, 0, 1) / f1_safe
    diffusion = d_axis(relative_gradient, 0, 1)

    # Combine all terms: advection + scaled anticipation diffusion
    f1_t_pred = advection + params[3] * diffusion

    return f1_t_pred
------------------------------------------------------
MSE          : 3.13e-11
Complexity   : 25
Sample time  : 1.7275046706199646
Evaluate time: 5.426002740859985
Sample orders: 42
======================================================


================= Evaluated Function =================
def equation(x: np.ndarray, f1: np.ndarray, params: np.ndarray, d_axis: callable) -> np.ndarray:
    """ Mathematical function for the RHS of an unknown 1D PDE.

    Args:
        x: spatial coordinate grid, shape (Nx, 1).
        f1: the measured field, shape (Nx, Nt).
        params: a fixed-length array of exactly 5 entries. Use only indices 0..4.
        d_axis: spatial derivative. Call d_axis(field, axis, order); axis=0 is x1.

    Return:
        `f1_t_pred`, a numpy array with the grid shape.

    STRICT CONSTRAINT:
        1. SPATIAL DERIVATIVES & MATH: you are a physicist discovering a PDE. Use ONLY
           the provided d_axis(field, axis, order) for derivatives (max order 4), with
           axis=0 for the single spatial coordinate x1. For mathematical functions you
           are STRICTLY LIMITED to np.sin, np.cos, np.tanh and np.exp. Do not call any
           other np.* routine, do not import anything, and do not write numerical
           algorithms. Ordinary arithmetic (+ - * / **) and params[0..4] are free.
        2. OUTPUT FORMAT: write the complete formula, assign it to f1_t_pred, and
           strictly end with return f1_t_pred. No placeholders.
        3. PARETO EVOLUTION: the frontier trades MSE against complexity. Complexity
           counts the derivative calls, the arithmetic operations and every params
           you use, so the same term written more compactly is preferred.
        4. OPTIMIZATION STRATEGY:{PARETO_FRONTIER_PLACEHOLDER}
    """
    # Geometry bottleneck: smooth tanh profile (channel narrows along x1)
    geometry = 1.0 - params[0] * np.tanh(params[1] * x[:, 0:1])

    # Crowding factor: decreases with field, always positive
    crowding = 1.0 - params[2] * f1

    # Combined speed (multiplicative, both factors ≤ 1)
    speed = geometry * crowding

    # Advection flux with self-limiting transport
    flux = f1 * speed

    # Advection = negative divergence of flux (outflow reduces field locally)
    advection = -d_axis(flux, 0, 1)

    # Anticipation: relative gradient (gradient/field ratio) divergence
    # Avoid division by zero with small epsilon
    f1_safe = f1 + 1e-10
    relative_gradient = d_axis(f1, 0, 1) / f1_safe
    diffusion = d_axis(relative_gradient, 0, 1)

    # Combine: advection + scaled anticipation diffusion
    f1_t_pred = advection + params[3] * diffusion

    return f1_t_pred✅ [EVALUATED] MSE: 3.13e-11 | Params: [0.5  1.   1.   0.05 1.  ]

------------------------------------------------------
MSE          : 3.13e-11
Complexity   : 26
Sample time  : 1.7275046706199646
Evaluate time: 5.4717302322387695
Sample orders: 43
======================================================


================= Evaluated Function =================
def equation(x: np.ndarray, f1: np.ndarray, params: np.ndarray, d_axis: callable) -> np.ndarray:
    """ Mathematical function for the RHS of an unknown 1D PDE.

    Args:
        x: spatial coordinate grid, shape (Nx, 1).
        f1: the measured field, shape (Nx, Nt).
        params: a fixed-length array of exactly 5 entries. Use only indices 0..4.
        d_axis: spatial derivative. Call d_axis(field, axis, order); axis=0 is x1.

    Return:
        `f1_t_pred`, a numpy array with the grid shape.

    STRICT CONSTRAINT:
        1. SPATIAL DERIVATIVES & MATH: you are a physicist discovering a PDE. Use ONLY
           the provided d_axis(field, axis, order) for derivatives (max order 4), with
           axis=0 for the single spatial coordinate x1. For mathematical functions you
           are STRICTLY LIMITED to np.sin, np.cos, np.tanh and np.exp. Do not call any
           other np.* routine, do not import anything, and do not write numerical
           algorithms. Ordinary arithmetic (+ - * / **) and params[0..4] are free.
        2. OUTPUT FORMAT: write the complete formula, assign it to f1_t_pred, and
           strictly end with return f1_t_pred. No placeholders.
        3. PARETO EVOLUTION: the frontier trades MSE against complexity. Complexity
           counts the derivative calls, the arithmetic operations and every params
           you use, so the same term written more compactly is preferred.
        4. OPTIMIZATION STRATEGY:{PARETO_FRONTIER_PLACEHOLDER}
    """
    # Geometry bottleneck: channel narrows with tanh profile
    geometry = 1.0 - params[0] * np.tanh(params[1] * x[:, 0:1])

    # Crowding: linear decrease with field magnitude
    crowding = 1.0 - params[2] * f1

    # Speed reduction (multiplicative, independent factors)
    speed = geometry * crowding

    # Advection flux and its divergence (self-limiting transport)
    flux = f1 * speed
    advection = -d_axis(flux, 0, 1)

    # Anticipation: divergence of relative gradient (∂f1/∂x1)/f1
    relative_gradient = d_axis(f1, 0, 1) / (f1 + 1e-10)
    diffusion = d_axis(relative_gradient, 0, 1)

    # Combine: advection + relative-gradient anticipation diffusion
    f1_t_pred = advection + params[3] * diffusion

    return f1_t_pred
------------------------------------------------------
MSE          : 3.13e-11
Complexity   : 28
Sample time  : 1.7275046706199646
Evaluate time: 5.952656030654907
Sample orders: 44
======================================================


🚫 [UNPARSABLE] the reply carried no executable body; draw dropped
✅ [EVALUATED] MSE: 3.13e-11 | Params: [0.5  1.   1.   0.05 1.  ]
================= Evaluated Function =================
def equation(x: np.ndarray, f1: np.ndarray, params: np.ndarray, d_axis: callable) -> np.ndarray:
    """ Mathematical function for the RHS of an unknown 1D PDE.

    Args:
        x: spatial coordinate grid, shape (Nx, 1).
        f1: the measured field, shape (Nx, Nt).
        params: a fixed-length array of exactly 5 entries. Use only indices 0..4.
        d_axis: spatial derivative. Call d_axis(field, axis, order); axis=0 is x1.

    Return:
        `f1_t_pred`, a numpy array with the grid shape.

    STRICT CONSTRAINT:
        1. SPATIAL DERIVATIVES & MATH: you are a physicist discovering a PDE. Use ONLY
           the provided d_axis(field, axis, order) for derivatives (max order 4), with
           axis=0 for the single spatial coordinate x1. For mathematical functions you
           are STRICTLY LIMITED to np.sin, np.cos, np.tanh and np.exp. Do not call any
           other np.* routine, do not import anything, and do not write numerical
           algorithms. Ordinary arithmetic (+ - * / **) and params[0..4] are free.
        2. OUTPUT FORMAT: write the complete formula, assign it to f1_t_pred, and
           strictly end with return f1_t_pred. No placeholders.
        3. PARETO EVOLUTION: the frontier trades MSE against complexity. Complexity
           counts the derivative calls, the arithmetic operations and every params
           you use, so the same term written more compactly is preferred.
        4. OPTIMIZATION STRATEGY:{PARETO_FRONTIER_PLACEHOLDER}
    """
    # Geometry bottleneck: tanh profile (smooth, one-sided narrowing)
    geometry = 1.0 - params[0] * np.tanh(params[1] * x)

    # Crowding factor: decreases with field, always positive
    crowding = 1.0 - params[2] * f1

    # Combined multiplicative speed reduction
    speed = geometry * crowding

    # Advection flux with self-limiting speed
    flux = f1 * speed

    # Transport: divergence of flux (negative for advection)
    advection = -d_axis(flux, 0, 1)

    # Anticipation: relative gradient diffusion
    # Using small epsilon to avoid division issues
    f1_safe = f1 + 1e-10
    relative_gradient = d_axis(f1, 0, 1) / f1_safe
    diffusion = d_axis(relative_gradient, 0, 1)

    # Combine advection and anticipation diffusion
    f1_t_pred = advection + params[3] * diffusion

    return f1_t_pred
------------------------------------------------------
MSE          : 3.13e-11
Complexity   : 26
Sample time  : 1.9932343363761902
Evaluate time: 5.784669637680054
Sample orders: 46
======================================================


🚫 [UNPARSABLE] the reply carried no executable body; draw dropped
✅ [EVALUATED] MSE: 3.13e-11 | Params: [0.5  1.   1.   0.05 1.  ]
✅ [EVALUATED] MSE: 3.13e-11 | Params: [0.5  1.   1.   0.05 1.  ]
✅ [EVALUATED] MSE: 3.13e-11 | Params: [0.5  1.   1.   0.05 1.  ]
✅ [EVALUATED] MSE: 3.13e-11 | Params: [0.5  1.   1.   0.05 1.  ]
================= Evaluated Function =================
def equation(x: np.ndarray, f1: np.ndarray, params: np.ndarray, d_axis: callable) -> np.ndarray:
    """ Mathematical function for the RHS of an unknown 1D PDE.

    Args:
        x: spatial coordinate grid, shape (Nx, 1).
        f1: the measured field, shape (Nx, Nt).
        params: a fixed-length array of exactly 5 entries. Use only indices 0..4.
        d_axis: spatial derivative. Call d_axis(field, axis, order); axis=0 is x1.

    Return:
        `f1_t_pred`, a numpy array with the grid shape.

    STRICT CONSTRAINT:
        1. SPATIAL DERIVATIVES & MATH: you are a physicist discovering a PDE. Use ONLY
           the provided d_axis(field, axis, order) for derivatives (max order 4), with
           axis=0 for the single spatial coordinate x1. For mathematical functions you
           are STRICTLY LIMITED to np.sin, np.cos, np.tanh and np.exp. Do not call any
           other np.* routine, do not import anything, and do not write numerical
           algorithms. Ordinary arithmetic (+ - * / **) and params[0..4] are free.
        2. OUTPUT FORMAT: write the complete formula, assign it to f1_t_pred, and
           strictly end with return f1_t_pred. No placeholders.
        3. PARETO EVOLUTION: the frontier trades MSE against complexity. Complexity
           counts the derivative calls, the arithmetic operations and every params
           you use, so the same term written more compactly is preferred.
        4. OPTIMIZATION STRATEGY:{PARETO_FRONTIER_PLACEHOLDER}
    """
    # Geometry bottleneck: tanh profile for channel narrowing along x1
    geometry = 1.0 - params[0] * np.tanh(params[1] * x[:, 0:1])

    # Crowding factor: linear decrease with field, always positive
    crowding = 1.0 - params[2] * f1

    # Combined multiplicative speed reduction (independent factors)
    speed = geometry * crowding

    # Advection flux
    flux = f1 * speed

    # Advection contribution (negative divergence for transport)
    advection = -d_axis(flux, 0, 1)

    # Anticipation: relative gradient diffusion (gradient divided by field)
    f1_safe = f1 + 1e-10  # safety for division
    relative_gradient = d_axis(f1, 0, 1) / f1_safe
    diffusion = d_axis(relative_gradient, 0, 1)

    # Combine advection and anticipation diffusion
    f1_t_pred = advection + params[3] * diffusion

    return f1_t_pred
------------------------------------------------------
MSE          : 3.13e-11
Complexity   : 23
Sample time  : 1.9932343363761902
Evaluate time: 5.968785285949707
Sample orders: 48
======================================================


================= Evaluated Function =================
def equation(x: np.ndarray, f1: np.ndarray, params: np.ndarray, d_axis: callable) -> np.ndarray:
    """ Mathematical function for the RHS of an unknown 1D PDE.

    Args:
        x: spatial coordinate grid, shape (Nx, 1).
        f1: the measured field, shape (Nx, Nt).
        params: a fixed-length array of exactly 5 entries. Use only indices 0..4.
        d_axis: spatial derivative. Call d_axis(field, axis, order); axis=0 is x1.

    Return:
        `f1_t_pred`, a numpy array with the grid shape.

    STRICT CONSTRAINT:
        1. SPATIAL DERIVATIVES & MATH: you are a physicist discovering a PDE. Use ONLY
           the provided d_axis(field, axis, order) for derivatives (max order 4), with
           axis=0 for the single spatial coordinate x1. For mathematical functions you
           are STRICTLY LIMITED to np.sin, np.cos, np.tanh and np.exp. Do not call any
           other np.* routine, do not import anything, and do not write numerical
           algorithms. Ordinary arithmetic (+ - * / **) and params[0..4] are free.
        2. OUTPUT FORMAT: write the complete formula, assign it to f1_t_pred, and
           strictly end with return f1_t_pred. No placeholders.
        3. PARETO EVOLUTION: the frontier trades MSE against complexity. Complexity
           counts the derivative calls, the arithmetic operations and every params
           you use, so the same term written more compactly is preferred.
        4. OPTIMIZATION STRATEGY:{PARETO_FRONTIER_PLACEHOLDER}
    """
    # Geometry bottleneck: tanh profile for channel narrowing
    geometry = 1.0 - params[0] * np.tanh(params[1] * x)

    # Crowding factor: linear decrease with field
    crowding = 1.0 - params[2] * f1

    # Combined multiplicative speed reduction
    speed = geometry * crowding

    # Advection flux
    flux = f1 * speed

    # Advection contribution (negative divergence for transport)
    advection = -d_axis(flux, 0, 1)

    # Anticipation: relative gradient diffusion (gradient divided by field)
    relative_gradient = d_axis(f1, 0, 1) / f1
    diffusion = d_axis(relative_gradient, 0, 1)

    # Combine all terms
    f1_t_pred = advection + params[3] * diffusion

    return f1_t_pred
------------------------------------------------------
MSE          : 3.13e-11
Complexity   : 21
Sample time  : 1.4563743472099304
Evaluate time: 5.426099061965942
Sample orders: 49
======================================================


================= Evaluated Function =================
def equation(x: np.ndarray, f1: np.ndarray, params: np.ndarray, d_axis: callable) -> np.ndarray:
    """ Mathematical function for the RHS of an unknown 1D PDE.

    Args:
        x: spatial coordinate grid, shape (Nx, 1).
        f1: the measured field, shape (Nx, Nt).
        params: a fixed-length array of exactly 5 entries. Use only indices 0..4.
        d_axis: spatial derivative. Call d_axis(field, axis, order); axis=0 is x1.

    Return:
        `f1_t_pred`, a numpy array with the grid shape.

    STRICT CONSTRAINT:
        1. SPATIAL DERIVATIVES & MATH: you are a physicist discovering a PDE. Use ONLY
           the provided d_axis(field, axis, order) for derivatives (max order 4), with
           axis=0 for the single spatial coordinate x1. For mathematical functions you
           are STRICTLY LIMITED to np.sin, np.cos, np.tanh and np.exp. Do not call any
           other np.* routine, do not import anything, and do not write numerical
           algorithms. Ordinary arithmetic (+ - * / **) and params[0..4] are free.
        2. OUTPUT FORMAT: write the complete formula, assign it to f1_t_pred, and
           strictly end with return f1_t_pred. No placeholders.
        3. PARETO EVOLUTION: the frontier trades MSE against complexity. Complexity
           counts the derivative calls, the arithmetic operations and every params
           you use, so the same term written more compactly is preferred.
        4. OPTIMIZATION STRATEGY:{PARETO_FRONTIER_PLACEHOLDER}
    """
    # Geometry bottleneck: tanh profile for channel narrowing (smooth, one-sided, baseline 1 minus profile)
    geometry = 1.0 - params[0] * np.tanh(params[1] * x[:, 0:1])

    # Crowding factor: linear decrease with field, stays positive (self-limiting)
    crowding = 1.0 - params[2] * f1

    # Combined multiplicative speed reduction (independent factors multiply)
    speed = geometry * crowding

    # Advection flux
    flux = f1 * speed

    # Advection contribution (negative divergence for transport)
    advection = -d_axis(flux, 0, 1)

    # Anticipation: relative gradient diffusion (gradient divided by field itself)
    f1_safe = f1 + 1e-10  # safety for division
    relative_gradient = d_axis(f1, 0, 1) / f1_safe
    diffusion = d_axis(relative_gradient, 0, 1)

    # Combine: advection + anticipation diffusion with coefficient
    f1_t_pred = advection + params[3] * diffusion

    return f1_t_pred
------------------------------------------------------
MSE          : 3.13e-11
Complexity   : 26
Sample time  : 1.4563743472099304
Evaluate time: 5.36016845703125
Sample orders: 50
======================================================


================= Evaluated Function =================
def equation(x: np.ndarray, f1: np.ndarray, params: np.ndarray, d_axis: callable) -> np.ndarray:
    """ Mathematical function for the RHS of an unknown 1D PDE.

    Args:
        x: spatial coordinate grid, shape (Nx, 1).
        f1: the measured field, shape (Nx, Nt).
        params: a fixed-length array of exactly 5 entries. Use only indices 0..4.
        d_axis: spatial derivative. Call d_axis(field, axis, order); axis=0 is x1.

    Return:
        `f1_t_pred`, a numpy array with the grid shape.

    STRICT CONSTRAINT:
        1. SPATIAL DERIVATIVES & MATH: you are a physicist discovering a PDE. Use ONLY
           the provided d_axis(field, axis, order) for derivatives (max order 4), with
           axis=0 for the single spatial coordinate x1. For mathematical functions you
           are STRICTLY LIMITED to np.sin, np.cos, np.tanh and np.exp. Do not call any
           other np.* routine, do not import anything, and do not write numerical
           algorithms. Ordinary arithmetic (+ - * / **) and params[0..4] are free.
        2. OUTPUT FORMAT: write the complete formula, assign it to f1_t_pred, and
           strictly end with return f1_t_pred. No placeholders.
        3. PARETO EVOLUTION: the frontier trades MSE against complexity. Complexity
           counts the derivative calls, the arithmetic operations and every params
           you use, so the same term written more compactly is preferred.
        4. OPTIMIZATION STRATEGY:{PARETO_FRONTIER_PLACEHOLDER}
    """
    # Geometry bottleneck: tanh profile for channel narrowing along x1
    geometry = 1.0 - params[0] * np.tanh(params[1] * x[:, 0:1])

    # Crowding factor: linear decrease with field, always positive
    crowding = 1.0 - params[2] * f1

    # Combined multiplicative speed reduction (independent factors)
    speed = geometry * crowding

    # Advection flux (negative divergence for transport)
    flux = f1 * speed

    # Advection contribution
    advection = -d_axis(flux, 0, 1)

    # Anticipation: relative gradient diffusion (gradient divided by field)
    relative_gradient = d_axis(f1, 0, 1) / f1
    diffusion = d_axis(relative_gradient, 0, 1)

    # Combine advection and anticipation diffusion
    f1_t_pred = advection + params[3] * diffusion

    return f1_t_pred✅ [EVALUATED] MSE: 3.13e-11 | Params: [0.5  1.   1.   0.05 1.  ]
✅ [EVALUATED] MSE: 3.13e-11 | Params: [0.5  1.   1.   0.05 1.  ]
✅ [EVALUATED] MSE: 3.13e-11 | Params: [0.5  1.   1.   0.05 1.  ]
✅ [EVALUATED] MSE: 3.13e-11 | Params: [0.5  1.   1.   0.05 1.  ]

------------------------------------------------------
MSE          : 3.13e-11
Complexity   : 21
Sample time  : 1.4563743472099304
Evaluate time: 5.3620381355285645
Sample orders: 51
======================================================


================= Evaluated Function =================
def equation(x: np.ndarray, f1: np.ndarray, params: np.ndarray, d_axis: callable) -> np.ndarray:
    """ Mathematical function for the RHS of an unknown 1D PDE.

    Args:
        x: spatial coordinate grid, shape (Nx, 1).
        f1: the measured field, shape (Nx, Nt).
        params: a fixed-length array of exactly 5 entries. Use only indices 0..4.
        d_axis: spatial derivative. Call d_axis(field, axis, order); axis=0 is x1.

    Return:
        `f1_t_pred`, a numpy array with the grid shape.

    STRICT CONSTRAINT:
        1. SPATIAL DERIVATIVES & MATH: you are a physicist discovering a PDE. Use ONLY
           the provided d_axis(field, axis, order) for derivatives (max order 4), with
           axis=0 for the single spatial coordinate x1. For mathematical functions you
           are STRICTLY LIMITED to np.sin, np.cos, np.tanh and np.exp. Do not call any
           other np.* routine, do not import anything, and do not write numerical
           algorithms. Ordinary arithmetic (+ - * / **) and params[0..4] are free.
        2. OUTPUT FORMAT: write the complete formula, assign it to f1_t_pred, and
           strictly end with return f1_t_pred. No placeholders.
        3. PARETO EVOLUTION: the frontier trades MSE against complexity. Complexity
           counts the derivative calls, the arithmetic operations and every params
           you use, so the same term written more compactly is preferred.
        4. OPTIMIZATION STRATEGY:{PARETO_FRONTIER_PLACEHOLDER}
    """
    # Geometry bottleneck: tanh profile decreasing along x1
    geometry = 1.0 - params[0] * np.tanh(params[1] * x[:, 0:1])

    # Crowding factor: decreases with field (self-limiting)
    crowding = 1.0 - params[2] * f1

    # Combined multiplicative speed reduction
    speed = geometry * crowding

    # Advection flux with bottleneck
    advection = -d_axis(f1 * speed, 0, 1)

    # Anticipation: relative gradient diffusion (gradient/f1)
    relative_gradient = d_axis(f1, 0, 1) / f1
    diffusion = d_axis(relative_gradient, 0, 1)

    # Combine: advection + anticipation diffusion
    f1_t_pred = advection + params[3] * diffusion

    return f1_t_pred
------------------------------------------------------
MSE          : 3.13e-11
Complexity   : 25
Sample time  : 1.4563743472099304
Evaluate time: 5.219915866851807
Sample orders: 52
======================================================


================= Evaluated Function =================
def equation(x: np.ndarray, f1: np.ndarray, params: np.ndarray, d_axis: callable) -> np.ndarray:
    """ Mathematical function for the RHS of an unknown 1D PDE.

    Args:
        x: spatial coordinate grid, shape (Nx, 1).
        f1: the measured field, shape (Nx, Nt).
        params: a fixed-length array of exactly 5 entries. Use only indices 0..4.
        d_axis: spatial derivative. Call d_axis(field, axis, order); axis=0 is x1.

    Return:
        `f1_t_pred`, a numpy array with the grid shape.

    STRICT CONSTRAINT:
        1. SPATIAL DERIVATIVES & MATH: you are a physicist discovering a PDE. Use ONLY
           the provided d_axis(field, axis, order) for derivatives (max order 4), with
           axis=0 for the single spatial coordinate x1. For mathematical functions you
           are STRICTLY LIMITED to np.sin, np.cos, np.tanh and np.exp. Do not call any
           other np.* routine, do not import anything, and do not write numerical
           algorithms. Ordinary arithmetic (+ - * / **) and params[0..4] are free.
        2. OUTPUT FORMAT: write the complete formula, assign it to f1_t_pred, and
           strictly end with return f1_t_pred. No placeholders.
        3. PARETO EVOLUTION: the frontier trades MSE against complexity. Complexity
           counts the derivative calls, the arithmetic operations and every params
           you use, so the same term written more compactly is preferred.
        4. OPTIMIZATION STRATEGY:{PARETO_FRONTIER_PLACEHOLDER}
    """
    # Self-limiting transport: geometry bottleneck (tanh) × crowding (linear)
    geometry = 1.0 - params[0] * np.tanh(params[1] * x)
    crowding = 1.0 - params[2] * f1

    # Advection with multiplicative speed reductions (negative divergence)
    advection = -d_axis(f1 * geometry * crowding, 0, 1)

    # Anticipation via relative gradient diffusion (gradient divided by field)
    diffusion = d_axis(d_axis(f1, 0, 1) / f1, 0, 1)

    # Combine transport and anticipation with free coefficient
    f1_t_pred = advection + params[3] * diffusion

    return f1_t_pred
------------------------------------------------------
MSE          : 3.13e-11
Complexity   : 22
Sample time  : 4.271249949932098
Evaluate time: 5.61426043510437
Sample orders: 53
======================================================


================= Evaluated Function =================
def equation(x: np.ndarray, f1: np.ndarray, params: np.ndarray, d_axis: callable) -> np.ndarray:
    """ Mathematical function for the RHS of an unknown 1D PDE.

    Args:
        x: spatial coordinate grid, shape (Nx, 1).
        f1: the measured field, shape (Nx, Nt).
        params: a fixed-length array of exactly 5 entries. Use only indices 0..4.
        d_axis: spatial derivative. Call d_axis(field, axis, order); axis=0 is x1.

    Return:
        `f1_t_pred`, a numpy array with the grid shape.

    STRICT CONSTRAINT:
        1. SPATIAL DERIVATIVES & MATH: you are a physicist discovering a PDE. Use ONLY
           the provided d_axis(field, axis, order) for derivatives (max order 4), with
           axis=0 for the single spatial coordinate x1. For mathematical functions you
           are STRICTLY LIMITED to np.sin, np.cos, np.tanh and np.exp. Do not call any
           other np.* routine, do not import anything, and do not write numerical
           algorithms. Ordinary arithmetic (+ - * / **) and params[0..4] are free.
        2. OUTPUT FORMAT: write the complete formula, assign it to f1_t_pred, and
           strictly end with return f1_t_pred. No placeholders.
        3. PARETO EVOLUTION: the frontier trades MSE against complexity. Complexity
           counts the derivative calls, the arithmetic operations and every params
           you use, so the same term written more compactly is preferred.
        4. OPTIMIZATION STRATEGY:{PARETO_FRONTIER_PLACEHOLDER}
    """
    # Geometry bottleneck: tanh profile for channel narrowing
    geometry = 1.0 - params[0] * np.tanh(params[1] * x)

    # Crowding factor: linear decrease with field
    crowding = 1.0 - params[2] * f1

    # Combined multiplicative speed reduction
    speed = geometry * crowding

    # Advection flux (negative divergence for transport)
    advection = -d_axis(f1 * speed, 0, 1)

    # Anticipation: relative gradient diffusion (gradient divided by field)
    relative_gradient = d_axis(f1, 0, 1) / f1
    diffusion = d_axis(relative_gradient, 0, 1)

    # Combine advection and anticipation diffusion
    f1_t_pred = advection + params[3] * diffusion

    return f1_t_pred
------------------------------------------------------
MSE          : 3.13e-11
Complexity   : 21
Sample time  : 4.271249949932098
Evaluate time: 5.603959798812866
Sample orders: 54
======================================================


================= Evaluated Function =================
def equation(x: np.ndarray, f1: np.ndarray, params: np.ndarray, d_axis: callable) -> np.ndarray:
    """ Mathematical function for the RHS of an unknown 1D PDE.

    Args:
        x: spatial coordinate grid, shape (Nx, 1).
        f1: the measured field, shape (Nx, Nt).
        params: a fixed-length array of exactly 5 entries. Use only indices 0..4.
        d_axis: spatial derivative. Call d_axis(field, axis, order); axis=0 is x1.

    Return:
        `f1_t_pred`, a numpy array with the grid shape.

    STRICT CONSTRAINT:
        1. SPATIAL DERIVATIVES & MATH: you are a physicist discovering a PDE. Use ONLY
           the provided d_axis(field, axis, order) for derivatives (max order 4), with
           axis=0 for the single spatial coordinate x1. For mathematical functions you
           are STRICTLY LIMITED to np.sin, np.cos, np.tanh and np.exp. Do not call any
           other np.* routine, do not import anything, and do not write numerical
           algorithms. Ordinary arithmetic (+ - * / **) and params[0..4] are free.
        2. OUTPUT FORMAT: write the complete formula, assign it to f1_t_pred, and
           strictly end with return f1_t_pred. No placeholders.
        3. PARETO EVOLUTION: the frontier trades MSE against complexity. Complexity
           counts the derivative calls, the arithmetic operations and every params
           you use, so the same term written more compactly is preferred.
        4. OPTIMIZATION STRATEGY:{PARETO_FRONTIER_PLACEHOLDER}
    """
    # Geometry bottleneck: tanh profile for channel narrowing along x1
    # Channel widest at one end, narrows towards other end
    geometry = 1.0 - params[0] * np.tanh(params[1] * x[:, 0:1])

    # Crowding factor: linear decrease with field strength
    # Self-limiting: more field means slower transport
    crowding = 1.0 - params[2] * f1

    # Combined speed reduction (multiplicative, independent factors)
    speed = geometry * crowding

    # Advection flux with transport (negative divergence for right-moving flow)
    flux = f1 * speed
    advection = -d_axis(flux, 0, 1)

    # Anticipation: relative gradient diffusion
    # Uses gradient divided by field (relative, not absolute)
    f1_safe = f1 + 1e-10  # avoid division by zero
    relative_gradient = d_axis(f1, 0, 1) / f1_safe
    diffusion = d_axis(relative_gradient, 0, 1)

    # Combine advection and anticipation diffusion
    # Diffusion coefficient should be positive for stability
    f1_t_pred = advection + params[3] * diffusion

    return f1_t_pred✅ [EVALUATED] MSE: 3.13e-11 | Params: [0.5  1.   1.   0.05 1.  ]
✅ [EVALUATED] MSE: 3.13e-11 | Params: [0.5  1.   1.   0.05 1.  ]
✅ [EVALUATED] MSE: 3.13e-11 | Params: [0.5  1.   1.   0.05 1.  ]

------------------------------------------------------
MSE          : 3.13e-11
Complexity   : 25
Sample time  : 4.271249949932098
Evaluate time: 5.952866315841675
Sample orders: 55
======================================================


================= Evaluated Function =================
def equation(x: np.ndarray, f1: np.ndarray, params: np.ndarray, d_axis: callable) -> np.ndarray:
    """ Mathematical function for the RHS of an unknown 1D PDE.

    Args:
        x: spatial coordinate grid, shape (Nx, 1).
        f1: the measured field, shape (Nx, Nt).
        params: a fixed-length array of exactly 5 entries. Use only indices 0..4.
        d_axis: spatial derivative. Call d_axis(field, axis, order); axis=0 is x1.

    Return:
        `f1_t_pred`, a numpy array with the grid shape.

    STRICT CONSTRAINT:
        1. SPATIAL DERIVATIVES & MATH: you are a physicist discovering a PDE. Use ONLY
           the provided d_axis(field, axis, order) for derivatives (max order 4), with
           axis=0 for the single spatial coordinate x1. For mathematical functions you
           are STRICTLY LIMITED to np.sin, np.cos, np.tanh and np.exp. Do not call any
           other np.* routine, do not import anything, and do not write numerical
           algorithms. Ordinary arithmetic (+ - * / **) and params[0..4] are free.
        2. OUTPUT FORMAT: write the complete formula, assign it to f1_t_pred, and
           strictly end with return f1_t_pred. No placeholders.
        3. PARETO EVOLUTION: the frontier trades MSE against complexity. Complexity
           counts the derivative calls, the arithmetic operations and every params
           you use, so the same term written more compactly is preferred.
        4. OPTIMIZATION STRATEGY:{PARETO_FRONTIER_PLACEHOLDER}
    """
    # Geometry bottleneck: tanh profile (smooth one-sided narrowing)
    geometry = 1.0 - params[0] * np.tanh(params[1] * x)

    # Crowding factor: linear reduction with field
    crowding = 1.0 - params[2] * f1

    # Combined speed = geometry * crowding (independent multiplicative factors)
    speed = geometry * crowding

    # Advection flux: f1 transported at this speed
    flux = f1 * speed

    # Transport: divergence of flux (negative since geometry narrows)
    f1_t_pred = -d_axis(flux, 0, 1)

    # Anticipation: relative gradient diffusion (gradient/f1)
    f1_t_pred += params[3] * d_axis(d_axis(f1, 0, 1) / f1, 0, 1)

    return f1_t_pred
------------------------------------------------------
MSE          : 3.13e-11
Complexity   : 25
Sample time  : 4.271249949932098
Evaluate time: 5.839349031448364
Sample orders: 56
======================================================


================= Evaluated Function =================
def equation(x: np.ndarray, f1: np.ndarray, params: np.ndarray, d_axis: callable) -> np.ndarray:
    """ Mathematical function for the RHS of an unknown 1D PDE.

    Args:
        x: spatial coordinate grid, shape (Nx, 1).
        f1: the measured field, shape (Nx, Nt).
        params: a fixed-length array of exactly 5 entries. Use only indices 0..4.
        d_axis: spatial derivative. Call d_axis(field, axis, order); axis=0 is x1.

    Return:
        `f1_t_pred`, a numpy array with the grid shape.

    STRICT CONSTRAINT:
        1. SPATIAL DERIVATIVES & MATH: you are a physicist discovering a PDE. Use ONLY
           the provided d_axis(field, axis, order) for derivatives (max order 4), with
           axis=0 for the single spatial coordinate x1. For mathematical functions you
           are STRICTLY LIMITED to np.sin, np.cos, np.tanh and np.exp. Do not call any
           other np.* routine, do not import anything, and do not write numerical
           algorithms. Ordinary arithmetic (+ - * / **) and params[0..4] are free.
        2. OUTPUT FORMAT: write the complete formula, assign it to f1_t_pred, and
           strictly end with return f1_t_pred. No placeholders.
        3. PARETO EVOLUTION: the frontier trades MSE against complexity. Complexity
           counts the derivative calls, the arithmetic operations and every params
           you use, so the same term written more compactly is preferred.
        4. OPTIMIZATION STRATEGY:{PARETO_FRONTIER_PLACEHOLDER}
    """
    # Geometry bottleneck: tanh profile for channel narrowing along x1
    geometry = 1.0 - params[0] * np.tanh(params[1] * x[:, 0:1])

    # Crowding factor: linear decrease with field, always positive
    crowding = 1.0 - params[2] * f1

    # Combined multiplicative speed reduction (independent factors)
    speed = geometry * crowding

    # Advection flux
    flux = f1 * speed

    # Advection contribution (negative divergence for transport)
    advection = -d_axis(flux, 0, 1)

    # Anticipation: relative gradient diffusion (gradient divided by field)
    relative_gradient = d_axis(f1, 0, 1) / f1
    diffusion = d_axis(relative_gradient, 0, 1)

    # Combine all terms
    f1_t_pred = advection + params[3] * diffusion

    return f1_t_pred
------------------------------------------------------
MSE          : 3.13e-11
Complexity   : 21
Sample time  : 1.4660200476646423
Evaluate time: 5.452266216278076
Sample orders: 57
======================================================


================= Evaluated Function =================
def equation(x: np.ndarray, f1: np.ndarray, params: np.ndarray, d_axis: callable) -> np.ndarray:
    """ Mathematical function for the RHS of an unknown 1D PDE.

    Args:
        x: spatial coordinate grid, shape (Nx, 1).
        f1: the measured field, shape (Nx, Nt).
        params: a fixed-length array of exactly 5 entries. Use only indices 0..4.
        d_axis: spatial derivative. Call d_axis(field, axis, order); axis=0 is x1.

    Return:
        `f1_t_pred`, a numpy array with the grid shape.

    STRICT CONSTRAINT:
        1. SPATIAL DERIVATIVES & MATH: you are a physicist discovering a PDE. Use ONLY
           the provided d_axis(field, axis, order) for derivatives (max order 4), with
           axis=0 for the single spatial coordinate x1. For mathematical functions you
           are STRICTLY LIMITED to np.sin, np.cos, np.tanh and np.exp. Do not call any
           other np.* routine, do not import anything, and do not write numerical
           algorithms. Ordinary arithmetic (+ - * / **) and params[0..4] are free.
        2. OUTPUT FORMAT: write the complete formula, assign it to f1_t_pred, and
           strictly end with return f1_t_pred. No placeholders.
        3. PARETO EVOLUTION: the frontier trades MSE against complexity. Complexity
           counts the derivative calls, the arithmetic operations and every params
           you use, so the same term written more compactly is preferred.
        4. OPTIMIZATION STRATEGY:{PARETO_FRONTIER_PLACEHOLDER}
    """
    # Geometry bottleneck: tanh profile for channel narrowing
    geometry = 1.0 - params[0] * np.tanh(params[1] * x)

    # Crowding factor: linear decrease with field
    crowding = 1.0 - params[2] * f1

    # Combined multiplicative speed reduction
    speed = geometry * crowding

    # Advection flux (negative divergence for transport)
    advection = -d_axis(f1 * speed, 0, 1)

    # Anticipation: relative gradient diffusion
    relative_gradient = d_axis(f1, 0, 1) / f1
    diffusion = d_axis(relative_gradient, 0, 1)

    # Combine all terms
    f1_t_pred = advection + params[3] * diffusion

    return f1_t_pred
------------------------------------------------------
MSE          : 3.13e-11
Complexity   : 21
Sample time  : 1.4660200476646423
Evaluate time: 5.401756048202515
Sample orders: 58
======================================================


🚫 [UNPARSABLE] the reply carried no executable body; draw dropped
✅ [EVALUATED] MSE: 3.13e-11 | Params: [0.5  1.   1.   0.05 1.  ]
✅ [EVALUATED] MSE: 3.13e-11 | Params: [0.5  1.   1.   0.05 1.  ]
✅ [EVALUATED] MSE: 3.13e-11 | Params: [0.5  1.   1.   0.05 1.  ]
================= Evaluated Function =================
def equation(x: np.ndarray, f1: np.ndarray, params: np.ndarray, d_axis: callable) -> np.ndarray:
    """ Mathematical function for the RHS of an unknown 1D PDE.

    Args:
        x: spatial coordinate grid, shape (Nx, 1).
        f1: the measured field, shape (Nx, Nt).
        params: a fixed-length array of exactly 5 entries. Use only indices 0..4.
        d_axis: spatial derivative. Call d_axis(field, axis, order); axis=0 is x1.

    Return:
        `f1_t_pred`, a numpy array with the grid shape.

    STRICT CONSTRAINT:
        1. SPATIAL DERIVATIVES & MATH: you are a physicist discovering a PDE. Use ONLY
           the provided d_axis(field, axis, order) for derivatives (max order 4), with
           axis=0 for the single spatial coordinate x1. For mathematical functions you
           are STRICTLY LIMITED to np.sin, np.cos, np.tanh and np.exp. Do not call any
           other np.* routine, do not import anything, and do not write numerical
           algorithms. Ordinary arithmetic (+ - * / **) and params[0..4] are free.
        2. OUTPUT FORMAT: write the complete formula, assign it to f1_t_pred, and
           strictly end with return f1_t_pred. No placeholders.
        3. PARETO EVOLUTION: the frontier trades MSE against complexity. Complexity
           counts the derivative calls, the arithmetic operations and every params
           you use, so the same term written more compactly is preferred.
        4. OPTIMIZATION STRATEGY:{PARETO_FRONTIER_PLACEHOLDER}
    """
    # Geometry bottleneck: tanh profile for channel narrowing (params[0]=depth, params[1]=sharpness)
    geometry = 1.0 - params[0] * np.tanh(params[1] * x[:, 0:1])

    # Crowding factor: linear decrease with field, always positive
    crowding = 1.0 - params[2] * f1

    # Combined multiplicative speed reduction
    speed = geometry * crowding

    # Advection flux with negative divergence for transport
    flux = f1 * speed
    advection = -d_axis(flux, 0, 1)

    # Anticipation: relative gradient diffusion (gradient divided by field)
    relative_gradient = d_axis(f1, 0, 1) / f1
    diffusion = d_axis(relative_gradient, 0, 1)

    # Combine advection and anticipation diffusion
    f1_t_pred = advection + params[3] * diffusion

    return f1_t_pred
------------------------------------------------------
MSE          : 3.13e-11
Complexity   : 23
Sample time  : 1.4660200476646423
Evaluate time: 5.693628549575806
Sample orders: 60
======================================================


================= Evaluated Function =================
def equation(x: np.ndarray, f1: np.ndarray, params: np.ndarray, d_axis: callable) -> np.ndarray:
    """ Mathematical function for the RHS of an unknown 1D PDE.

    Args:
        x: spatial coordinate grid, shape (Nx, 1).
        f1: the measured field, shape (Nx, Nt).
        params: a fixed-length array of exactly 5 entries. Use only indices 0..4.
        d_axis: spatial derivative. Call d_axis(field, axis, order); axis=0 is x1.

    Return:
        `f1_t_pred`, a numpy array with the grid shape.

    STRICT CONSTRAINT:
        1. SPATIAL DERIVATIVES & MATH: you are a physicist discovering a PDE. Use ONLY
           the provided d_axis(field, axis, order) for derivatives (max order 4), with
           axis=0 for the single spatial coordinate x1. For mathematical functions you
           are STRICTLY LIMITED to np.sin, np.cos, np.tanh and np.exp. Do not call any
           other np.* routine, do not import anything, and do not write numerical
           algorithms. Ordinary arithmetic (+ - * / **) and params[0..4] are free.
        2. OUTPUT FORMAT: write the complete formula, assign it to f1_t_pred, and
           strictly end with return f1_t_pred. No placeholders.
        3. PARETO EVOLUTION: the frontier trades MSE against complexity. Complexity
           counts the derivative calls, the arithmetic operations and every params
           you use, so the same term written more compactly is preferred.
        4. OPTIMIZATION STRATEGY:{PARETO_FRONTIER_PLACEHOLDER}
    """
    # Geometry bottleneck: tanh profile for channel narrowing along x1
    geometry = 1.0 - params[0] * np.tanh(params[1] * x[:, 0:1])

    # Crowding factor: linear decrease with field, always positive
    crowding = 1.0 - params[2] * f1

    # Combined multiplicative speed reduction (independent factors)
    speed = geometry * crowding

    # Advection flux (negative divergence for transport)
    flux = f1 * speed

    # Advection contribution
    advection = -d_axis(flux, 0, 1)

    # Anticipation: relative gradient diffusion (gradient divided by field)
    relative_gradient = d_axis(f1, 0, 1) / f1
    diffusion = d_axis(relative_gradient, 0, 1)

    # Combine advection and anticipation diffusion
    f1_t_pred = advection + params[3] * diffusion

    return f1_t_pred
------------------------------------------------------
MSE          : 3.13e-11
Complexity   : 21
Sample time  : 2.028628170490265
Evaluate time: 5.854423999786377
Sample orders: 61
======================================================


================= Evaluated Function =================
def equation(x: np.ndarray, f1: np.ndarray, params: np.ndarray, d_axis: callable) -> np.ndarray:
    """ Mathematical function for the RHS of an unknown 1D PDE.

    Args:
        x: spatial coordinate grid, shape (Nx, 1).
        f1: the measured field, shape (Nx, Nt).
        params: a fixed-length array of exactly 5 entries. Use only indices 0..4.
        d_axis: spatial derivative. Call d_axis(field, axis, order); axis=0 is x1.

    Return:
        `f1_t_pred`, a numpy array with the grid shape.

    STRICT CONSTRAINT:
        1. SPATIAL DERIVATIVES & MATH: you are a physicist discovering a PDE. Use ONLY
           the provided d_axis(field, axis, order) for derivatives (max order 4), with
           axis=0 for the single spatial coordinate x1. For mathematical functions you
           are STRICTLY LIMITED to np.sin, np.cos, np.tanh and np.exp. Do not call any
           other np.* routine, do not import anything, and do not write numerical
           algorithms. Ordinary arithmetic (+ - * / **) and params[0..4] are free.
        2. OUTPUT FORMAT: write the complete formula, assign it to f1_t_pred, and
           strictly end with return f1_t_pred. No placeholders.
        3. PARETO EVOLUTION: the frontier trades MSE against complexity. Complexity
           counts the derivative calls, the arithmetic operations and every params
           you use, so the same term written more compactly is preferred.
        4. OPTIMIZATION STRATEGY:{PARETO_FRONTIER_PLACEHOLDER}
    """
    # Combined multiplicative speed reduction: geometry (tanh profile) and crowding (linear in f1)
    speed = (1.0 - params[0] * np.tanh(params[1] * x[:, 0:1])) * (1.0 - params[2] * f1)

    # Advection flux with negative divergence for transport
    advection = -d_axis(f1 * speed, 0, 1)

    # Anticipation: relative gradient diffusion (gradient divided by field)
    relative_gradient = d_axis(f1, 0, 1) / f1
    diffusion = d_axis(relative_gradient, 0, 1)

    # Combine transport and anticipation
    f1_t_pred = advection + params[3] * diffusion

    return f1_t_pred
------------------------------------------------------
MSE          : 3.13e-11
Complexity   : 21
Sample time  : 2.028628170490265
Evaluate time: 5.626543998718262
Sample orders: 62
======================================================


🚫 [UNPARSABLE] the reply carried no executable body; draw dropped
✅ [EVALUATED] MSE: 1.53e-03 | Params: [-0.685912  0.211488  3.356108  0.095677  1.      ]
✅ [EVALUATED] MSE: 3.13e-11 | Params: [0.5  1.   1.   0.05 1.  ]
✅ [EVALUATED] MSE: 3.13e-11 | Params: [0.5  1.   1.   0.05 1.  ]
✅ [EVALUATED] MSE: 3.13e-11 | Params: [0.5  1.   1.   0.05 1.  ]
================= Evaluated Function =================
def equation(x: np.ndarray, f1: np.ndarray, params: np.ndarray, d_axis: callable) -> np.ndarray:
    """ Mathematical function for the RHS of an unknown 1D PDE.

    Args:
        x: spatial coordinate grid, shape (Nx, 1).
        f1: the measured field, shape (Nx, Nt).
        params: a fixed-length array of exactly 5 entries. Use only indices 0..4.
        d_axis: spatial derivative. Call d_axis(field, axis, order); axis=0 is x1.

    Return:
        `f1_t_pred`, a numpy array with the grid shape.

    STRICT CONSTRAINT:
        1. SPATIAL DERIVATIVES & MATH: you are a physicist discovering a PDE. Use ONLY
           the provided d_axis(field, axis, order) for derivatives (max order 4), with
           axis=0 for the single spatial coordinate x1. For mathematical functions you
           are STRICTLY LIMITED to np.sin, np.cos, np.tanh and np.exp. Do not call any
           other np.* routine, do not import anything, and do not write numerical
           algorithms. Ordinary arithmetic (+ - * / **) and params[0..4] are free.
        2. OUTPUT FORMAT: write the complete formula, assign it to f1_t_pred, and
           strictly end with return f1_t_pred. No placeholders.
        3. PARETO EVOLUTION: the frontier trades MSE against complexity. Complexity
           counts the derivative calls, the arithmetic operations and every params
           you use, so the same term written more compactly is preferred.
        4. OPTIMIZATION STRATEGY:{PARETO_FRONTIER_PLACEHOLDER}
    """
    # Geometry bottleneck: tanh profile decreasing along x1
    geometry = 1.0 - params[0] * np.tanh(params[1] * x[:, 0:1])

    # Crowding factor: linear decrease with field, always positive
    crowding = 1.0 - params[2] * f1

    # Combined multiplicative speed reduction
    speed = geometry * crowding

    # Advection flux (positive transport)
    flux = f1 * speed

    # Advection contribution
    advection = d_axis(flux, 0, 1)

    # Anticipation: relative gradient diffusion (gradient divided by field)
    relative_gradient = d_axis(f1, 0, 1) / f1
    diffusion = d_axis(relative_gradient, 0, 1)

    # Combine advection and anticipation diffusion
    f1_t_pred = advection + params[3] * diffusion

    return f1_t_pred
------------------------------------------------------
MSE          : 1.53e-03
Complexity   : 21
Sample time  : 2.028628170490265
Evaluate time: 8.75071096420288
Sample orders: 64
======================================================


================= Evaluated Function =================
def equation(x: np.ndarray, f1: np.ndarray, params: np.ndarray, d_axis: callable) -> np.ndarray:
    """ Mathematical function for the RHS of an unknown 1D PDE.

    Args:
        x: spatial coordinate grid, shape (Nx, 1).
        f1: the measured field, shape (Nx, Nt).
        params: a fixed-length array of exactly 5 entries. Use only indices 0..4.
        d_axis: spatial derivative. Call d_axis(field, axis, order); axis=0 is x1.

    Return:
        `f1_t_pred`, a numpy array with the grid shape.

    STRICT CONSTRAINT:
        1. SPATIAL DERIVATIVES & MATH: you are a physicist discovering a PDE. Use ONLY
           the provided d_axis(field, axis, order) for derivatives (max order 4), with
           axis=0 for the single spatial coordinate x1. For mathematical functions you
           are STRICTLY LIMITED to np.sin, np.cos, np.tanh and np.exp. Do not call any
           other np.* routine, do not import anything, and do not write numerical
           algorithms. Ordinary arithmetic (+ - * / **) and params[0..4] are free.
        2. OUTPUT FORMAT: write the complete formula, assign it to f1_t_pred, and
           strictly end with return f1_t_pred. No placeholders.
        3. PARETO EVOLUTION: the frontier trades MSE against complexity. Complexity
           counts the derivative calls, the arithmetic operations and every params
           you use, so the same term written more compactly is preferred.
        4. OPTIMIZATION STRATEGY:{PARETO_FRONTIER_PLACEHOLDER}
    """
    # Geometry bottleneck: tanh profile for channel narrowing
    geometry = 1.0 - params[0] * np.tanh(params[1] * x[:, 0:1])

    # Crowding factor: linear decrease with field
    crowding = 1.0 - params[2] * f1

    # Combined multiplicative speed reduction and advection flux
    # Negative divergence for transport (self-limiting speed)
    advection = -d_axis(f1 * geometry * crowding, 0, 1)

    # Anticipation: relative gradient diffusion (gradient divided by field)
    # Use small epsilon to avoid division by zero
    epsilon = 1e-10
    diffusion = d_axis(d_axis(f1, 0, 1) / (f1 + epsilon), 0, 1)

    # Combine advection and anticipation diffusion
    f1_t_pred = advection + params[3] * diffusion

    return f1_t_pred
------------------------------------------------------
MSE          : 3.13e-11
Complexity   : 24
Sample time  : 1.819564402103424
Evaluate time: 5.292441129684448
Sample orders: 65
======================================================


================= Evaluated Function =================
def equation(x: np.ndarray, f1: np.ndarray, params: np.ndarray, d_axis: callable) -> np.ndarray:
    """ Mathematical function for the RHS of an unknown 1D PDE.

    Args:
        x: spatial coordinate grid, shape (Nx, 1).
        f1: the measured field, shape (Nx, Nt).
        params: a fixed-length array of exactly 5 entries. Use only indices 0..4.
        d_axis: spatial derivative. Call d_axis(field, axis, order); axis=0 is x1.

    Return:
        `f1_t_pred`, a numpy array with the grid shape.

    STRICT CONSTRAINT:
        1. SPATIAL DERIVATIVES & MATH: you are a physicist discovering a PDE. Use ONLY
           the provided d_axis(field, axis, order) for derivatives (max order 4), with
           axis=0 for the single spatial coordinate x1. For mathematical functions you
           are STRICTLY LIMITED to np.sin, np.cos, np.tanh and np.exp. Do not call any
           other np.* routine, do not import anything, and do not write numerical
           algorithms. Ordinary arithmetic (+ - * / **) and params[0..4] are free.
        2. OUTPUT FORMAT: write the complete formula, assign it to f1_t_pred, and
           strictly end with return f1_t_pred. No placeholders.
        3. PARETO EVOLUTION: the frontier trades MSE against complexity. Complexity
           counts the derivative calls, the arithmetic operations and every params
           you use, so the same term written more compactly is preferred.
        4. OPTIMIZATION STRATEGY:{PARETO_FRONTIER_PLACEHOLDER}
    """
    # Geometry bottleneck: tanh profile for channel narrowing (one-sided)
    geometry = 1.0 - params[0] * np.tanh(params[1] * x[:, 0:1])

    # Crowding factor: linear decrease with field, always positive
    crowding = 1.0 - params[2] * f1

    # Combined multiplicative speed reduction (independent factors)
    speed = geometry * crowding

    # Advection flux (negative divergence for transport)
    advection = -d_axis(f1 * speed, 0, 1)

    # Anticipation: relative gradient diffusion (gradient divided by field)
    relative_gradient = d_axis(f1, 0, 1) / f1
    diffusion = d_axis(relative_gradient, 0, 1)

    # Combine advection and anticipation diffusion
    f1_t_pred = advection + params[3] * diffusion

    return f1_t_pred
------------------------------------------------------
MSE          : 3.13e-11
Complexity   : 22
Sample time  : 1.819564402103424
Evaluate time: 5.503155946731567
Sample orders: 66
======================================================


================= Evaluated Function =================
def equation(x: np.ndarray, f1: np.ndarray, params: np.ndarray, d_axis: callable) -> np.ndarray:
    """ Mathematical function for the RHS of an unknown 1D PDE.

    Args:
        x: spatial coordinate grid, shape (Nx, 1).
        f1: the measured field, shape (Nx, Nt).
        params: a fixed-length array of exactly 5 entries. Use only indices 0..4.
        d_axis: spatial derivative. Call d_axis(field, axis, order); axis=0 is x1.

    Return:
        `f1_t_pred`, a numpy array with the grid shape.

    STRICT CONSTRAINT:
        1. SPATIAL DERIVATIVES & MATH: you are a physicist discovering a PDE. Use ONLY
           the provided d_axis(field, axis, order) for derivatives (max order 4), with
           axis=0 for the single spatial coordinate x1. For mathematical functions you
           are STRICTLY LIMITED to np.sin, np.cos, np.tanh and np.exp. Do not call any
           other np.* routine, do not import anything, and do not write numerical
           algorithms. Ordinary arithmetic (+ - * / **) and params[0..4] are free.
        2. OUTPUT FORMAT: write the complete formula, assign it to f1_t_pred, and
           strictly end with return f1_t_pred. No placeholders.
        3. PARETO EVOLUTION: the frontier trades MSE against complexity. Complexity
           counts the derivative calls, the arithmetic operations and every params
           you use, so the same term written more compactly is preferred.
        4. OPTIMIZATION STRATEGY:{PARETO_FRONTIER_PLACEHOLDER}
    """
    # Geometry bottleneck: tanh profile for channel narrowing
    geometry = 1.0 - params[0] * np.tanh(params[1] * x)

    # Crowding factor: linear decrease with field
    crowding = 1.0 - params[2] * f1

    # Combined multiplicative speed reduction and advection flux
    advection = -d_axis(f1 * geometry * crowding, 0, 1)

    # Anticipation: relative gradient diffusion
    diffusion = d_axis(d_axis(f1, 0, 1) / f1, 0, 1)

    # Combine both effects
    f1_t_pred = advection + params[3] * diffusion

    return f1_t_pred✅ [EVALUATED] MSE: 3.13e-11 | Params: [0.5  1.   1.   0.05 1.  ]
✅ [EVALUATED] MSE: 3.13e-11 | Params: [0.5  1.   1.   0.05 1.  ]
✅ [EVALUATED] MSE: 3.13e-11 | Params: [0.5  1.   1.   0.05 1.  ]
✅ [EVALUATED] MSE: 3.13e-11 | Params: [0.5  1.   1.   0.05 1.  ]

------------------------------------------------------
MSE          : 3.13e-11
Complexity   : 21
Sample time  : 1.819564402103424
Evaluate time: 5.72927713394165
Sample orders: 67
======================================================


================= Evaluated Function =================
def equation(x: np.ndarray, f1: np.ndarray, params: np.ndarray, d_axis: callable) -> np.ndarray:
    """ Mathematical function for the RHS of an unknown 1D PDE.

    Args:
        x: spatial coordinate grid, shape (Nx, 1).
        f1: the measured field, shape (Nx, Nt).
        params: a fixed-length array of exactly 5 entries. Use only indices 0..4.
        d_axis: spatial derivative. Call d_axis(field, axis, order); axis=0 is x1.

    Return:
        `f1_t_pred`, a numpy array with the grid shape.

    STRICT CONSTRAINT:
        1. SPATIAL DERIVATIVES & MATH: you are a physicist discovering a PDE. Use ONLY
           the provided d_axis(field, axis, order) for derivatives (max order 4), with
           axis=0 for the single spatial coordinate x1. For mathematical functions you
           are STRICTLY LIMITED to np.sin, np.cos, np.tanh and np.exp. Do not call any
           other np.* routine, do not import anything, and do not write numerical
           algorithms. Ordinary arithmetic (+ - * / **) and params[0..4] are free.
        2. OUTPUT FORMAT: write the complete formula, assign it to f1_t_pred, and
           strictly end with return f1_t_pred. No placeholders.
        3. PARETO EVOLUTION: the frontier trades MSE against complexity. Complexity
           counts the derivative calls, the arithmetic operations and every params
           you use, so the same term written more compactly is preferred.
        4. OPTIMIZATION STRATEGY:{PARETO_FRONTIER_PLACEHOLDER}
    """
    # Geometry bottleneck: tanh profile decreasing along x1
    geometry = 1.0 - params[0] * np.tanh(params[1] * x[:, 0:1])

    # Crowding factor: linear decrease with field
    crowding = 1.0 - params[2] * f1

    # Combined multiplicative speed reduction
    speed = geometry * crowding

    # Advection flux with negative divergence for transport
    advection = -d_axis(f1 * speed, 0, 1)

    # Anticipation: relative gradient diffusion
    relative_gradient = d_axis(f1, 0, 1) / f1
    diffusion = d_axis(relative_gradient, 0, 1)

    # Combine advection and anticipation diffusion
    f1_t_pred = advection + params[3] * diffusion

    return f1_t_pred
------------------------------------------------------
MSE          : 3.13e-11
Complexity   : 22
Sample time  : 1.819564402103424
Evaluate time: 5.684036016464233
Sample orders: 68
======================================================


================= Evaluated Function =================
def equation(x: np.ndarray, f1: np.ndarray, params: np.ndarray, d_axis: callable) -> np.ndarray:
    """ Mathematical function for the RHS of an unknown 1D PDE.

    Args:
        x: spatial coordinate grid, shape (Nx, 1).
        f1: the measured field, shape (Nx, Nt).
        params: a fixed-length array of exactly 5 entries. Use only indices 0..4.
        d_axis: spatial derivative. Call d_axis(field, axis, order); axis=0 is x1.

    Return:
        `f1_t_pred`, a numpy array with the grid shape.

    STRICT CONSTRAINT:
        1. SPATIAL DERIVATIVES & MATH: you are a physicist discovering a PDE. Use ONLY
           the provided d_axis(field, axis, order) for derivatives (max order 4), with
           axis=0 for the single spatial coordinate x1. For mathematical functions you
           are STRICTLY LIMITED to np.sin, np.cos, np.tanh and np.exp. Do not call any
           other np.* routine, do not import anything, and do not write numerical
           algorithms. Ordinary arithmetic (+ - * / **) and params[0..4] are free.
        2. OUTPUT FORMAT: write the complete formula, assign it to f1_t_pred, and
           strictly end with return f1_t_pred. No placeholders.
        3. PARETO EVOLUTION: the frontier trades MSE against complexity. Complexity
           counts the derivative calls, the arithmetic operations and every params
           you use, so the same term written more compactly is preferred.
        4. OPTIMIZATION STRATEGY:{PARETO_FRONTIER_PLACEHOLDER}
    """
    # Geometry bottleneck: tanh profile (1 at x→-∞, decreases to (1 - a) at x→+∞)
    geometry = 1.0 - params[0] * np.tanh(params[1] * x[:, 0:1])

    # Crowding factor: linear decrease with field, always positive (params[2]*f1 < 1)
    crowding = 1.0 - params[2] * f1

    # Combined multiplicative speed reduction (independent factors)
    speed = geometry * crowding

    # Advection flux with negative divergence for transport
    advection = -d_axis(f1 * speed, 0, 1)

    # Anticipation: relative gradient diffusion (gradient divided by field)
    relative_gradient = d_axis(f1, 0, 1) / (f1 + 1e-10)  # numerical safety
    diffusion = d_axis(relative_gradient, 0, 1)

    # Combine: advection + relative-gradient diffusion
    f1_t_pred = advection + params[3] * diffusion

    return f1_t_pred
------------------------------------------------------
MSE          : 3.13e-11
Complexity   : 30
Sample time  : 1.534504234790802
Evaluate time: 5.7058045864105225
Sample orders: 69
======================================================


================= Evaluated Function =================
def equation(x: np.ndarray, f1: np.ndarray, params: np.ndarray, d_axis: callable) -> np.ndarray:
    """ Mathematical function for the RHS of an unknown 1D PDE.

    Args:
        x: spatial coordinate grid, shape (Nx, 1).
        f1: the measured field, shape (Nx, Nt).
        params: a fixed-length array of exactly 5 entries. Use only indices 0..4.
        d_axis: spatial derivative. Call d_axis(field, axis, order); axis=0 is x1.

    Return:
        `f1_t_pred`, a numpy array with the grid shape.

    STRICT CONSTRAINT:
        1. SPATIAL DERIVATIVES & MATH: you are a physicist discovering a PDE. Use ONLY
           the provided d_axis(field, axis, order) for derivatives (max order 4), with
           axis=0 for the single spatial coordinate x1. For mathematical functions you
           are STRICTLY LIMITED to np.sin, np.cos, np.tanh and np.exp. Do not call any
           other np.* routine, do not import anything, and do not write numerical
           algorithms. Ordinary arithmetic (+ - * / **) and params[0..4] are free.
        2. OUTPUT FORMAT: write the complete formula, assign it to f1_t_pred, and
           strictly end with return f1_t_pred. No placeholders.
        3. PARETO EVOLUTION: the frontier trades MSE against complexity. Complexity
           counts the derivative calls, the arithmetic operations and every params
           you use, so the same term written more compactly is preferred.
        4. OPTIMIZATION STRATEGY:{PARETO_FRONTIER_PLACEHOLDER}
    """
    # Geometry bottleneck: tanh profile for channel narrowing along x1
    geometry = 1.0 - params[0] * np.tanh(params[1] * x)

    # Crowding factor: linear decrease with field, always positive
    crowding = 1.0 - params[2] * f1

    # Combined multiplicative speed reduction (independent factors)
    speed = geometry * crowding

    # Advection flux (negative divergence for transport)
    advection = -d_axis(f1 * speed, 0, 1)

    # Anticipation: relative gradient diffusion (gradient divided by field)
    relative_gradient = d_axis(f1, 0, 1) / f1
    diffusion = d_axis(relative_gradient, 0, 1)

    # Combine advection and anticipation diffusion
    f1_t_pred = advection + params[3] * diffusion

    return f1_t_pred
------------------------------------------------------
MSE          : 3.13e-11
Complexity   : 21
Sample time  : 1.534504234790802
Evaluate time: 5.703255891799927
Sample orders: 70
======================================================


================= Evaluated Function =================
def equation(x: np.ndarray, f1: np.ndarray, params: np.ndarray, d_axis: callable) -> np.ndarray:
    """ Mathematical function for the RHS of an unknown 1D PDE.

    Args:
        x: spatial coordinate grid, shape (Nx, 1).
        f1: the measured field, shape (Nx, Nt).
        params: a fixed-length array of exactly 5 entries. Use only indices 0..4.
        d_axis: spatial derivative. Call d_axis(field, axis, order); axis=0 is x1.

    Return:
        `f1_t_pred`, a numpy array with the grid shape.

    STRICT CONSTRAINT:
        1. SPATIAL DERIVATIVES & MATH: you are a physicist discovering a PDE. Use ONLY
           the provided d_axis(field, axis, order) for derivatives (max order 4), with
           axis=0 for the single spatial coordinate x1. For mathematical functions you
           are STRICTLY LIMITED to np.sin, np.cos, np.tanh and np.exp. Do not call any
           other np.* routine, do not import anything, and do not write numerical
           algorithms. Ordinary arithmetic (+ - * / **) and params[0..4] are free.
        2. OUTPUT FORMAT: write the complete formula, assign it to f1_t_pred, and
           strictly end with return f1_t_pred. No placeholders.
        3. PARETO EVOLUTION: the frontier trades MSE against complexity. Complexity
           counts the derivative calls, the arithmetic operations and every params
           you use, so the same term written more compactly is preferred.
        4. OPTIMIZATION STRATEGY:{PARETO_FRONTIER_PLACEHOLDER}
    """
    # Geometry bottleneck: smooth narrowing along x1 with tanh profile (baseline 1, reduced by tanh)
    geometry = 1.0 - params[0] * np.tanh(params[1] * x)

    # Crowding factor: linear decrease with field, stays positive for f1 < 1/params[2]
    crowding = 1.0 - params[2] * f1

    # Combined speed (multiplicative independent reductions)
    speed = geometry * crowding

    # Advection: negative divergence of flux (flux = f1 * speed)
    advection = -d_axis(f1 * speed, 0, 1)

    # Anticipation: relative gradient diffusion
    # d/dx ( (df/dx) / f ) - the relative gradient as prior specifies
    relative_gradient = d_axis(f1, 0, 1) / f1
    diffusion = d_axis(relative_gradient, 0, 1)

    # Combine both mechanisms
    f1_t_pred = advection + params[3] * diffusion

    return f1_t_pred✅ [EVALUATED] MSE: 3.13e-11 | Params: [0.5  1.   1.   0.05 1.  ]
✅ [EVALUATED] MSE: 3.13e-11 | Params: [0.5  1.   1.   0.05 1.  ]
✅ [EVALUATED] MSE: 3.13e-11 | Params: [0.5  1.   1.   0.05 1.  ]
✅ [EVALUATED] MSE: 3.13e-11 | Params: [0.5  1.   1.   0.05 1.  ]

------------------------------------------------------
MSE          : 3.13e-11
Complexity   : 28
Sample time  : 1.534504234790802
Evaluate time: 5.810580492019653
Sample orders: 71
======================================================


================= Evaluated Function =================
def equation(x: np.ndarray, f1: np.ndarray, params: np.ndarray, d_axis: callable) -> np.ndarray:
    """ Mathematical function for the RHS of an unknown 1D PDE.

    Args:
        x: spatial coordinate grid, shape (Nx, 1).
        f1: the measured field, shape (Nx, Nt).
        params: a fixed-length array of exactly 5 entries. Use only indices 0..4.
        d_axis: spatial derivative. Call d_axis(field, axis, order); axis=0 is x1.

    Return:
        `f1_t_pred`, a numpy array with the grid shape.

    STRICT CONSTRAINT:
        1. SPATIAL DERIVATIVES & MATH: you are a physicist discovering a PDE. Use ONLY
           the provided d_axis(field, axis, order) for derivatives (max order 4), with
           axis=0 for the single spatial coordinate x1. For mathematical functions you
           are STRICTLY LIMITED to np.sin, np.cos, np.tanh and np.exp. Do not call any
           other np.* routine, do not import anything, and do not write numerical
           algorithms. Ordinary arithmetic (+ - * / **) and params[0..4] are free.
        2. OUTPUT FORMAT: write the complete formula, assign it to f1_t_pred, and
           strictly end with return f1_t_pred. No placeholders.
        3. PARETO EVOLUTION: the frontier trades MSE against complexity. Complexity
           counts the derivative calls, the arithmetic operations and every params
           you use, so the same term written more compactly is preferred.
        4. OPTIMIZATION STRATEGY:{PARETO_FRONTIER_PLACEHOLDER}
    """
    # Geometry bottleneck: tanh profile (1 at x→-∞, decreasing to (1-a) at x→∞)
    geometry = 1.0 - params[0] * np.tanh(params[1] * x[:, 0:1])

    # Crowding factor: linear decrease with field, bounded positive
    crowding = 1.0 - params[2] * f1

    # Combined multiplicative speed reduction (independent factors)
    speed = geometry * crowding

    # Advection flux with negative divergence (transport)
    advection = -d_axis(f1 * speed, 0, 1)

    # Anticipation: relative gradient diffusion (gradient/field)
    relative_gradient = d_axis(f1, 0, 1) / (f1 + 1e-10)
    diffusion = params[3] * d_axis(relative_gradient, 0, 1)

    f1_t_pred = advection + diffusion
    return f1_t_pred
------------------------------------------------------
MSE          : 3.13e-11
Complexity   : 27
Sample time  : 1.534504234790802
Evaluate time: 5.669480085372925
Sample orders: 72
======================================================


================= Evaluated Function =================
def equation(x: np.ndarray, f1: np.ndarray, params: np.ndarray, d_axis: callable) -> np.ndarray:
    """ Mathematical function for the RHS of an unknown 1D PDE.

    Args:
        x: spatial coordinate grid, shape (Nx, 1).
        f1: the measured field, shape (Nx, Nt).
        params: a fixed-length array of exactly 5 entries. Use only indices 0..4.
        d_axis: spatial derivative. Call d_axis(field, axis, order); axis=0 is x1.

    Return:
        `f1_t_pred`, a numpy array with the grid shape.

    STRICT CONSTRAINT:
        1. SPATIAL DERIVATIVES & MATH: you are a physicist discovering a PDE. Use ONLY
           the provided d_axis(field, axis, order) for derivatives (max order 4), with
           axis=0 for the single spatial coordinate x1. For mathematical functions you
           are STRICTLY LIMITED to np.sin, np.cos, np.tanh and np.exp. Do not call any
           other np.* routine, do not import anything, and do not write numerical
           algorithms. Ordinary arithmetic (+ - * / **) and params[0..4] are free.
        2. OUTPUT FORMAT: write the complete formula, assign it to f1_t_pred, and
           strictly end with return f1_t_pred. No placeholders.
        3. PARETO EVOLUTION: the frontier trades MSE against complexity. Complexity
           counts the derivative calls, the arithmetic operations and every params
           you use, so the same term written more compactly is preferred.
        4. OPTIMIZATION STRATEGY:{PARETO_FRONTIER_PLACEHOLDER}
    """
    # Geometry bottleneck: smooth one-sided narrowing along x1
    geometry = 1.0 - params[0] * np.tanh(params[1] * x[:, 0:1])

    # Crowding: linear self-limiting factor, always positive
    crowding = 1.0 - params[2] * f1

    # Total speed: multiplicative combination of independent reductions
    speed = geometry * crowding

    # Advective flux: field transported at reduced speed
    flux = f1 * speed

    # Advection term (negative divergence for transport)
    advection = -d_axis(flux, 0, 1)

    # Anticipation: relative gradient diffusion (gradient/field, not absolute)
    relative_gradient = d_axis(f1, 0, 1) / f1
    diffusion = d_axis(relative_gradient, 0, 1)

    # Combine: self-limiting advection + anticipation diffusion
    f1_t_pred = advection + params[3] * diffusion

    return f1_t_pred
------------------------------------------------------
MSE          : 3.13e-11
Complexity   : 26
Sample time  : 2.6819661259651184
Evaluate time: 5.882009744644165
Sample orders: 73
======================================================


================= Evaluated Function =================
def equation(x: np.ndarray, f1: np.ndarray, params: np.ndarray, d_axis: callable) -> np.ndarray:
    """ Mathematical function for the RHS of an unknown 1D PDE.

    Args:
        x: spatial coordinate grid, shape (Nx, 1).
        f1: the measured field, shape (Nx, Nt).
        params: a fixed-length array of exactly 5 entries. Use only indices 0..4.
        d_axis: spatial derivative. Call d_axis(field, axis, order); axis=0 is x1.

    Return:
        `f1_t_pred`, a numpy array with the grid shape.

    STRICT CONSTRAINT:
        1. SPATIAL DERIVATIVES & MATH: you are a physicist discovering a PDE. Use ONLY
           the provided d_axis(field, axis, order) for derivatives (max order 4), with
           axis=0 for the single spatial coordinate x1. For mathematical functions you
           are STRICTLY LIMITED to np.sin, np.cos, np.tanh and np.exp. Do not call any
           other np.* routine, do not import anything, and do not write numerical
           algorithms. Ordinary arithmetic (+ - * / **) and params[0..4] are free.
        2. OUTPUT FORMAT: write the complete formula, assign it to f1_t_pred, and
           strictly end with return f1_t_pred. No placeholders.
        3. PARETO EVOLUTION: the frontier trades MSE against complexity. Complexity
           counts the derivative calls, the arithmetic operations and every params
           you use, so the same term written more compactly is preferred.
        4. OPTIMIZATION STRATEGY:{PARETO_FRONTIER_PLACEHOLDER}
    """
    # Geometry bottleneck: tanh profile for channel narrowing along x1
    geometry = 1.0 - params[0] * np.tanh(params[1] * x[:, 0:1])

    # Crowding factor: linear decrease with field, always positive
    crowding = 1.0 - params[2] * f1

    # Combined multiplicative speed reduction (independent factors)
    speed = geometry * crowding

    # Advection flux
    flux = f1 * speed

    # Advection contribution (negative divergence for transport)
    advection = -d_axis(flux, 0, 1)

    # Anticipation: relative gradient diffusion (gradient divided by field)
    relative_gradient = d_axis(f1, 0, 1) / f1
    diffusion = d_axis(relative_gradient, 0, 1)

    # Combine advection and anticipation diffusion
    f1_t_pred = advection + params[3] * diffusion

    return f1_t_pred
------------------------------------------------------
MSE          : 3.13e-11
Complexity   : 21
Sample time  : 2.6819661259651184
Evaluate time: 5.884949207305908
Sample orders: 74
======================================================


================= Evaluated Function =================
def equation(x: np.ndarray, f1: np.ndarray, params: np.ndarray, d_axis: callable) -> np.ndarray:
    """ Mathematical function for the RHS of an unknown 1D PDE.

    Args:
        x: spatial coordinate grid, shape (Nx, 1).
        f1: the measured field, shape (Nx, Nt).
        params: a fixed-length array of exactly 5 entries. Use only indices 0..4.
        d_axis: spatial derivative. Call d_axis(field, axis, order); axis=0 is x1.

    Return:
        `f1_t_pred`, a numpy array with the grid shape.

    STRICT CONSTRAINT:
        1. SPATIAL DERIVATIVES & MATH: you are a physicist discovering a PDE. Use ONLY
           the provided d_axis(field, axis, order) for derivatives (max order 4), with
           axis=0 for the single spatial coordinate x1. For mathematical functions you
           are STRICTLY LIMITED to np.sin, np.cos, np.tanh and np.exp. Do not call any
           other np.* routine, do not import anything, and do not write numerical
           algorithms. Ordinary arithmetic (+ - * / **) and params[0..4] are free.
        2. OUTPUT FORMAT: write the complete formula, assign it to f1_t_pred, and
           strictly end with return f1_t_pred. No placeholders.
        3. PARETO EVOLUTION: the frontier trades MSE against complexity. Complexity
           counts the derivative calls, the arithmetic operations and every params
           you use, so the same term written more compactly is preferred.
        4. OPTIMIZATION STRATEGY:{PARETO_FRONTIER_PLACEHOLDER}
    """
    # Geometry bottleneck: smooth positive profile decreasing along x1
    # Using tanh as the smooth one-sided function as specified
    geometry = 1.0 - params[0] * np.tanh(params[1] * x[:, 0:1])

    # Crowding: linear reduction with field, always positive for physical fields
    crowding = 1.0 - params[2] * f1

    # Combined multiplicative speed (both factors independent)
    speed = geometry * crowding

    # Advection flux (f1 carried at reduced speed)
    flux = f1 * speed

    # Advection contribution: negative divergence for transport
    advection = -d_axis(flux, 0, 1)

    # Anticipation: relative gradient diffusion (gradient/f1)
    # No need for safety since f1 is a physical field (positive)
    relative_gradient = d_axis(f1, 0, 1) / f1
    diffusion = d_axis(relative_gradient, 0, 1)

    # Combine: advection + relative gradient diffusion
    f1_t_pred = advection + params[3] * diffusion

    return f1_t_pred✅ [EVALUATED] MSE: 3.13e-11 | Params: [0.5  1.   1.   0.05 1.  ]
✅ [EVALUATED] MSE: 3.13e-11 | Params: [0.5  1.   1.   0.05 1.  ]
✅ [EVALUATED] MSE: 3.13e-11 | Params: [0.5  1.   1.   0.05 1.  ]
✅ [EVALUATED] MSE: 3.13e-11 | Params: [0.5  1.   1.   0.05 1.  ]

------------------------------------------------------
MSE          : 3.13e-11
Complexity   : 27
Sample time  : 2.6819661259651184
Evaluate time: 5.76475715637207
Sample orders: 75
======================================================


================= Evaluated Function =================
def equation(x: np.ndarray, f1: np.ndarray, params: np.ndarray, d_axis: callable) -> np.ndarray:
    """ Mathematical function for the RHS of an unknown 1D PDE.

    Args:
        x: spatial coordinate grid, shape (Nx, 1).
        f1: the measured field, shape (Nx, Nt).
        params: a fixed-length array of exactly 5 entries. Use only indices 0..4.
        d_axis: spatial derivative. Call d_axis(field, axis, order); axis=0 is x1.

    Return:
        `f1_t_pred`, a numpy array with the grid shape.

    STRICT CONSTRAINT:
        1. SPATIAL DERIVATIVES & MATH: you are a physicist discovering a PDE. Use ONLY
           the provided d_axis(field, axis, order) for derivatives (max order 4), with
           axis=0 for the single spatial coordinate x1. For mathematical functions you
           are STRICTLY LIMITED to np.sin, np.cos, np.tanh and np.exp. Do not call any
           other np.* routine, do not import anything, and do not write numerical
           algorithms. Ordinary arithmetic (+ - * / **) and params[0..4] are free.
        2. OUTPUT FORMAT: write the complete formula, assign it to f1_t_pred, and
           strictly end with return f1_t_pred. No placeholders.
        3. PARETO EVOLUTION: the frontier trades MSE against complexity. Complexity
           counts the derivative calls, the arithmetic operations and every params
           you use, so the same term written more compactly is preferred.
        4. OPTIMIZATION STRATEGY:{PARETO_FRONTIER_PLACEHOLDER}
    """
    # Channel narrowing profile (tanh, one-sided as x1 increases)
    geometry = 1.0 - params[0] * np.tanh(params[1] * x[:, 0:1])

    # Crowding factor (linear decrease with field, always positive)
    crowding = 1.0 - params[2] * f1

    # Transport speed: full speed multiplied by both independent reductions
    speed = geometry * crowding

    # Advective flux and its divergence (negative for transport)
    advection = -d_axis(f1 * speed, 0, 1)

    # Anticipation term: relative gradient diffusion (gradient/f1)
    relative_gradient = d_axis(f1, 0, 1) / f1
    diffusion = d_axis(relative_gradient, 0, 1)

    # Total: advection + anticipation diffusion
    f1_t_pred = advection + params[3] * diffusion

    return f1_t_pred
------------------------------------------------------
MSE          : 3.13e-11
Complexity   : 24
Sample time  : 2.6819661259651184
Evaluate time: 5.324035406112671
Sample orders: 76
======================================================


================= Evaluated Function =================
def equation(x: np.ndarray, f1: np.ndarray, params: np.ndarray, d_axis: callable) -> np.ndarray:
    """ Mathematical function for the RHS of an unknown 1D PDE.

    Args:
        x: spatial coordinate grid, shape (Nx, 1).
        f1: the measured field, shape (Nx, Nt).
        params: a fixed-length array of exactly 5 entries. Use only indices 0..4.
        d_axis: spatial derivative. Call d_axis(field, axis, order); axis=0 is x1.

    Return:
        `f1_t_pred`, a numpy array with the grid shape.

    STRICT CONSTRAINT:
        1. SPATIAL DERIVATIVES & MATH: you are a physicist discovering a PDE. Use ONLY
           the provided d_axis(field, axis, order) for derivatives (max order 4), with
           axis=0 for the single spatial coordinate x1. For mathematical functions you
           are STRICTLY LIMITED to np.sin, np.cos, np.tanh and np.exp. Do not call any
           other np.* routine, do not import anything, and do not write numerical
           algorithms. Ordinary arithmetic (+ - * / **) and params[0..4] are free.
        2. OUTPUT FORMAT: write the complete formula, assign it to f1_t_pred, and
           strictly end with return f1_t_pred. No placeholders.
        3. PARETO EVOLUTION: the frontier trades MSE against complexity. Complexity
           counts the derivative calls, the arithmetic operations and every params
           you use, so the same term written more compactly is preferred.
        4. OPTIMIZATION STRATEGY:{PARETO_FRONTIER_PLACEHOLDER}
    """
    # Geometry bottleneck: tanh profile for channel narrowing
    geometry = 1.0 - params[0] * np.tanh(params[1] * x[:, 0:1])

    # Crowding factor: linear self-limitation
    crowding = 1.0 - params[2] * f1

    # Multiplicative speed reduction (independent factors)
    speed = geometry * crowding

    # Advection flux with combined reduction
    flux = f1 * speed

    # Negative divergence for transport (advection)
    advection = -d_axis(flux, 0, 1)

    # Anticipation: relative gradient diffusion
    relative_gradient = d_axis(f1, 0, 1) / f1
    diffusion = d_axis(relative_gradient, 0, 1)

    # Combine: advection + anticipation diffusion
    f1_t_pred = advection + params[3] * diffusion

    return f1_t_pred
------------------------------------------------------
MSE          : 3.13e-11
Complexity   : 23
Sample time  : 1.9931342601776123
Evaluate time: 5.76386284828186
Sample orders: 77
======================================================


================= Evaluated Function =================
def equation(x: np.ndarray, f1: np.ndarray, params: np.ndarray, d_axis: callable) -> np.ndarray:
    """ Mathematical function for the RHS of an unknown 1D PDE.

    Args:
        x: spatial coordinate grid, shape (Nx, 1).
        f1: the measured field, shape (Nx, Nt).
        params: a fixed-length array of exactly 5 entries. Use only indices 0..4.
        d_axis: spatial derivative. Call d_axis(field, axis, order); axis=0 is x1.

    Return:
        `f1_t_pred`, a numpy array with the grid shape.

    STRICT CONSTRAINT:
        1. SPATIAL DERIVATIVES & MATH: you are a physicist discovering a PDE. Use ONLY
           the provided d_axis(field, axis, order) for derivatives (max order 4), with
           axis=0 for the single spatial coordinate x1. For mathematical functions you
           are STRICTLY LIMITED to np.sin, np.cos, np.tanh and np.exp. Do not call any
           other np.* routine, do not import anything, and do not write numerical
           algorithms. Ordinary arithmetic (+ - * / **) and params[0..4] are free.
        2. OUTPUT FORMAT: write the complete formula, assign it to f1_t_pred, and
           strictly end with return f1_t_pred. No placeholders.
        3. PARETO EVOLUTION: the frontier trades MSE against complexity. Complexity
           counts the derivative calls, the arithmetic operations and every params
           you use, so the same term written more compactly is preferred.
        4. OPTIMIZATION STRATEGY:{PARETO_FRONTIER_PLACEHOLDER}
    """
    # Geometry bottleneck: smooth one-sided narrowing (tanh profile)
    geometry = 1.0 - params[0] * np.tanh(params[1] * x[:, 0:1])

    # Crowding: linear reduction with field, always positive
    crowding = 1.0 - params[2] * f1

    # Combined speed reduction (multiplicative, independent)
    speed = geometry * crowding

    # Advective flux divergence
    advection = -d_axis(f1 * speed, 0, 1)

    # Anticipation: relative gradient diffusion
    relative_gradient = d_axis(f1, 0, 1) / f1
    diffusion = d_axis(relative_gradient, 0, 1)

    # Final RHS
    f1_t_pred = advection + params[3] * diffusion

    return f1_t_pred
------------------------------------------------------
MSE          : 3.13e-11
Complexity   : 22
Sample time  : 1.9931342601776123
Evaluate time: 5.735928058624268
Sample orders: 78
======================================================


================= Evaluated Function =================
def equation(x: np.ndarray, f1: np.ndarray, params: np.ndarray, d_axis: callable) -> np.ndarray:
    """ Mathematical function for the RHS of an unknown 1D PDE.

    Args:
        x: spatial coordinate grid, shape (Nx, 1).
        f1: the measured field, shape (Nx, Nt).
        params: a fixed-length array of exactly 5 entries. Use only indices 0..4.
        d_axis: spatial derivative. Call d_axis(field, axis, order); axis=0 is x1.

    Return:
        `f1_t_pred`, a numpy array with the grid shape.

    STRICT CONSTRAINT:
        1. SPATIAL DERIVATIVES & MATH: you are a physicist discovering a PDE. Use ONLY
           the provided d_axis(field, axis, order) for derivatives (max order 4), with
           axis=0 for the single spatial coordinate x1. For mathematical functions you
           are STRICTLY LIMITED to np.sin, np.cos, np.tanh and np.exp. Do not call any
           other np.* routine, do not import anything, and do not write numerical
           algorithms. Ordinary arithmetic (+ - * / **) and params[0..4] are free.
        2. OUTPUT FORMAT: write the complete formula, assign it to f1_t_pred, and
           strictly end with return f1_t_pred. No placeholders.
        3. PARETO EVOLUTION: the frontier trades MSE against complexity. Complexity
           counts the derivative calls, the arithmetic operations and every params
           you use, so the same term written more compactly is preferred.
        4. OPTIMIZATION STRATEGY:{PARETO_FRONTIER_PLACEHOLDER}
    """
    # Geometry bottleneck: tanh profile (channel narrows with x1)
    geometry = 1.0 - params[0] * np.tanh(params[1] * x[:, 0:1])

    # Crowding factor: linear decrease with field
    crowding = 1.0 - params[2] * f1

    # Multiplicative speed (both independent reductions)
    speed = geometry * crowding

    # Advection flux with negative divergence
    advection = -d_axis(f1 * speed, 0, 1)

    # Anticipation: relative gradient diffusion
    relative_gradient = d_axis(f1, 0, 1) / f1
    diffusion = d_axis(relative_gradient, 0, 1)

    # Combine
    f1_t_pred = advection + params[3] * diffusion

    return f1_t_pred✅ [EVALUATED] MSE: 3.13e-11 | Params: [0.5  1.   1.   0.05 1.  ]
✅ [EVALUATED] MSE: 3.13e-11 | Params: [0.5  1.   1.   0.05 1.  ]
✅ [EVALUATED] MSE: 3.13e-11 | Params: [0.5  1.   1.   0.05 1.  ]

------------------------------------------------------
MSE          : 3.13e-11
Complexity   : 21
Sample time  : 1.9931342601776123
Evaluate time: 5.720351457595825
Sample orders: 79
======================================================


================= Evaluated Function =================
def equation(x: np.ndarray, f1: np.ndarray, params: np.ndarray, d_axis: callable) -> np.ndarray:
    """ Mathematical function for the RHS of an unknown 1D PDE.

    Args:
        x: spatial coordinate grid, shape (Nx, 1).
        f1: the measured field, shape (Nx, Nt).
        params: a fixed-length array of exactly 5 entries. Use only indices 0..4.
        d_axis: spatial derivative. Call d_axis(field, axis, order); axis=0 is x1.

    Return:
        `f1_t_pred`, a numpy array with the grid shape.

    STRICT CONSTRAINT:
        1. SPATIAL DERIVATIVES & MATH: you are a physicist discovering a PDE. Use ONLY
           the provided d_axis(field, axis, order) for derivatives (max order 4), with
           axis=0 for the single spatial coordinate x1. For mathematical functions you
           are STRICTLY LIMITED to np.sin, np.cos, np.tanh and np.exp. Do not call any
           other np.* routine, do not import anything, and do not write numerical
           algorithms. Ordinary arithmetic (+ - * / **) and params[0..4] are free.
        2. OUTPUT FORMAT: write the complete formula, assign it to f1_t_pred, and
           strictly end with return f1_t_pred. No placeholders.
        3. PARETO EVOLUTION: the frontier trades MSE against complexity. Complexity
           counts the derivative calls, the arithmetic operations and every params
           you use, so the same term written more compactly is preferred.
        4. OPTIMIZATION STRATEGY:{PARETO_FRONTIER_PLACEHOLDER}
    """
    # Geometry bottleneck: tanh profile for channel narrowing along x1
    geometry = 1.0 - params[0] * np.tanh(params[1] * x[:, 0:1])

    # Crowding factor: linear decrease with field, always positive
    crowding = 1.0 - params[2] * f1

    # Combined multiplicative speed reduction (independent factors)
    speed = geometry * crowding

    # Advection flux with negative divergence for transport
    flux = f1 * speed
    advection = -d_axis(flux, 0, 1)

    # Anticipation: relative gradient diffusion (gradient divided by field)
    relative_gradient = d_axis(f1, 0, 1) / f1
    diffusion = d_axis(relative_gradient, 0, 1)

    # Combine advection and anticipation diffusion
    f1_t_pred = advection + params[3] * diffusion

    return f1_t_pred
------------------------------------------------------
MSE          : 3.13e-11
Complexity   : 21
Sample time  : 1.9931342601776123
Evaluate time: 5.886817693710327
Sample orders: 80
======================================================


================= Evaluated Function =================
def equation(x: np.ndarray, f1: np.ndarray, params: np.ndarray, d_axis: callable) -> np.ndarray:
    """ Mathematical function for the RHS of an unknown 1D PDE.

    Args:
        x: spatial coordinate grid, shape (Nx, 1).
        f1: the measured field, shape (Nx, Nt).
        params: a fixed-length array of exactly 5 entries. Use only indices 0..4.
        d_axis: spatial derivative. Call d_axis(field, axis, order); axis=0 is x1.

    Return:
        `f1_t_pred`, a numpy array with the grid shape.

    STRICT CONSTRAINT:
        1. SPATIAL DERIVATIVES & MATH: you are a physicist discovering a PDE. Use ONLY
           the provided d_axis(field, axis, order) for derivatives (max order 4), with
           axis=0 for the single spatial coordinate x1. For mathematical functions you
           are STRICTLY LIMITED to np.sin, np.cos, np.tanh and np.exp. Do not call any
           other np.* routine, do not import anything, and do not write numerical
           algorithms. Ordinary arithmetic (+ - * / **) and params[0..4] are free.
        2. OUTPUT FORMAT: write the complete formula, assign it to f1_t_pred, and
           strictly end with return f1_t_pred. No placeholders.
        3. PARETO EVOLUTION: the frontier trades MSE against complexity. Complexity
           counts the derivative calls, the arithmetic operations and every params
           you use, so the same term written more compactly is preferred.
        4. OPTIMIZATION STRATEGY:{PARETO_FRONTIER_PLACEHOLDER}
    """
    # Geometry bottleneck: tanh profile reducing channel width along x1
    geometry = 1.0 - params[0] * np.tanh(params[1] * x[:, 0:1])

    # Crowding factor: linear decrease with field strength
    crowding = 1.0 - params[2] * f1

    # Combined multiplicative speed (both factors independent)
    speed = geometry * crowding

    # Advection flux and its divergence
    flux = f1 * speed
    advection = -d_axis(flux, 0, 1)

    # Anticipation: relative gradient diffusion (d(f1)/f1)
    f1_safe = f1 + 1e-10  # numerical safety
    relative_gradient = d_axis(f1, 0, 1) / f1_safe
    diffusion = d_axis(relative_gradient, 0, 1)

    # Combine: advection with bottleneck+crowding, plus anticipation diffusion
    f1_t_pred = advection + params[3] * diffusion

    return f1_t_pred
------------------------------------------------------
MSE          : 3.13e-11
Complexity   : 25
Sample time  : 2.1211346983909607
Evaluate time: 5.427286148071289
Sample orders: 81
======================================================


================= Evaluated Function =================
def equation(x: np.ndarray, f1: np.ndarray, params: np.ndarray, d_axis: callable) -> np.ndarray:
    """ Mathematical function for the RHS of an unknown 1D PDE.

    Args:
        x: spatial coordinate grid, shape (Nx, 1).
        f1: the measured field, shape (Nx, Nt).
        params: a fixed-length array of exactly 5 entries. Use only indices 0..4.
        d_axis: spatial derivative. Call d_axis(field, axis, order); axis=0 is x1.

    Return:
        `f1_t_pred`, a numpy array with the grid shape.

    STRICT CONSTRAINT:
        1. SPATIAL DERIVATIVES & MATH: you are a physicist discovering a PDE. Use ONLY
           the provided d_axis(field, axis, order) for derivatives (max order 4), with
           axis=0 for the single spatial coordinate x1. For mathematical functions you
           are STRICTLY LIMITED to np.sin, np.cos, np.tanh and np.exp. Do not call any
           other np.* routine, do not import anything, and do not write numerical
           algorithms. Ordinary arithmetic (+ - * / **) and params[0..4] are free.
        2. OUTPUT FORMAT: write the complete formula, assign it to f1_t_pred, and
           strictly end with return f1_t_pred. No placeholders.
        3. PARETO EVOLUTION: the frontier trades MSE against complexity. Complexity
           counts the derivative calls, the arithmetic operations and every params
           you use, so the same term written more compactly is preferred.
        4. OPTIMIZATION STRATEGY:{PARETO_FRONTIER_PLACEHOLDER}
    """
    # Geometry bottleneck: channel narrows from wide (x1 small) to tight (x1 large)
    # Use tanh profile: 1 at x1→-∞, 0 at x1→+∞, so (1 - a*tanh(k*x1)) goes from 1-a to 1+a
    # Better: use geometry = 1.0 - params[0] * (0.5 + 0.5*tanh(params[1]*(x1 - params[2])))
    # But keep it simple: 1 - a*tanh(k*x1) with a<1 ensures positivity

    geometry = 1.0 - params[0] * np.tanh(params[1] * x[:, 0:1])

    # Crowding: linear decrease with field, always positive
    crowding = 1.0 - params[2] * f1

    # Speed is product of independent reductions
    speed = geometry * crowding

    # Advection flux: f1 * speed (negative divergence for transport)
    flux = f1 * speed
    advection = -d_axis(flux, 0, 1)

    # Anticipation: relative gradient diffusion
    # D( (1/f1) * d(f1,x1), x1 )
    relative_gradient = d_axis(f1, 0, 1) / f1
    diffusion = d_axis(relative_gradient, 0, 1)

    # Combine
    f1_t_pred = advection + params[3] * diffusion

    return f1_t_pred
------------------------------------------------------
MSE          : 3.13e-11
Complexity   : 43
Sample time  : 2.1211346983909607✅ [EVALUATED] MSE: 3.13e-11 | Params: [0.5  1.   1.   0.05 1.  ]
✅ [EVALUATED] MSE: 3.13e-11 | Params: [0.5  1.   1.   0.05 1.  ]
✅ [EVALUATED] MSE: 3.13e-11 | Params: [0.5  1.   1.   0.05 1.  ]
✅ [EVALUATED] MSE: 3.13e-11 | Params: [0.5  1.   1.   0.05 1.  ]

Evaluate time: 5.4181647300720215
Sample orders: 82
======================================================


================= Evaluated Function =================
def equation(x: np.ndarray, f1: np.ndarray, params: np.ndarray, d_axis: callable) -> np.ndarray:
    """ Mathematical function for the RHS of an unknown 1D PDE.

    Args:
        x: spatial coordinate grid, shape (Nx, 1).
        f1: the measured field, shape (Nx, Nt).
        params: a fixed-length array of exactly 5 entries. Use only indices 0..4.
        d_axis: spatial derivative. Call d_axis(field, axis, order); axis=0 is x1.

    Return:
        `f1_t_pred`, a numpy array with the grid shape.

    STRICT CONSTRAINT:
        1. SPATIAL DERIVATIVES & MATH: you are a physicist discovering a PDE. Use ONLY
           the provided d_axis(field, axis, order) for derivatives (max order 4), with
           axis=0 for the single spatial coordinate x1. For mathematical functions you
           are STRICTLY LIMITED to np.sin, np.cos, np.tanh and np.exp. Do not call any
           other np.* routine, do not import anything, and do not write numerical
           algorithms. Ordinary arithmetic (+ - * / **) and params[0..4] are free.
        2. OUTPUT FORMAT: write the complete formula, assign it to f1_t_pred, and
           strictly end with return f1_t_pred. No placeholders.
        3. PARETO EVOLUTION: the frontier trades MSE against complexity. Complexity
           counts the derivative calls, the arithmetic operations and every params
           you use, so the same term written more compactly is preferred.
        4. OPTIMIZATION STRATEGY:{PARETO_FRONTIER_PLACEHOLDER}
    """
    # Geometry bottleneck: tanh profile (1 at left, decreases to right)
    geometry = 1.0 - params[0] * np.tanh(params[1] * x)

    # Crowding factor: linear decrease with f1
    crowding = 1.0 - params[2] * f1

    # Combined multiplicative speed reduction
    speed = geometry * crowding

    # Advection: negative divergence of flux (transport)
    advection = -d_axis(f1 * speed, 0, 1)

    # Anticipation: relative gradient diffusion (gradient / field)
    relative_gradient = d_axis(f1, 0, 1) / (f1 + 1e-10)
    diffusion = d_axis(relative_gradient, 0, 1)

    # Combine advection and anticipation diffusion
    f1_t_pred = advection + params[3] * diffusion

    return f1_t_pred
------------------------------------------------------
MSE          : 3.13e-11
Complexity   : 24
Sample time  : 2.1211346983909607
Evaluate time: 5.590116262435913
Sample orders: 83
======================================================


================= Evaluated Function =================
def equation(x: np.ndarray, f1: np.ndarray, params: np.ndarray, d_axis: callable) -> np.ndarray:
    """ Mathematical function for the RHS of an unknown 1D PDE.

    Args:
        x: spatial coordinate grid, shape (Nx, 1).
        f1: the measured field, shape (Nx, Nt).
        params: a fixed-length array of exactly 5 entries. Use only indices 0..4.
        d_axis: spatial derivative. Call d_axis(field, axis, order); axis=0 is x1.

    Return:
        `f1_t_pred`, a numpy array with the grid shape.

    STRICT CONSTRAINT:
        1. SPATIAL DERIVATIVES & MATH: you are a physicist discovering a PDE. Use ONLY
           the provided d_axis(field, axis, order) for derivatives (max order 4), with
           axis=0 for the single spatial coordinate x1. For mathematical functions you
           are STRICTLY LIMITED to np.sin, np.cos, np.tanh and np.exp. Do not call any
           other np.* routine, do not import anything, and do not write numerical
           algorithms. Ordinary arithmetic (+ - * / **) and params[0..4] are free.
        2. OUTPUT FORMAT: write the complete formula, assign it to f1_t_pred, and
           strictly end with return f1_t_pred. No placeholders.
        3. PARETO EVOLUTION: the frontier trades MSE against complexity. Complexity
           counts the derivative calls, the arithmetic operations and every params
           you use, so the same term written more compactly is preferred.
        4. OPTIMIZATION STRATEGY:{PARETO_FRONTIER_PLACEHOLDER}
    """
    # Geometry bottleneck: smooth one-sided narrowing (tanh profile)
    geometry = 1.0 - params[0] * np.tanh(params[1] * x[:, 0:1])

    # Crowding factor: decreasing with field strength (linear)
    crowding = 1.0 - params[2] * f1

    # Combined multiplicative speed reduction (independent factors)
    speed = geometry * crowding

    # Advection: negative divergence of flux (transport)
    advection = -d_axis(f1 * speed, 0, 1)

    # Anticipation: relative gradient diffusion (gradient/field)
    relative_gradient = d_axis(f1, 0, 1) / f1
    diffusion = d_axis(relative_gradient, 0, 1)

    # Combine advection and anticipation diffusion
    f1_t_pred = advection + params[3] * diffusion

    return f1_t_pred
------------------------------------------------------
MSE          : 3.13e-11
Complexity   : 24
Sample time  : 2.1211346983909607
Evaluate time: 5.698604345321655
Sample orders: 84
======================================================


================= Evaluated Function =================
def equation(x: np.ndarray, f1: np.ndarray, params: np.ndarray, d_axis: callable) -> np.ndarray:
    """ Mathematical function for the RHS of an unknown 1D PDE.

    Args:
        x: spatial coordinate grid, shape (Nx, 1).
        f1: the measured field, shape (Nx, Nt).
        params: a fixed-length array of exactly 5 entries. Use only indices 0..4.
        d_axis: spatial derivative. Call d_axis(field, axis, order); axis=0 is x1.

    Return:
        `f1_t_pred`, a numpy array with the grid shape.

    STRICT CONSTRAINT:
        1. SPATIAL DERIVATIVES & MATH: you are a physicist discovering a PDE. Use ONLY
           the provided d_axis(field, axis, order) for derivatives (max order 4), with
           axis=0 for the single spatial coordinate x1. For mathematical functions you
           are STRICTLY LIMITED to np.sin, np.cos, np.tanh and np.exp. Do not call any
           other np.* routine, do not import anything, and do not write numerical
           algorithms. Ordinary arithmetic (+ - * / **) and params[0..4] are free.
        2. OUTPUT FORMAT: write the complete formula, assign it to f1_t_pred, and
           strictly end with return f1_t_pred. No placeholders.
        3. PARETO EVOLUTION: the frontier trades MSE against complexity. Complexity
           counts the derivative calls, the arithmetic operations and every params
           you use, so the same term written more compactly is preferred.
        4. OPTIMIZATION STRATEGY:{PARETO_FRONTIER_PLACEHOLDER}
    """
    # Geometry bottleneck: tanh profile (1 - a*tanh(k*x1)), with a,k from params[0],params[1]
    geometry = 1.0 - params[0] * np.tanh(params[1] * x[:, 0:1])

    # Crowding: linear decrease (1 - b*f1), with b from params[2]
    crowding = 1.0 - params[2] * f1

    # Combined speed reduction (multiplicative, independent)
    speed = geometry * crowding

    # Advection flux and negative divergence (transport)
    advection = -d_axis(f1 * speed, 0, 1)

    # Anticipation: relative gradient diffusion
    # D( (df1/dx1)/f1, x1 )
    relative_gradient = d_axis(f1, 0, 1) / (f1 + 1e-10)
    diffusion = d_axis(relative_gradient, 0, 1)

    # Combine with diffusion coefficient from params[3]
    f1_t_pred = advection + params[3] * diffusion

    return f1_t_pred
------------------------------------------------------
MSE          : 3.13e-11
Complexity   : 34
Sample time  : 2.661611795425415
Evaluate time: 5.266798496246338
Sample orders: 85
======================================================


================= Evaluated Function =================
def equation(x: np.ndarray, f1: np.ndarray, params: np.ndarray, d_axis: callable) -> np.ndarray:
    """ Mathematical function for the RHS of an unknown 1D PDE.

    Args:
        x: spatial coordinate grid, shape (Nx, 1).
        f1: the measured field, shape (Nx, Nt).
        params: a fixed-length array of exactly 5 entries. Use only indices 0..4.
        d_axis: spatial derivative. Call d_axis(field, axis, order); axis=0 is x1.

    Return:
        `f1_t_pred`, a numpy array with the grid shape.

    STRICT CONSTRAINT:
        1. SPATIAL DERIVATIVES & MATH: you are a physicist discovering a PDE. Use ONLY
           the provided d_axis(field, axis, order) for derivatives (max order 4), with
           axis=0 for the single spatial coordinate x1. For mathematical functions you
           are STRICTLY LIMITED to np.sin, np.cos, np.tanh and np.exp. Do not call any
           other np.* routine, do not import anything, and do not write numerical
           algorithms. Ordinary arithmetic (+ - * / **) and params[0..4] are free.
        2. OUTPUT FORMAT: write the complete formula, assign it to f1_t_pred, and
           strictly end with return f1_t_pred. No placeholders.
        3. PARETO EVOLUTION: the frontier trades MSE against complexity. Complexity
           counts the derivative calls, the arithmetic operations and every params
           you use, so the same term written more compactly is preferred.
        4. OPTIMIZATION STRATEGY:{PARETO_FRONTIER_PLACEHOLDER}
    """
    # Geometry bottleneck: tanh profile for channel narrowing along x1
    geometry = 1.0 - params[0] * np.tanh(params[1] * x[:, 0:1])

    # Crowding factor: linear decrease with field, always positive
    crowding = 1.0 - params[2] * f1

    # Combined multiplicative speed reduction (independent factors)
    speed = geometry * crowding

    # Advection flux with negative divergence (transport)
    advection = -d_axis(f1 * speed, 0, 1)

    # Anticipation: relative gradient diffusion (gradient divided by field)
    relative_gradient = d_axis(f1, 0, 1) / f1
    diffusion = d_axis(relative_gradient, 0, 1)

    # Combine advection and anticipation diffusion
    f1_t_pred = advection + params[3] * diffusion

    return f1_t_pred✅ [EVALUATED] MSE: 3.13e-11 | Params: [0.5  1.   1.   0.05 1.  ]
✅ [EVALUATED] MSE: 3.13e-11 | Params: [0.5  1.   1.   0.05 1.  ]
✅ [EVALUATED] MSE: 3.13e-11 | Params: [0.5  1.   1.   0.05 1.  ]
✅ [EVALUATED] MSE: 3.13e-11 | Params: [0.5  1.   1.   0.05 1.  ]

------------------------------------------------------
MSE          : 3.13e-11
Complexity   : 21
Sample time  : 2.661611795425415
Evaluate time: 5.286824703216553
Sample orders: 86
======================================================


================= Evaluated Function =================
def equation(x: np.ndarray, f1: np.ndarray, params: np.ndarray, d_axis: callable) -> np.ndarray:
    """ Mathematical function for the RHS of an unknown 1D PDE.

    Args:
        x: spatial coordinate grid, shape (Nx, 1).
        f1: the measured field, shape (Nx, Nt).
        params: a fixed-length array of exactly 5 entries. Use only indices 0..4.
        d_axis: spatial derivative. Call d_axis(field, axis, order); axis=0 is x1.

    Return:
        `f1_t_pred`, a numpy array with the grid shape.

    STRICT CONSTRAINT:
        1. SPATIAL DERIVATIVES & MATH: you are a physicist discovering a PDE. Use ONLY
           the provided d_axis(field, axis, order) for derivatives (max order 4), with
           axis=0 for the single spatial coordinate x1. For mathematical functions you
           are STRICTLY LIMITED to np.sin, np.cos, np.tanh and np.exp. Do not call any
           other np.* routine, do not import anything, and do not write numerical
           algorithms. Ordinary arithmetic (+ - * / **) and params[0..4] are free.
        2. OUTPUT FORMAT: write the complete formula, assign it to f1_t_pred, and
           strictly end with return f1_t_pred. No placeholders.
        3. PARETO EVOLUTION: the frontier trades MSE against complexity. Complexity
           counts the derivative calls, the arithmetic operations and every params
           you use, so the same term written more compactly is preferred.
        4. OPTIMIZATION STRATEGY:{PARETO_FRONTIER_PLACEHOLDER}
    """
    # Geometry bottleneck: tanh profile (smooth one-sided narrowing)
    geometry = 1.0 - params[0] * np.tanh(params[1] * x[:, 0:1])

    # Crowding factor: linear decrease with field, always positive
    crowding = 1.0 - params[2] * f1

    # Combined multiplicative speed reduction (independent factors)
    speed = geometry * crowding

    # Advection flux with negative divergence (transport moves left in this setup)
    flux = f1 * speed
    advection = -d_axis(flux, 0, 1)

    # Anticipation: relative gradient diffusion (gradient divided by field)
    # Use small epsilon to avoid division by zero
    f1_safe = f1 + 1e-10
    relative_gradient = d_axis(f1, 0, 1) / f1_safe
    diffusion = d_axis(relative_gradient, 0, 1)

    # Combine advection and anticipation diffusion
    f1_t_pred = advection + params[3] * diffusion

    return f1_t_pred
------------------------------------------------------
MSE          : 3.13e-11
Complexity   : 24
Sample time  : 2.661611795425415
Evaluate time: 5.557776212692261
Sample orders: 87
======================================================


================= Evaluated Function =================
def equation(x: np.ndarray, f1: np.ndarray, params: np.ndarray, d_axis: callable) -> np.ndarray:
    """ Mathematical function for the RHS of an unknown 1D PDE.

    Args:
        x: spatial coordinate grid, shape (Nx, 1).
        f1: the measured field, shape (Nx, Nt).
        params: a fixed-length array of exactly 5 entries. Use only indices 0..4.
        d_axis: spatial derivative. Call d_axis(field, axis, order); axis=0 is x1.

    Return:
        `f1_t_pred`, a numpy array with the grid shape.

    STRICT CONSTRAINT:
        1. SPATIAL DERIVATIVES & MATH: you are a physicist discovering a PDE. Use ONLY
           the provided d_axis(field, axis, order) for derivatives (max order 4), with
           axis=0 for the single spatial coordinate x1. For mathematical functions you
           are STRICTLY LIMITED to np.sin, np.cos, np.tanh and np.exp. Do not call any
           other np.* routine, do not import anything, and do not write numerical
           algorithms. Ordinary arithmetic (+ - * / **) and params[0..4] are free.
        2. OUTPUT FORMAT: write the complete formula, assign it to f1_t_pred, and
           strictly end with return f1_t_pred. No placeholders.
        3. PARETO EVOLUTION: the frontier trades MSE against complexity. Complexity
           counts the derivative calls, the arithmetic operations and every params
           you use, so the same term written more compactly is preferred.
        4. OPTIMIZATION STRATEGY:{PARETO_FRONTIER_PLACEHOLDER}
    """
    # Geometry bottleneck: tanh profile (1 - a*tanh(k*x)), stays positive
    geometry = 1.0 - params[0] * np.tanh(params[1] * x[:, 0:1])

    # Crowding factor: linear decrease with f1, stays positive
    crowding = 1.0 - params[2] * f1

    # Combined multiplicative speed reduction
    speed = geometry * crowding

    # Advection flux: f1 * speed, with negative divergence for transport
    flux = f1 * speed
    advection = -d_axis(flux, 0, 1)

    # Anticipation: relative gradient diffusion (gradient divided by field)
    f1_safe = f1 + 1e-10  # safety for division
    relative_gradient = d_axis(f1, 0, 1) / f1_safe
    diffusion = d_axis(relative_gradient, 0, 1)

    # Combine advection and anticipation diffusion
    f1_t_pred = advection + params[3] * diffusion

    return f1_t_pred
------------------------------------------------------
MSE          : 3.13e-11
Complexity   : 27
Sample time  : 2.661611795425415
Evaluate time: 5.849448204040527
Sample orders: 88
======================================================


================= Evaluated Function =================
def equation(x: np.ndarray, f1: np.ndarray, params: np.ndarray, d_axis: callable) -> np.ndarray:
    """ Mathematical function for the RHS of an unknown 1D PDE.

    Args:
        x: spatial coordinate grid, shape (Nx, 1).
        f1: the measured field, shape (Nx, Nt).
        params: a fixed-length array of exactly 5 entries. Use only indices 0..4.
        d_axis: spatial derivative. Call d_axis(field, axis, order); axis=0 is x1.

    Return:
        `f1_t_pred`, a numpy array with the grid shape.

    STRICT CONSTRAINT:
        1. SPATIAL DERIVATIVES & MATH: you are a physicist discovering a PDE. Use ONLY
           the provided d_axis(field, axis, order) for derivatives (max order 4), with
           axis=0 for the single spatial coordinate x1. For mathematical functions you
           are STRICTLY LIMITED to np.sin, np.cos, np.tanh and np.exp. Do not call any
           other np.* routine, do not import anything, and do not write numerical
           algorithms. Ordinary arithmetic (+ - * / **) and params[0..4] are free.
        2. OUTPUT FORMAT: write the complete formula, assign it to f1_t_pred, and
           strictly end with return f1_t_pred. No placeholders.
        3. PARETO EVOLUTION: the frontier trades MSE against complexity. Complexity
           counts the derivative calls, the arithmetic operations and every params
           you use, so the same term written more compactly is preferred.
        4. OPTIMIZATION STRATEGY:{PARETO_FRONTIER_PLACEHOLDER}
    """
    # Geometry factor: 1 - a*tanh(k*x1), decreases along x1
    geometry = 1.0 - params[0] * np.tanh(params[1] * x[:, 0:1])

    # Crowding factor: 1 - b*f1, decreases with field
    crowding = 1.0 - params[2] * f1

    # Combined speed reduction (multiplicative, independent)
    speed = geometry * crowding

    # Advection flux: f1 * speed
    flux = f1 * speed

    # Advection: negative divergence (transport) 
    advection = -d_axis(flux, 0, 1)

    # Relative gradient for anticipation diffusion
    relative_gradient = d_axis(f1, 0, 1) / f1
    diffusion = d_axis(relative_gradient, 0, 1)

    # Combine with diffusion coefficient
    f1_t_pred = advection + params[3] * diffusion

    return f1_t_pred
------------------------------------------------------
MSE          : 3.13e-11
Complexity   : 27
Sample time  : 1.8142275214195251
Evaluate time: 5.771739482879639
Sample orders: 89
======================================================


================= Evaluated Function =================✅ [EVALUATED] MSE: 3.13e-11 | Params: [0.5  1.   1.   0.05 1.  ]
✅ [EVALUATED] MSE: 3.13e-11 | Params: [0.5  1.   1.   0.05 1.  ]

def equation(x: np.ndarray, f1: np.ndarray, params: np.ndarray, d_axis: callable) -> np.ndarray:
    """ Mathematical function for the RHS of an unknown 1D PDE.

    Args:
        x: spatial coordinate grid, shape (Nx, 1).
        f1: the measured field, shape (Nx, Nt).
        params: a fixed-length array of exactly 5 entries. Use only indices 0..4.
        d_axis: spatial derivative. Call d_axis(field, axis, order); axis=0 is x1.

    Return:
        `f1_t_pred`, a numpy array with the grid shape.

    STRICT CONSTRAINT:
        1. SPATIAL DERIVATIVES & MATH: you are a physicist discovering a PDE. Use ONLY
           the provided d_axis(field, axis, order) for derivatives (max order 4), with
           axis=0 for the single spatial coordinate x1. For mathematical functions you
           are STRICTLY LIMITED to np.sin, np.cos, np.tanh and np.exp. Do not call any
           other np.* routine, do not import anything, and do not write numerical
           algorithms. Ordinary arithmetic (+ - * / **) and params[0..4] are free.
        2. OUTPUT FORMAT: write the complete formula, assign it to f1_t_pred, and
           strictly end with return f1_t_pred. No placeholders.
        3. PARETO EVOLUTION: the frontier trades MSE against complexity. Complexity
           counts the derivative calls, the arithmetic operations and every params
           you use, so the same term written more compactly is preferred.
        4. OPTIMIZATION STRATEGY:{PARETO_FRONTIER_PLACEHOLDER}
    """
    # Geometry bottleneck: tanh profile for channel narrowing along x1
    # (channel widest at one end, tightens towards the other)
    geometry = 1.0 - params[0] * np.tanh(params[1] * x[:, 0:1])

    # Crowding factor: self-limiting, decreases with field build-up
    # (always positive, never negative)
    crowding = 1.0 - params[2] * f1

    # Combined multiplicative speed reduction (independent factors)
    # Both reduce speed proportionally regardless of the other
    speed = geometry * crowding

    # Advection flux: field transported at modified speed
    flux = f1 * speed

    # Advection contribution (negative divergence for transport)
    advection = -d_axis(flux, 0, 1)

    # Anticipation: relative gradient diffusion 
    # (gradient divided by field, not absolute slope)
    # Using f1 directly (no safety epsilon per Pareto frontier)
    relative_gradient = d_axis(f1, 0, 1) / f1
    diffusion = d_axis(relative_gradient, 0, 1)

    # Combine advection and anticipation diffusion
    f1_t_pred = advection + params[3] * diffusion

    return f1_t_pred
------------------------------------------------------
MSE          : 3.13e-11
Complexity   : 24
Sample time  : 1.8142275214195251
Evaluate time: 5.840963125228882
Sample orders: 90
======================================================


================= Evaluated Function =================
def equation(x: np.ndarray, f1: np.ndarray, params: np.ndarray, d_axis: callable) -> np.ndarray:
    """ Mathematical function for the RHS of an unknown 1D PDE.

    Args:
        x: spatial coordinate grid, shape (Nx, 1).
        f1: the measured field, shape (Nx, Nt).
        params: a fixed-length array of exactly 5 entries. Use only indices 0..4.
        d_axis: spatial derivative. Call d_axis(field, axis, order); axis=0 is x1.

    Return:
        `f1_t_pred`, a numpy array with the grid shape.

    STRICT CONSTRAINT:
        1. SPATIAL DERIVATIVES & MATH: you are a physicist discovering a PDE. Use ONLY
           the provided d_axis(field, axis, order) for derivatives (max order 4), with
           axis=0 for the single spatial coordinate x1. For mathematical functions you
           are STRICTLY LIMITED to np.sin, np.cos, np.tanh and np.exp. Do not call any
           other np.* routine, do not import anything, and do not write numerical
           algorithms. Ordinary arithmetic (+ - * / **) and params[0..4] are free.
        2. OUTPUT FORMAT: write the complete formula, assign it to f1_t_pred, and
           strictly end with return f1_t_pred. No placeholders.
        3. PARETO EVOLUTION: the frontier trades MSE against complexity. Complexity
           counts the derivative calls, the arithmetic operations and every params
           you use, so the same term written more compactly is preferred.
        4. OPTIMIZATION STRATEGY:{PARETO_FRONTIER_PLACEHOLDER}
    """
    # Geometry bottleneck: tanh profile for channel narrowing
    geometry = 1.0 - params[0] * np.tanh(params[1] * x[:, 0:1])

    # Crowding factor: linear decrease with field
    crowding = 1.0 - params[2] * f1

    # Combined multiplicative speed reduction
    speed = geometry * crowding

    # Advection flux (negative divergence for transport)
    advection = -d_axis(f1 * speed, 0, 1)

    # Anticipation: relative gradient diffusion
    relative_gradient = d_axis(f1, 0, 1) / f1
    diffusion = d_axis(relative_gradient, 0, 1)

    # Combine advection and anticipation diffusion
    f1_t_pred = advection + params[3] * diffusion

    return f1_t_pred
------------------------------------------------------
MSE          : 3.13e-11
Complexity   : 21
Sample time  : 1.8142275214195251
Evaluate time: 5.776296854019165
Sample orders: 91
======================================================


================= Evaluated Function =================
def equation(x: np.ndarray, f1: np.ndarray, params: np.ndarray, d_axis: callable) -> np.ndarray:
    """ Mathematical function for the RHS of an unknown 1D PDE.

    Args:
        x: spatial coordinate grid, shape (Nx, 1).
        f1: the measured field, shape (Nx, Nt).
        params: a fixed-length array of exactly 5 entries. Use only indices 0..4.
        d_axis: spatial derivative. Call d_axis(field, axis, order); axis=0 is x1.

    Return:
        `f1_t_pred`, a numpy array with the grid shape.

    STRICT CONSTRAINT:
        1. SPATIAL DERIVATIVES & MATH: you are a physicist discovering a PDE. Use ONLY
           the provided d_axis(field, axis, order) for derivatives (max order 4), with
           axis=0 for the single spatial coordinate x1. For mathematical functions you
           are STRICTLY LIMITED to np.sin, np.cos, np.tanh and np.exp. Do not call any
           other np.* routine, do not import anything, and do not write numerical
           algorithms. Ordinary arithmetic (+ - * / **) and params[0..4] are free.
        2. OUTPUT FORMAT: write the complete formula, assign it to f1_t_pred, and
           strictly end with return f1_t_pred. No placeholders.
        3. PARETO EVOLUTION: the frontier trades MSE against complexity. Complexity
           counts the derivative calls, the arithmetic operations and every params
           you use, so the same term written more compactly is preferred.
        4. OPTIMIZATION STRATEGY:{PARETO_FRONTIER_PLACEHOLDER}
    """
    # Geometry bottleneck: tanh profile for channel narrowing along x1
    # Base geometry = 1, reduced by tanh profile (0 at x1=-inf, 1 at x1=+inf)
    geometry = 1.0 - params[0] * np.tanh(params[1] * x[:, 0:1])

    # Crowding factor: linear decrease with field, always positive (f1 < 1/params[2])
    crowding = 1.0 - params[2] * f1

    # Combined multiplicative speed reduction (independent factors)
    speed = geometry * crowding

    # Advection flux (negative divergence for transport)
    flux = f1 * speed

    # Self-limiting advection contribution
    advection = -d_axis(flux, 0, 1)

    # Anticipation: relative gradient diffusion (gradient divided by field)
    # Using f1 directly since data is noise-free and f1 shouldn't be zero physically
    relative_gradient = d_axis(f1, 0, 1) / f1
    diffusion = d_axis(relative_gradient, 0, 1)

    # Combine advection and anticipation diffusion
    f1_t_pred = advection + params[3] * diffusion

    return f1_t_pred
------------------------------------------------------
MSE          : 3.13e-11
Complexity   : 29
Sample time  : 1.8142275214195251
Evaluate time: 5.917142391204834
Sample orders: 92
======================================================

✅ [EVALUATED] MSE: 3.13e-11 | Params: [0.5  1.   1.   0.05 1.  ]
✅ [EVALUATED] MSE: 3.13e-11 | Params: [0.5  1.   1.   0.05 1.  ]
✅ [EVALUATED] MSE: 3.13e-11 | Params: [0.5  1.   1.   0.05 1.  ]
✅ [EVALUATED] MSE: 3.13e-11 | Params: [0.5  1.   1.   0.05 1.  ]

================= Evaluated Function =================
def equation(x: np.ndarray, f1: np.ndarray, params: np.ndarray, d_axis: callable) -> np.ndarray:
    """ Mathematical function for the RHS of an unknown 1D PDE.

    Args:
        x: spatial coordinate grid, shape (Nx, 1).
        f1: the measured field, shape (Nx, Nt).
        params: a fixed-length array of exactly 5 entries. Use only indices 0..4.
        d_axis: spatial derivative. Call d_axis(field, axis, order); axis=0 is x1.

    Return:
        `f1_t_pred`, a numpy array with the grid shape.

    STRICT CONSTRAINT:
        1. SPATIAL DERIVATIVES & MATH: you are a physicist discovering a PDE. Use ONLY
           the provided d_axis(field, axis, order) for derivatives (max order 4), with
           axis=0 for the single spatial coordinate x1. For mathematical functions you
           are STRICTLY LIMITED to np.sin, np.cos, np.tanh and np.exp. Do not call any
           other np.* routine, do not import anything, and do not write numerical
           algorithms. Ordinary arithmetic (+ - * / **) and params[0..4] are free.
        2. OUTPUT FORMAT: write the complete formula, assign it to f1_t_pred, and
           strictly end with return f1_t_pred. No placeholders.
        3. PARETO EVOLUTION: the frontier trades MSE against complexity. Complexity
           counts the derivative calls, the arithmetic operations and every params
           you use, so the same term written more compactly is preferred.
        4. OPTIMIZATION STRATEGY:{PARETO_FRONTIER_PLACEHOLDER}
    """
    # Geometry bottleneck: tanh profile reducing from 1
    geometry = 1.0 - params[0] * np.tanh(params[1] * x[:, 0:1])

    # Crowding factor: linear decrease with field, always positive
    crowding = 1.0 - params[2] * f1

    # Combined speed reduction (multiplicative, independent factors)
    speed = geometry * crowding

    # Advection flux with negative divergence for transport
    flux = f1 * speed
    advection = -d_axis(flux, 0, 1)

    # Anticipation: relative gradient diffusion
    relative_gradient = d_axis(f1, 0, 1) / f1
    diffusion = d_axis(relative_gradient, 0, 1)

    # Combine advection and anticipation diffusion
    f1_t_pred = advection + params[3] * diffusion

    return f1_t_pred
------------------------------------------------------
MSE          : 3.13e-11
Complexity   : 21
Sample time  : 1.9126545190811157
Evaluate time: 5.403522968292236
Sample orders: 93
======================================================


================= Evaluated Function =================
def equation(x: np.ndarray, f1: np.ndarray, params: np.ndarray, d_axis: callable) -> np.ndarray:
    """ Mathematical function for the RHS of an unknown 1D PDE.

    Args:
        x: spatial coordinate grid, shape (Nx, 1).
        f1: the measured field, shape (Nx, Nt).
        params: a fixed-length array of exactly 5 entries. Use only indices 0..4.
        d_axis: spatial derivative. Call d_axis(field, axis, order); axis=0 is x1.

    Return:
        `f1_t_pred`, a numpy array with the grid shape.

    STRICT CONSTRAINT:
        1. SPATIAL DERIVATIVES & MATH: you are a physicist discovering a PDE. Use ONLY
           the provided d_axis(field, axis, order) for derivatives (max order 4), with
           axis=0 for the single spatial coordinate x1. For mathematical functions you
           are STRICTLY LIMITED to np.sin, np.cos, np.tanh and np.exp. Do not call any
           other np.* routine, do not import anything, and do not write numerical
           algorithms. Ordinary arithmetic (+ - * / **) and params[0..4] are free.
        2. OUTPUT FORMAT: write the complete formula, assign it to f1_t_pred, and
           strictly end with return f1_t_pred. No placeholders.
        3. PARETO EVOLUTION: the frontier trades MSE against complexity. Complexity
           counts the derivative calls, the arithmetic operations and every params
           you use, so the same term written more compactly is preferred.
        4. OPTIMIZATION STRATEGY:{PARETO_FRONTIER_PLACEHOLDER}
    """
    # Geometry bottleneck: tanh profile for channel narrowing along x1
    geometry = 1.0 - params[0] * np.tanh(params[1] * x[:, 0:1])

    # Crowding factor: linear decrease with field, always positive
    crowding = 1.0 - params[2] * f1

    # Combined multiplicative speed reduction (independent factors)
    speed = geometry * crowding

    # Advection flux (negative divergence for transport)
    flux = f1 * speed

    # Advection contribution
    advection = -d_axis(flux, 0, 1)

    # Anticipation: relative gradient diffusion (gradient divided by field)
    relative_gradient = d_axis(f1, 0, 1) / f1
    diffusion = d_axis(relative_gradient, 0, 1)

    # Combine advection and anticipation diffusion
    f1_t_pred = advection + params[3] * diffusion

    return f1_t_pred
------------------------------------------------------
MSE          : 3.13e-11
Complexity   : 21
Sample time  : 1.9126545190811157
Evaluate time: 5.7197346687316895
Sample orders: 94
======================================================


================= Evaluated Function =================
def equation(x: np.ndarray, f1: np.ndarray, params: np.ndarray, d_axis: callable) -> np.ndarray:
    """ Mathematical function for the RHS of an unknown 1D PDE.

    Args:
        x: spatial coordinate grid, shape (Nx, 1).
        f1: the measured field, shape (Nx, Nt).
        params: a fixed-length array of exactly 5 entries. Use only indices 0..4.
        d_axis: spatial derivative. Call d_axis(field, axis, order); axis=0 is x1.

    Return:
        `f1_t_pred`, a numpy array with the grid shape.

    STRICT CONSTRAINT:
        1. SPATIAL DERIVATIVES & MATH: you are a physicist discovering a PDE. Use ONLY
           the provided d_axis(field, axis, order) for derivatives (max order 4), with
           axis=0 for the single spatial coordinate x1. For mathematical functions you
           are STRICTLY LIMITED to np.sin, np.cos, np.tanh and np.exp. Do not call any
           other np.* routine, do not import anything, and do not write numerical
           algorithms. Ordinary arithmetic (+ - * / **) and params[0..4] are free.
        2. OUTPUT FORMAT: write the complete formula, assign it to f1_t_pred, and
           strictly end with return f1_t_pred. No placeholders.
        3. PARETO EVOLUTION: the frontier trades MSE against complexity. Complexity
           counts the derivative calls, the arithmetic operations and every params
           you use, so the same term written more compactly is preferred.
        4. OPTIMIZATION STRATEGY:{PARETO_FRONTIER_PLACEHOLDER}
    """
    # Geometry bottleneck: tanh profile for channel narrowing
    geometry = 1.0 - params[0] * np.tanh(params[1] * x[:, 0:1])

    # Crowding factor: linear decrease with field, always positive
    crowding = 1.0 - params[2] * f1

    # Combined multiplicative speed reduction (independent factors)
    speed = geometry * crowding

    # Advection flux (negative divergence for transport)
    flux = f1 * speed

    # Advection contribution
    advection = -d_axis(flux, 0, 1)

    # Anticipation: relative gradient diffusion (gradient divided by field)
    relative_gradient = d_axis(f1, 0, 1) / f1
    diffusion = d_axis(relative_gradient, 0, 1)

    # Combine advection and anticipation diffusion
    f1_t_pred = advection + params[3] * diffusion

    return f1_t_pred
------------------------------------------------------
MSE          : 3.13e-11
Complexity   : 21
Sample time  : 1.9126545190811157
Evaluate time: 5.804366588592529
Sample orders: 95
======================================================


================= Evaluated Function =================
def equation(x: np.ndarray, f1: np.ndarray, params: np.ndarray, d_axis: callable) -> np.ndarray:
    """ Mathematical function for the RHS of an unknown 1D PDE.

    Args:
        x: spatial coordinate grid, shape (Nx, 1).
        f1: the measured field, shape (Nx, Nt).
        params: a fixed-length array of exactly 5 entries. Use only indices 0..4.
        d_axis: spatial derivative. Call d_axis(field, axis, order); axis=0 is x1.

    Return:
        `f1_t_pred`, a numpy array with the grid shape.

    STRICT CONSTRAINT:
        1. SPATIAL DERIVATIVES & MATH: you are a physicist discovering a PDE. Use ONLY
           the provided d_axis(field, axis, order) for derivatives (max order 4), with
           axis=0 for the single spatial coordinate x1. For mathematical functions you
           are STRICTLY LIMITED to np.sin, np.cos, np.tanh and np.exp. Do not call any
           other np.* routine, do not import anything, and do not write numerical
           algorithms. Ordinary arithmetic (+ - * / **) and params[0..4] are free.
        2. OUTPUT FORMAT: write the complete formula, assign it to f1_t_pred, and
           strictly end with return f1_t_pred. No placeholders.
        3. PARETO EVOLUTION: the frontier trades MSE against complexity. Complexity
           counts the derivative calls, the arithmetic operations and every params
           you use, so the same term written more compactly is preferred.
        4. OPTIMIZATION STRATEGY:{PARETO_FRONTIER_PLACEHOLDER}
    """
    # Geometry bottleneck: tanh profile for channel narrowing along x1
    geometry = 1.0 - params[0] * np.tanh(params[1] * x[:, 0:1])

    # Crowding factor: linear decrease with field, always positive
    crowding = 1.0 - params[2] * f1

    # Combined multiplicative speed reduction (independent factors)
    speed = geometry * crowding

    # Advection flux (negative divergence for transport)
    flux = f1 * speed
    advection = -d_axis(flux, 0, 1)

    # Anticipation: relative gradient diffusion (gradient divided by field)
    relative_gradient = d_axis(f1, 0, 1) / f1
    diffusion = d_axis(relative_gradient, 0, 1)

    # Combine advection and anticipation diffusion
    f1_t_pred = advection + params[3] * diffusion

    return f1_t_pred✅ [EVALUATED] MSE: 3.13e-11 | Params: [0.5  1.   1.   0.05 1.  ]
✅ [EVALUATED] MSE: 3.13e-11 | Params: [0.5  1.   1.   0.05 1.  ]
✅ [EVALUATED] MSE: 3.13e-11 | Params: [0.5  1.   1.   0.05 1.  ]

------------------------------------------------------
MSE          : 3.13e-11
Complexity   : 21
Sample time  : 1.9126545190811157
Evaluate time: 5.8009397983551025
Sample orders: 96
======================================================


================= Evaluated Function =================
def equation(x: np.ndarray, f1: np.ndarray, params: np.ndarray, d_axis: callable) -> np.ndarray:
    """ Mathematical function for the RHS of an unknown 1D PDE.

    Args:
        x: spatial coordinate grid, shape (Nx, 1).
        f1: the measured field, shape (Nx, Nt).
        params: a fixed-length array of exactly 5 entries. Use only indices 0..4.
        d_axis: spatial derivative. Call d_axis(field, axis, order); axis=0 is x1.

    Return:
        `f1_t_pred`, a numpy array with the grid shape.

    STRICT CONSTRAINT:
        1. SPATIAL DERIVATIVES & MATH: you are a physicist discovering a PDE. Use ONLY
           the provided d_axis(field, axis, order) for derivatives (max order 4), with
           axis=0 for the single spatial coordinate x1. For mathematical functions you
           are STRICTLY LIMITED to np.sin, np.cos, np.tanh and np.exp. Do not call any
           other np.* routine, do not import anything, and do not write numerical
           algorithms. Ordinary arithmetic (+ - * / **) and params[0..4] are free.
        2. OUTPUT FORMAT: write the complete formula, assign it to f1_t_pred, and
           strictly end with return f1_t_pred. No placeholders.
        3. PARETO EVOLUTION: the frontier trades MSE against complexity. Complexity
           counts the derivative calls, the arithmetic operations and every params
           you use, so the same term written more compactly is preferred.
        4. OPTIMIZATION STRATEGY:{PARETO_FRONTIER_PLACEHOLDER}
    """
    # Geometry bottleneck: tanh profile for channel narrowing along x1
    # Channel is widest at one end, tightens towards the other
    geometry = 1.0 - params[0] * np.tanh(params[1] * x)

    # Crowding factor: linear decrease with field, always positive
    crowding = 1.0 - params[2] * f1

    # Combined multiplicative speed reduction (independent factors)
    speed = geometry * crowding

    # Advection flux (negative divergence for transport)
    advection = -d_axis(f1 * speed, 0, 1)

    # Anticipation: relative gradient diffusion (gradient divided by field)
    # Using small epsilon to avoid division by zero
    f1_safe = f1 + 1e-10
    relative_gradient = d_axis(f1, 0, 1) / f1_safe
    diffusion = d_axis(relative_gradient, 0, 1)

    # Combine advection and anticipation diffusion
    f1_t_pred = advection + params[3] * diffusion

    return f1_t_pred
------------------------------------------------------
MSE          : 3.13e-11
Complexity   : 24
Sample time  : 1.7632708549499512
Evaluate time: 5.41573166847229
Sample orders: 97
======================================================


================= Evaluated Function =================
def equation(x: np.ndarray, f1: np.ndarray, params: np.ndarray, d_axis: callable) -> np.ndarray:
    """ Mathematical function for the RHS of an unknown 1D PDE.

    Args:
        x: spatial coordinate grid, shape (Nx, 1).
        f1: the measured field, shape (Nx, Nt).
        params: a fixed-length array of exactly 5 entries. Use only indices 0..4.
        d_axis: spatial derivative. Call d_axis(field, axis, order); axis=0 is x1.

    Return:
        `f1_t_pred`, a numpy array with the grid shape.

    STRICT CONSTRAINT:
        1. SPATIAL DERIVATIVES & MATH: you are a physicist discovering a PDE. Use ONLY
           the provided d_axis(field, axis, order) for derivatives (max order 4), with
           axis=0 for the single spatial coordinate x1. For mathematical functions you
           are STRICTLY LIMITED to np.sin, np.cos, np.tanh and np.exp. Do not call any
           other np.* routine, do not import anything, and do not write numerical
           algorithms. Ordinary arithmetic (+ - * / **) and params[0..4] are free.
        2. OUTPUT FORMAT: write the complete formula, assign it to f1_t_pred, and
           strictly end with return f1_t_pred. No placeholders.
        3. PARETO EVOLUTION: the frontier trades MSE against complexity. Complexity
           counts the derivative calls, the arithmetic operations and every params
           you use, so the same term written more compactly is preferred.
        4. OPTIMIZATION STRATEGY:{PARETO_FRONTIER_PLACEHOLDER}
    """
    # Geometry bottleneck: tanh profile for channel narrowing along x1
    geometry = 1.0 - params[0] * np.tanh(params[1] * x[:, 0:1])

    # Crowding factor: linear decrease with field, always positive
    crowding = 1.0 - params[2] * f1

    # Combined multiplicative speed reduction (independent factors)
    speed = geometry * crowding

    # Advection flux (negative divergence for transport)
    advection = -d_axis(f1 * speed, 0, 1)

    # Anticipation: relative gradient diffusion (gradient divided by field)
    relative_gradient = d_axis(f1, 0, 1) / f1
    diffusion = d_axis(relative_gradient, 0, 1)

    # Combine advection and anticipation diffusion
    f1_t_pred = advection + params[3] * diffusion

    return f1_t_pred
------------------------------------------------------
MSE          : 3.13e-11
Complexity   : 21
Sample time  : 1.7632708549499512
Evaluate time: 5.380736351013184
Sample orders: 98
======================================================


================= Evaluated Function =================
def equation(x: np.ndarray, f1: np.ndarray, params: np.ndarray, d_axis: callable) -> np.ndarray:
    """ Mathematical function for the RHS of an unknown 1D PDE.

    Args:
        x: spatial coordinate grid, shape (Nx, 1).
        f1: the measured field, shape (Nx, Nt).
        params: a fixed-length array of exactly 5 entries. Use only indices 0..4.
        d_axis: spatial derivative. Call d_axis(field, axis, order); axis=0 is x1.

    Return:
        `f1_t_pred`, a numpy array with the grid shape.

    STRICT CONSTRAINT:
        1. SPATIAL DERIVATIVES & MATH: you are a physicist discovering a PDE. Use ONLY
           the provided d_axis(field, axis, order) for derivatives (max order 4), with
           axis=0 for the single spatial coordinate x1. For mathematical functions you
           are STRICTLY LIMITED to np.sin, np.cos, np.tanh and np.exp. Do not call any
           other np.* routine, do not import anything, and do not write numerical
           algorithms. Ordinary arithmetic (+ - * / **) and params[0..4] are free.
        2. OUTPUT FORMAT: write the complete formula, assign it to f1_t_pred, and
           strictly end with return f1_t_pred. No placeholders.
        3. PARETO EVOLUTION: the frontier trades MSE against complexity. Complexity
           counts the derivative calls, the arithmetic operations and every params
           you use, so the same term written more compactly is preferred.
        4. OPTIMIZATION STRATEGY:{PARETO_FRONTIER_PLACEHOLDER}
    """
    # Geometry bottleneck: smooth tanh profile for channel narrowing along x1
    # params[0] controls depth, params[1] controls sharpness
    geometry = 1.0 - params[0] * np.tanh(params[1] * x)

    # Crowding factor: linear decrease with field, always positive
    # params[2] controls crowding strength
    crowding = 1.0 - params[2] * f1

    # Combined multiplicative speed reduction (independent factors)
    speed = geometry * crowding

    # Advection flux with negative divergence for transport
    advection = -d_axis(f1 * speed, 0, 1)

    # Anticipation: relative gradient diffusion (gradient divided by field)
    # Param [3] controls diffusion strength
    relative_gradient = d_axis(f1, 0, 1) / f1
    diffusion = d_axis(relative_gradient, 0, 1)

    # Combine advection and anticipation diffusion
    f1_t_pred = advection + params[3] * diffusion

    return f1_t_pred
------------------------------------------------------
MSE          : 3.13e-11
Complexity   : 24
Sample time  : 1.7632708549499512
Evaluate time: 5.815768718719482✅ [EVALUATED] MSE: 3.13e-11 | Params: [0.5  1.   1.   0.05 1.  ]

Sample orders: 99
======================================================


================= Evaluated Function =================
def equation(x: np.ndarray, f1: np.ndarray, params: np.ndarray, d_axis: callable) -> np.ndarray:
    """ Mathematical function for the RHS of an unknown 1D PDE.

    Args:
        x: spatial coordinate grid, shape (Nx, 1).
        f1: the measured field, shape (Nx, Nt).
        params: a fixed-length array of exactly 5 entries. Use only indices 0..4.
        d_axis: spatial derivative. Call d_axis(field, axis, order); axis=0 is x1.

    Return:
        `f1_t_pred`, a numpy array with the grid shape.

    STRICT CONSTRAINT:
        1. SPATIAL DERIVATIVES & MATH: you are a physicist discovering a PDE. Use ONLY
           the provided d_axis(field, axis, order) for derivatives (max order 4), with
           axis=0 for the single spatial coordinate x1. For mathematical functions you
           are STRICTLY LIMITED to np.sin, np.cos, np.tanh and np.exp. Do not call any
           other np.* routine, do not import anything, and do not write numerical
           algorithms. Ordinary arithmetic (+ - * / **) and params[0..4] are free.
        2. OUTPUT FORMAT: write the complete formula, assign it to f1_t_pred, and
           strictly end with return f1_t_pred. No placeholders.
        3. PARETO EVOLUTION: the frontier trades MSE against complexity. Complexity
           counts the derivative calls, the arithmetic operations and every params
           you use, so the same term written more compactly is preferred.
        4. OPTIMIZATION STRATEGY:{PARETO_FRONTIER_PLACEHOLDER}
    """
    # Geometry bottleneck: tanh profile for channel narrowing along x1
    # (1 - a*tanh(k*x1)) gives smooth reduction from 1 at x1=-inf to (1-a) at x1=+inf
    geometry = 1.0 - params[0] * np.tanh(params[1] * x[:, 0:1])

    # Crowding: linear reduction with field (1 - b*f1), always positive
    crowding = 1.0 - params[2] * f1

    # Combined multiplicative speed reduction (independent factors)
    speed = geometry * crowding

    # Advection: negative divergence of f1*speed (transport with self-limiting speed)
    advection = -d_axis(f1 * speed, 0, 1)

    # Anticipation: relative gradient diffusion (d(f1)/f1, divergence of this quantity)
    # This is the prior-named relative gradient term
    relative_gradient = d_axis(f1, 0, 1) / f1
    diffusion = d_axis(relative_gradient, 0, 1)

    # Combine advection and anticipation diffusion
    f1_t_pred = advection + params[3] * diffusion

    return f1_t_pred
------------------------------------------------------
MSE          : 3.13e-11
Complexity   : 33
Sample time  : 1.7632708549499512
Evaluate time: 5.595036745071411
Sample orders: 100
======================================================



==================================================
🎉 Evolution Finished! Final Pareto Frontier:
[1] MSE: 3.13e-11 | Complexity: 23
# Geometry bottleneck: tanh profile for channel narrowing along x1
    geometry = 1.0 - params[0] * np.tanh(params[1] * x[:, 0:1])

    # Crowding factor: linear decrease with field, always positive
    crowding = 1.0 - params[2] * f1

    # Combined multiplicative speed reduction (independent factors)
    speed = geometry * crowding

    # Advection flux
    flux = f1 * speed

    # Advection contribution (negative divergence for transport)
    advection = -d_axis(flux, 0, 1)

    # Anticipation: relative gradient diffusion (gradient divided by field)
    f1_safe = f1 + 1e-10  # safety for division
    relative_gradient = d_axis(f1, 0, 1) / f1_safe
    diffusion = d_axis(relative_gradient, 0, 1)

    # Combine advection and anticipation diffusion
    f1_t_pred = advection + params[3] * diffusion

    return f1_t_pred

[2] MSE: 3.13e-11 | Complexity: 21
# Geometry bottleneck: channel narrows with tanh profile
    geometry_factor = 1.0 - params[0] * np.tanh(params[1] * x)

    # Crowding factor: decreases with field magnitude
    crowding_factor = 1.0 - params[2] * f1

    # Combined speed reduction (multiplicative, independent)
    speed = geometry_factor * crowding_factor

    # Advection flux (transport term)
    flux = f1 * speed

    # Advection contribution (negative divergence for transport)
    advection = -d_axis(flux, 0, 1)

    # Relative gradient for anticipation (gradient divided by field)
    relative_gradient = d_axis(f1, 0, 1) / f1

    # Anticipation diffusion (divergence of relative gradient)
    diffusion = d_axis(relative_gradient, 0, 1)

    # Combine advection and anticipation diffusion
    f1_t_pred = advection + params[3] * diffusion

    return f1_t_pred

[3] MSE: 3.13e-11 | Complexity: 21
# Geometry bottleneck: tanh profile for channel narrowing
    geometry = 1.0 - params[0] * np.tanh(params[1] * x)

    # Crowding factor: linear decrease with field
    crowding = 1.0 - params[2] * f1

    # Combined multiplicative speed reduction
    speed = geometry * crowding

    # Advection flux
    flux = f1 * speed

    # Advection contribution (negative divergence for transport)
    advection = -d_axis(flux, 0, 1)

    # Anticipation: relative gradient diffusion
    relative_gradient = d_axis(f1, 0, 1) / f1
    diffusion = d_axis(relative_gradient, 0, 1)

    # Combine all terms
    f1_t_pred = advection + params[3] * diffusion

    return f1_t_pred

[4] MSE: 3.13e-11 | Complexity: 21
# Geometry bottleneck: tanh profile for channel narrowing
    geometry = 1.0 - params[0] * np.tanh(params[1] * x)

    # Crowding factor: linear decrease with field
    crowding = 1.0 - params[2] * f1

    # Combined multiplicative speed reduction
    speed = geometry * crowding

    # Advection flux
    flux = f1 * speed

    # Advection contribution (negative divergence for transport)
    advection = -d_axis(flux, 0, 1)

    # Anticipation: relative gradient diffusion (gradient divided by field)
    relative_gradient = d_axis(f1, 0, 1) / f1
    diffusion = d_axis(relative_gradient, 0, 1)

    # Combine all terms
    f1_t_pred = advection + params[3] * diffusion

    return f1_t_pred

[5] MSE: 3.13e-11 | Complexity: 21
# Geometry bottleneck: tanh profile for channel narrowing along x1
    geometry = 1.0 - params[0] * np.tanh(params[1] * x[:, 0:1])

    # Crowding factor: linear decrease with field, always positive
    crowding = 1.0 - params[2] * f1

    # Combined multiplicative speed reduction (independent factors)
    speed = geometry * crowding

    # Advection flux (negative divergence for transport)
    flux = f1 * speed

    # Advection contribution
    advection = -d_axis(flux, 0, 1)

    # Anticipation: relative gradient diffusion (gradient divided by field)
    relative_gradient = d_axis(f1, 0, 1) / f1
    diffusion = d_axis(relative_gradient, 0, 1)

    # Combine advection and anticipation diffusion
    f1_t_pred = advection + params[3] * diffusion

    return f1_t_pred

[6] MSE: 3.13e-11 | Complexity: 21
# Geometry bottleneck: tanh profile for channel narrowing
    geometry = 1.0 - params[0] * np.tanh(params[1] * x)

    # Crowding factor: linear decrease with field
    crowding = 1.0 - params[2] * f1

    # Combined multiplicative speed reduction
    speed = geometry * crowding

    # Advection flux (negative divergence for transport)
    advection = -d_axis(f1 * speed, 0, 1)

    # Anticipation: relative gradient diffusion (gradient divided by field)
    relative_gradient = d_axis(f1, 0, 1) / f1
    diffusion = d_axis(relative_gradient, 0, 1)

    # Combine advection and anticipation diffusion
    f1_t_pred = advection + params[3] * diffusion

    return f1_t_pred

[7] MSE: 3.13e-11 | Complexity: 21
# Geometry bottleneck: tanh profile for channel narrowing along x1
    geometry = 1.0 - params[0] * np.tanh(params[1] * x[:, 0:1])

    # Crowding factor: linear decrease with field, always positive
    crowding = 1.0 - params[2] * f1

    # Combined multiplicative speed reduction (independent factors)
    speed = geometry * crowding

    # Advection flux
    flux = f1 * speed

    # Advection contribution (negative divergence for transport)
    advection = -d_axis(flux, 0, 1)

    # Anticipation: relative gradient diffusion (gradient divided by field)
    relative_gradient = d_axis(f1, 0, 1) / f1
    diffusion = d_axis(relative_gradient, 0, 1)

    # Combine all terms
    f1_t_pred = advection + params[3] * diffusion

    return f1_t_pred

[8] MSE: 3.13e-11 | Complexity: 21
# Geometry bottleneck: tanh profile for channel narrowing
    geometry = 1.0 - params[0] * np.tanh(params[1] * x)

    # Crowding factor: linear decrease with field
    crowding = 1.0 - params[2] * f1

    # Combined multiplicative speed reduction
    speed = geometry * crowding

    # Advection flux (negative divergence for transport)
    advection = -d_axis(f1 * speed, 0, 1)

    # Anticipation: relative gradient diffusion
    relative_gradient = d_axis(f1, 0, 1) / f1
    diffusion = d_axis(relative_gradient, 0, 1)

    # Combine all terms
    f1_t_pred = advection + params[3] * diffusion

    return f1_t_pred

[9] MSE: 3.13e-11 | Complexity: 21
# Geometry bottleneck: tanh profile for channel narrowing along x1
    geometry = 1.0 - params[0] * np.tanh(params[1] * x[:, 0:1])

    # Crowding factor: linear decrease with field, always positive
    crowding = 1.0 - params[2] * f1

    # Combined multiplicative speed reduction (independent factors)
    speed = geometry * crowding

    # Advection flux (negative divergence for transport)
    flux = f1 * speed

    # Advection contribution
    advection = -d_axis(flux, 0, 1)

    # Anticipation: relative gradient diffusion (gradient divided by field)
    relative_gradient = d_axis(f1, 0, 1) / f1
    diffusion = d_axis(relative_gradient, 0, 1)

    # Combine advection and anticipation diffusion
    f1_t_pred = advection + params[3] * diffusion

    return f1_t_pred

[10] MSE: 3.13e-11 | Complexity: 21
# Combined multiplicative speed reduction: geometry (tanh profile) and crowding (linear in f1)
    speed = (1.0 - params[0] * np.tanh(params[1] * x[:, 0:1])) * (1.0 - params[2] * f1)

    # Advection flux with negative divergence for transport
    advection = -d_axis(f1 * speed, 0, 1)

    # Anticipation: relative gradient diffusion (gradient divided by field)
    relative_gradient = d_axis(f1, 0, 1) / f1
    diffusion = d_axis(relative_gradient, 0, 1)

    # Combine transport and anticipation
    f1_t_pred = advection + params[3] * diffusion

    return f1_t_pred

[11] MSE: 3.13e-11 | Complexity: 21
# Geometry bottleneck: tanh profile for channel narrowing along x1
    geometry = 1.0 - params[0] * np.tanh(params[1] * x)

    # Crowding factor: linear decrease with field, always positive
    crowding = 1.0 - params[2] * f1

    # Combined multiplicative speed reduction (independent factors)
    speed = geometry * crowding

    # Advection flux (negative divergence for transport)
    advection = -d_axis(f1 * speed, 0, 1)

    # Anticipation: relative gradient diffusion (gradient divided by field)
    relative_gradient = d_axis(f1, 0, 1) / f1
    diffusion = d_axis(relative_gradient, 0, 1)

    # Combine advection and anticipation diffusion
    f1_t_pred = advection + params[3] * diffusion

    return f1_t_pred

[12] MSE: 3.13e-11 | Complexity: 21
# Geometry bottleneck: tanh profile for channel narrowing along x1
    geometry = 1.0 - params[0] * np.tanh(params[1] * x[:, 0:1])

    # Crowding factor: linear decrease with field, always positive
    crowding = 1.0 - params[2] * f1

    # Combined multiplicative speed reduction (independent factors)
    speed = geometry * crowding

    # Advection flux
    flux = f1 * speed

    # Advection contribution (negative divergence for transport)
    advection = -d_axis(flux, 0, 1)

    # Anticipation: relative gradient diffusion (gradient divided by field)
    relative_gradient = d_axis(f1, 0, 1) / f1
    diffusion = d_axis(relative_gradient, 0, 1)

    # Combine advection and anticipation diffusion
    f1_t_pred = advection + params[3] * diffusion

    return f1_t_pred

[13] MSE: 3.13e-11 | Complexity: 21
# Geometry bottleneck: tanh profile (channel narrows with x1)
    geometry = 1.0 - params[0] * np.tanh(params[1] * x[:, 0:1])

    # Crowding factor: linear decrease with field
    crowding = 1.0 - params[2] * f1

    # Multiplicative speed (both independent reductions)
    speed = geometry * crowding

    # Advection flux with negative divergence
    advection = -d_axis(f1 * speed, 0, 1)

    # Anticipation: relative gradient diffusion
    relative_gradient = d_axis(f1, 0, 1) / f1
    diffusion = d_axis(relative_gradient, 0, 1)

    # Combine
    f1_t_pred = advection + params[3] * diffusion

    return f1_t_pred

[14] MSE: 3.13e-11 | Complexity: 21
# Geometry bottleneck: tanh profile for channel narrowing along x1
    geometry = 1.0 - params[0] * np.tanh(params[1] * x[:, 0:1])

    # Crowding factor: linear decrease with field, always positive
    crowding = 1.0 - params[2] * f1

    # Combined multiplicative speed reduction (independent factors)
    speed = geometry * crowding

    # Advection flux with negative divergence for transport
    flux = f1 * speed
    advection = -d_axis(flux, 0, 1)

    # Anticipation: relative gradient diffusion (gradient divided by field)
    relative_gradient = d_axis(f1, 0, 1) / f1
    diffusion = d_axis(relative_gradient, 0, 1)

    # Combine advection and anticipation diffusion
    f1_t_pred = advection + params[3] * diffusion

    return f1_t_pred

[15] MSE: 3.13e-11 | Complexity: 21
# Geometry bottleneck: tanh profile for channel narrowing along x1
    geometry = 1.0 - params[0] * np.tanh(params[1] * x[:, 0:1])

    # Crowding factor: linear decrease with field, always positive
    crowding = 1.0 - params[2] * f1

    # Combined multiplicative speed reduction (independent factors)
    speed = geometry * crowding

    # Advection flux with negative divergence (transport)
    advection = -d_axis(f1 * speed, 0, 1)

    # Anticipation: relative gradient diffusion (gradient divided by field)
    relative_gradient = d_axis(f1, 0, 1) / f1
    diffusion = d_axis(relative_gradient, 0, 1)

    # Combine advection and anticipation diffusion
    f1_t_pred = advection + params[3] * diffusion

    return f1_t_pred

[16] MSE: 3.13e-11 | Complexity: 21
# Geometry bottleneck: tanh profile for channel narrowing
    geometry = 1.0 - params[0] * np.tanh(params[1] * x[:, 0:1])

    # Crowding factor: linear decrease with field
    crowding = 1.0 - params[2] * f1

    # Combined multiplicative speed reduction
    speed = geometry * crowding

    # Advection flux (negative divergence for transport)
    advection = -d_axis(f1 * speed, 0, 1)

    # Anticipation: relative gradient diffusion
    relative_gradient = d_axis(f1, 0, 1) / f1
    diffusion = d_axis(relative_gradient, 0, 1)

    # Combine advection and anticipation diffusion
    f1_t_pred = advection + params[3] * diffusion

    return f1_t_pred

[17] MSE: 3.13e-11 | Complexity: 21
# Geometry bottleneck: tanh profile reducing from 1
    geometry = 1.0 - params[0] * np.tanh(params[1] * x[:, 0:1])

    # Crowding factor: linear decrease with field, always positive
    crowding = 1.0 - params[2] * f1

    # Combined speed reduction (multiplicative, independent factors)
    speed = geometry * crowding

    # Advection flux with negative divergence for transport
    flux = f1 * speed
    advection = -d_axis(flux, 0, 1)

    # Anticipation: relative gradient diffusion
    relative_gradient = d_axis(f1, 0, 1) / f1
    diffusion = d_axis(relative_gradient, 0, 1)

    # Combine advection and anticipation diffusion
    f1_t_pred = advection + params[3] * diffusion

    return f1_t_pred

[18] MSE: 3.13e-11 | Complexity: 21
# Geometry bottleneck: tanh profile for channel narrowing along x1
    geometry = 1.0 - params[0] * np.tanh(params[1] * x[:, 0:1])

    # Crowding factor: linear decrease with field, always positive
    crowding = 1.0 - params[2] * f1

    # Combined multiplicative speed reduction (independent factors)
    speed = geometry * crowding

    # Advection flux (negative divergence for transport)
    flux = f1 * speed

    # Advection contribution
    advection = -d_axis(flux, 0, 1)

    # Anticipation: relative gradient diffusion (gradient divided by field)
    relative_gradient = d_axis(f1, 0, 1) / f1
    diffusion = d_axis(relative_gradient, 0, 1)

    # Combine advection and anticipation diffusion
    f1_t_pred = advection + params[3] * diffusion

    return f1_t_pred

[19] MSE: 3.13e-11 | Complexity: 21
# Geometry bottleneck: tanh profile for channel narrowing
    geometry = 1.0 - params[0] * np.tanh(params[1] * x[:, 0:1])

    # Crowding factor: linear decrease with field, always positive
    crowding = 1.0 - params[2] * f1

    # Combined multiplicative speed reduction (independent factors)
    speed = geometry * crowding

    # Advection flux (negative divergence for transport)
    flux = f1 * speed

    # Advection contribution
    advection = -d_axis(flux, 0, 1)

    # Anticipation: relative gradient diffusion (gradient divided by field)
    relative_gradient = d_axis(f1, 0, 1) / f1
    diffusion = d_axis(relative_gradient, 0, 1)

    # Combine advection and anticipation diffusion
    f1_t_pred = advection + params[3] * diffusion

    return f1_t_pred

[20] MSE: 3.13e-11 | Complexity: 21
# Geometry bottleneck: tanh profile for channel narrowing along x1
    geometry = 1.0 - params[0] * np.tanh(params[1] * x[:, 0:1])

    # Crowding factor: linear decrease with field, always positive
    crowding = 1.0 - params[2] * f1

    # Combined multiplicative speed reduction (independent factors)
    speed = geometry * crowding

    # Advection flux (negative divergence for transport)
    flux = f1 * speed
    advection = -d_axis(flux, 0, 1)

    # Anticipation: relative gradient diffusion (gradient divided by field)
    relative_gradient = d_axis(f1, 0, 1) / f1
    diffusion = d_axis(relative_gradient, 0, 1)

    # Combine advection and anticipation diffusion
    f1_t_pred = advection + params[3] * diffusion

    return f1_t_pred

[21] MSE: 3.13e-11 | Complexity: 21
# Geometry bottleneck: tanh profile for channel narrowing along x1
    geometry = 1.0 - params[0] * np.tanh(params[1] * x[:, 0:1])

    # Crowding factor: linear decrease with field, always positive
    crowding = 1.0 - params[2] * f1

    # Combined multiplicative speed reduction (independent factors)
    speed = geometry * crowding

    # Advection flux (negative divergence for transport)
    advection = -d_axis(f1 * speed, 0, 1)

    # Anticipation: relative gradient diffusion (gradient divided by field)
    relative_gradient = d_axis(f1, 0, 1) / f1
    diffusion = d_axis(relative_gradient, 0, 1)

    # Combine advection and anticipation diffusion
    f1_t_pred = advection + params[3] * diffusion

    return f1_t_pred

[22] MSE: 4.39e-03 | Complexity: 4
f1_t_pred = params[0] * d_axis(f1, 0, 2)

    return f1_t_pred

==================================================
✅ Final Pareto front successfully saved to: ..\results_main\final_pareto_front.json
step 6: identifying the variable role (prior reading + best equation + classical parents) ...
role identification: matching the equation to its classical parents ...
  parent candidates: ['Nonlinear advection-diffusion equation with spatially varying velocity and density-dependent diffusivity', 'Fokker-Planck equation with multiplicative noise and spatially varying drift', 'Traffic flow model with bottleneck and anticipation', 'Reaction-diffusion-chemotaxis type equation with self-limiting logistic-like velocity', 'Burgers-type equation with nonlinear non-homogeneous flux and diffusion', 'Porosity/permeability flow equation with pressure-dependent mobility']
role identification: naming the variable from prior + posterior ...
role identification written to ..\results_main\role_identification.json
  variable  : {'symbol': 'f1', 'quantity': 'traffic density (or occupancy) of self-driven particles/cars along a single-lane road with a bottleneck', 'parent_family': 'Traffic flow model with bottleneck and anticipation (modified Lighthill-Whitham-Richards / Aw-Rascle-type)', 'reasoning': "The equation is a conservation law for f1 (u_t = -divergence of flux), with a flux f1 * speed where speed = geometry * crowding. The geometry factor (1 - 0.5 tanh(x)) creates a spatial bottleneck (narrowing channel) and the crowding factor (1 - f1) forces a linear velocity-density relation, exactly a traffic fundamental diagram. The diffusion term ε (f1_x/f1)_x (relative-gradient diffusion) is a well-known 'anticipation' term in traffic models, where drivers look ahead by comparing density gradients. The values are strictly non-negative and bounded (0.1 to 0.7), characteristic of traffic density. The macroscopic prior (negative feedback for positive departures, relaxation to small baseline with nonlinear damping) also matches a stable traffic flow with perturbations that decay via anticipation."}
  discipline: {'field': 'Applied mathematics / Physics of complex systems', 'subfield': 'Traffic flow theory / vehicular dynamics / collective motion', 'reasoning': 'The equation has no reaction terms, is a conservation law with a multiplicative speed that depends on both position (geometry) and field value (crowding), plus a small diffusion. This is the canonical structure of a traffic flow model with bottleneck congestion and driver anticipation. The fact that the diffusion is relative-gradient (f_x/f) rather than plain Laplacian is the key fingerprint — it is specifically derived from anticipating driver behavior in traffic literature, not from standard physics diffusion.'}
  confidence: high
