configuration B: the spec prior is global (1296 chars) -> plan + library design + search
✅ [EVALUATED] MSE: 4.39e-03 | Params: [0.265073 1.       1.       1.       1.      ]
✅ [EVALUATED] MSE: 5.34e-04 | Params: [ 2.82621000e-01  2.78205705e+02 -5.04616100e+01  8.07350000e-02
  1.00000000e+00]
Execution Error: name 'f1_t_pred' is not defined
================= Evaluated Function =================
def equation(x: np.ndarray, f1: np.ndarray, params: np.ndarray, d_axis: callable) -> np.ndarray:
    """ Mathematical function for the RHS of an unknown 1D PDE.

    Args:
        x: spatial coordinate grid, shape (Nx, 1).
        f1: the measured field, shape (Nx, Nt).
        params: a fixed-length array of exactly 5 entries. Use only indices 0..4.
        d_axis: spatial derivative. Call d_axis(field, axis, order); axis=0 is x1.

    Return:
        `f1_t_pred`, a numpy array with the grid shape.

    STRICT CONSTRAINT:
        1. SPATIAL DERIVATIVES & MATH: you are a physicist discovering a PDE. Use ONLY
           the provided d_axis(field, axis, order) for derivatives (max order 4), with
           axis=0 for the single spatial coordinate x1. For mathematical functions you
           are STRICTLY LIMITED to np.sin, np.cos, np.tanh and np.exp. Do not call any
           other np.* routine, do not import anything, and do not write numerical
           algorithms. Ordinary arithmetic (+ - * / **) and params[0..4] are free.
        2. OUTPUT FORMAT: write the complete formula, assign it to f1_t_pred, and
           strictly end with return f1_t_pred. No placeholders.
        3. PARETO EVOLUTION: the frontier trades MSE against complexity. Complexity
           counts the derivative calls, the arithmetic operations and every params
           you use, so the same term written more compactly is preferred.
        4. OPTIMIZATION STRATEGY:{PARETO_FRONTIER_PLACEHOLDER}
    """
    f1_t_pred = params[0] * d_axis(f1, 0, 2)

    return f1_t_pred
------------------------------------------------------
MSE          : 4.39e-03
Complexity   : 4
Sample time  : None
Evaluate time: 2.8416764736175537
Sample orders: None
======================================================


================= Evaluated Function =================
def equation(x: np.ndarray, f1: np.ndarray, params: np.ndarray, d_axis: callable) -> np.ndarray:
    """ Mathematical function for the RHS of an unknown 1D PDE.

    Args:
        x: spatial coordinate grid, shape (Nx, 1).
        f1: the measured field, shape (Nx, Nt).
        params: a fixed-length array of exactly 5 entries. Use only indices 0..4.
        d_axis: spatial derivative. Call d_axis(field, axis, order); axis=0 is x1.

    Return:
        `f1_t_pred`, a numpy array with the grid shape.

    STRICT CONSTRAINT:
        1. SPATIAL DERIVATIVES & MATH: you are a physicist discovering a PDE. Use ONLY
           the provided d_axis(field, axis, order) for derivatives (max order 4), with
           axis=0 for the single spatial coordinate x1. For mathematical functions you
           are STRICTLY LIMITED to np.sin, np.cos, np.tanh and np.exp. Do not call any
           other np.* routine, do not import anything, and do not write numerical
           algorithms. Ordinary arithmetic (+ - * / **) and params[0..4] are free.
        2. OUTPUT FORMAT: write the complete formula, assign it to f1_t_pred, and
           strictly end with return f1_t_pred. No placeholders.
        3. PARETO EVOLUTION: the frontier trades MSE against complexity. Complexity
           counts the derivative calls, the arithmetic operations and every params
           you use, so the same term written more compactly is preferred.
        4. OPTIMIZATION STRATEGY:{PARETO_FRONTIER_PLACEHOLDER}
    """
    # Transport: advection with speed reduced by bottleneck and crowding
    # Bottleneck: smooth reduction from 1 to (1-p0*tanh(x))
    # Crowding: 1/(1+p1*f1)

    bottleneck = 1 - params[0] * np.tanh(x[:, 0:1])
    crowding = 1 / (1 + params[1] * np.abs(f1))

    # Relative gradient diffusion (anticipation)
    f1_x = d_axis(f1, 0, 1)
    f1_xx = d_axis(f1, 0, 2)

    # Main transport term
    transport = params[2] * f1_x * bottleneck * crowding

    # Anticipation via relative gradient: diffusion of relative change
    anticipation = params[3] * (f1_xx / (np.abs(f1) + 1e-6))

    # Combined - both are limited and never negative
    f1_t_pred = transport + anticipation

    return f1_t_pred
------------------------------------------------------
MSE          : 5.34e-04
Complexity   : 27
Sample time  : 6.266196250915527
Evaluate time: 8.330349206924438
Sample orders: 1
======================================================


⏱️  [NO SCORE] the sandbox returned nothing for this draw (timeout 60s, or a runtime error); it gets no MSE and no frontier slot
================= Evaluated Function =================
def equation(x: np.ndarray, f1: np.ndarray, params: np.ndarray, d_axis: callable) -> np.ndarray:
    """ Mathematical function for the RHS of an unknown 1D PDE.

    Args:
        x: spatial coordinate grid, shape (Nx, 1).
        f1: the measured field, shape (Nx, Nt).
        params: a fixed-length array of exactly 5 entries. Use only indices 0..4.
        d_axis: spatial derivative. Call d_axis(field, axis, order); axis=0 is x1.

    Return:
        `f1_t_pred`, a numpy array with the grid shape.

    STRICT CONSTRAINT:
        1. SPATIAL DERIVATIVES & MATH: you are a physicist discovering a PDE. Use ONLY
           the provided d_axis(field, axis, order) for derivatives (max order 4), with
           axis=0 for the single spatial coordinate x1. For mathematical functions you
           are STRICTLY LIMITED to np.sin, np.cos, np.tanh and np.exp. Do not call any
           other np.* routine, do not import anything, and do not write numerical
           algorithms. Ordinary arithmetic (+ - * / **) and params[0..4] are free.
        2. OUTPUT FORMAT: write the complete formula, assign it to f1_t_pred, and
           strictly end with return f1_t_pred. No placeholders.
        3. PARETO EVOLUTION: the frontier trades MSE against complexity. Complexity
           counts the derivative calls, the arithmetic operations and every params
           you use, so the same term written more compactly is preferred.
        4. OPTIMIZATION STRATEGY:{PARETO_FRONTIER_PLACEHOLDER}
    """
    return f1_t_pred
------------------------------------------------------
MSE          : N/A
Complexity   : N/A
Sample time  : 6.266196250915527
Evaluate time: 2.676521062850952
Sample orders: 2
======================================================


🚫 [UNPARSABLE] the reply carried no executable body; draw dropped
🚫 [UNPARSABLE] the reply carried no executable body; draw dropped
✅ [EVALUATED] MSE: 3.82e-04 | Params: [ 1.189700e-02  2.545242e+01 -5.108006e+00  7.466900e-02  1.000000e+00]
✅ [EVALUATED] MSE: 7.58e-04 | Params: [ 6.50550000e-01  1.84753627e+02 -8.24799650e+01  6.89890000e-02
  1.00000000e+00]
✅ [EVALUATED] MSE: 5.38e-04 | Params: [ 2.8223100e-01  8.3218176e+01 -1.5682981e+01  8.0416000e-02
  1.0000000e+00]
================= Evaluated Function =================
def equation(x: np.ndarray, f1: np.ndarray, params: np.ndarray, d_axis: callable) -> np.ndarray:
    """ Mathematical function for the RHS of an unknown 1D PDE.

    Args:
        x: spatial coordinate grid, shape (Nx, 1).
        f1: the measured field, shape (Nx, Nt).
        params: a fixed-length array of exactly 5 entries. Use only indices 0..4.
        d_axis: spatial derivative. Call d_axis(field, axis, order); axis=0 is x1.

    Return:
        `f1_t_pred`, a numpy array with the grid shape.

    STRICT CONSTRAINT:
        1. SPATIAL DERIVATIVES & MATH: you are a physicist discovering a PDE. Use ONLY
           the provided d_axis(field, axis, order) for derivatives (max order 4), with
           axis=0 for the single spatial coordinate x1. For mathematical functions you
           are STRICTLY LIMITED to np.sin, np.cos, np.tanh and np.exp. Do not call any
           other np.* routine, do not import anything, and do not write numerical
           algorithms. Ordinary arithmetic (+ - * / **) and params[0..4] are free.
        2. OUTPUT FORMAT: write the complete formula, assign it to f1_t_pred, and
           strictly end with return f1_t_pred. No placeholders.
        3. PARETO EVOLUTION: the frontier trades MSE against complexity. Complexity
           counts the derivative calls, the arithmetic operations and every params
           you use, so the same term written more compactly is preferred.
        4. OPTIMIZATION STRATEGY:{PARETO_FRONTIER_PLACEHOLDER}
    """
    # Transport with bottleneck and crowding reductions
    # Bottleneck: smooth reduction (1 - p0*tanh(x))
    bottleneck = 1 - params[0] * np.tanh(x[:, 0:1])

    # Crowding: 1/(1 + p1*|f1|) - positive factor, self-limiting
    crowding = 1 / (1 + params[1] * np.abs(f1))

    # First derivative for transport
    f1_x = d_axis(f1, 0, 1)

    # Transport term with combined reductions (multiplicative)
    transport = params[2] * f1_x * bottleneck * crowding

    # Anticipation via relative gradient diffusion
    # Define relative gradient: r = f1_x / f1
    # Its spatial derivative: d/dx(f1_x/f1) = (f1_xx*f1 - f1_x^2)/f1^2
    f1_xx = d_axis(f1, 0, 2)

    # Relative gradient and its derivative
    eps = 1e-6
    rel_grad = f1_x / (np.abs(f1) + eps)
    rel_grad_x = (f1_xx * f1 - f1_x**2) / (f1**2 + eps)

    # Anticipation term - diffusion of relative gradient
    anticipation = params[3] * rel_grad_x

    # Combine: transport + anticipation
    f1_t_pred = transport + anticipation

    return f1_t_pred
------------------------------------------------------
MSE          : 3.82e-04
Complexity   : 44
Sample time  : 3.695474326610565
Evaluate time: 7.208589553833008
Sample orders: 5
======================================================


================= Evaluated Function =================
def equation(x: np.ndarray, f1: np.ndarray, params: np.ndarray, d_axis: callable) -> np.ndarray:
    """ Mathematical function for the RHS of an unknown 1D PDE.

    Args:
        x: spatial coordinate grid, shape (Nx, 1).
        f1: the measured field, shape (Nx, Nt).
        params: a fixed-length array of exactly 5 entries. Use only indices 0..4.
        d_axis: spatial derivative. Call d_axis(field, axis, order); axis=0 is x1.

    Return:
        `f1_t_pred`, a numpy array with the grid shape.

    STRICT CONSTRAINT:
        1. SPATIAL DERIVATIVES & MATH: you are a physicist discovering a PDE. Use ONLY
           the provided d_axis(field, axis, order) for derivatives (max order 4), with
           axis=0 for the single spatial coordinate x1. For mathematical functions you
           are STRICTLY LIMITED to np.sin, np.cos, np.tanh and np.exp. Do not call any
           other np.* routine, do not import anything, and do not write numerical
           algorithms. Ordinary arithmetic (+ - * / **) and params[0..4] are free.
        2. OUTPUT FORMAT: write the complete formula, assign it to f1_t_pred, and
           strictly end with return f1_t_pred. No placeholders.
        3. PARETO EVOLUTION: the frontier trades MSE against complexity. Complexity
           counts the derivative calls, the arithmetic operations and every params
           you use, so the same term written more compactly is preferred.
        4. OPTIMIZATION STRATEGY:{PARETO_FRONTIER_PLACEHOLDER}
    """
    # Transport speed: baseline reduced by bottleneck (tanh profile of x)
    # and by crowding (positive factor of f1)
    # Both reductions multiply, never negative

    # Bottleneck: starts at 1, reduces towards one end
    # Use tanh for smooth one-sided reduction
    bottleneck = 1 - params[0] * (0.5 + 0.5*np.tanh(x[:, 0:1]))

    # Crowding factor - always positive, reduces speed
    crowding = 1 / (1 + params[1] * np.abs(f1))

    # Transport speed combines both reductions multiplicatively
    speed = bottleneck * crowding

    # Relative gradient for anticipation: f1_x / (|f1| + eps)
    f1_x = d_axis(f1, 0, 1)
    relative_gradient = f1_x / (np.abs(f1) + 1e-8)

    # Self-limiting: speed cannot be negative
    # Use tanh to keep bounded
    speed_limited = np.tanh(speed * params[2])

    # Main transport: advection with speed
    transport = speed_limited * f1_x

    # Anticipation: diffusion of relative gradient
    # This captures how the field anticipates changes
    f1_xx = d_axis(f1, 0, 2)
    anticipation = params[3] * f1_xx / (np.abs(f1) + 1e-8)

    # Combined: transport + anticipation
    # Both are additive but transport self-limits through speed
    f1_t_pred = transport + anticipation

    return f1_t_pred
------------------------------------------------------
MSE          : 7.58e-04
Complexity   : 33
Sample time  : 3.695474326610565
Evaluate time: 10.474623680114746
Sample orders: 6
======================================================


================= Evaluated Function =================
def equation(x: np.ndarray, f1: np.ndarray, params: np.ndarray, d_axis: callable) -> np.ndarray:
    """ Mathematical function for the RHS of an unknown 1D PDE.

    Args:
        x: spatial coordinate grid, shape (Nx, 1).
        f1: the measured field, shape (Nx, Nt).
        params: a fixed-length array of exactly 5 entries. Use only indices 0..4.
        d_axis: spatial derivative. Call d_axis(field, axis, order); axis=0 is x1.

    Return:
        `f1_t_pred`, a numpy array with the grid shape.

    STRICT CONSTRAINT:
        1. SPATIAL DERIVATIVES & MATH: you are a physicist discovering a PDE. Use ONLY
           the provided d_axis(field, axis, order) for derivatives (max order 4), with
           axis=0 for the single spatial coordinate x1. For mathematical functions you
           are STRICTLY LIMITED to np.sin, np.cos, np.tanh and np.exp. Do not call any
           other np.* routine, do not import anything, and do not write numerical
           algorithms. Ordinary arithmetic (+ - * / **) and params[0..4] are free.
        2. OUTPUT FORMAT: write the complete formula, assign it to f1_t_pred, and
           strictly end with return f1_t_pred. No placeholders.
        3. PARETO EVOLUTION: the frontier trades MSE against complexity. Complexity
           counts the derivative calls, the arithmetic operations and every params
           you use, so the same term written more compactly is preferred.
        4. OPTIMIZATION STRATEGY:{PARETO_FRONTIER_PLACEHOLDER}
    """
    # Bottleneck reduction and crowding reduction - multiplicative
    speed_factor = (1 - params[0] * np.tanh(x[:, 0:1])) * (1 / (1 + params[1] * np.abs(f1)))

    # Transport: advection with reduced speed
    transport = params[2] * d_axis(f1, 0, 1) * speed_factor

    # Anticipation: relative gradient diffusion (f1_xx/f1 scaled)
    anticipation = params[3] * (d_axis(f1, 0, 2) / (np.abs(f1) + 1e-6))

    # Total: sum of transport and anticipation
    f1_t_pred = transport + anticipation

    return f1_t_pred
------------------------------------------------------
MSE          : 5.38e-04
Complexity   : 23✅ [EVALUATED] MSE: 5.22e-04 | Params: [ 2.51335000e-01  3.36548798e+02 -6.29481900e+01  6.65150000e-02
  1.00000000e+00]
✅ [EVALUATED] MSE: 1.08e-03 | Params: [ 0.024104  8.842146 -2.497455 -0.031369  1.      ]
✅ [EVALUATED] MSE: 3.82e-04 | Params: [ 1.189700e-02  2.545242e+01 -5.108006e+00  7.466900e-02  1.000000e+00]

Sample time  : 3.695474326610565
Evaluate time: 11.148088932037354
Sample orders: 7
======================================================


================= Evaluated Function =================
def equation(x: np.ndarray, f1: np.ndarray, params: np.ndarray, d_axis: callable) -> np.ndarray:
    """ Mathematical function for the RHS of an unknown 1D PDE.

    Args:
        x: spatial coordinate grid, shape (Nx, 1).
        f1: the measured field, shape (Nx, Nt).
        params: a fixed-length array of exactly 5 entries. Use only indices 0..4.
        d_axis: spatial derivative. Call d_axis(field, axis, order); axis=0 is x1.

    Return:
        `f1_t_pred`, a numpy array with the grid shape.

    STRICT CONSTRAINT:
        1. SPATIAL DERIVATIVES & MATH: you are a physicist discovering a PDE. Use ONLY
           the provided d_axis(field, axis, order) for derivatives (max order 4), with
           axis=0 for the single spatial coordinate x1. For mathematical functions you
           are STRICTLY LIMITED to np.sin, np.cos, np.tanh and np.exp. Do not call any
           other np.* routine, do not import anything, and do not write numerical
           algorithms. Ordinary arithmetic (+ - * / **) and params[0..4] are free.
        2. OUTPUT FORMAT: write the complete formula, assign it to f1_t_pred, and
           strictly end with return f1_t_pred. No placeholders.
        3. PARETO EVOLUTION: the frontier trades MSE against complexity. Complexity
           counts the derivative calls, the arithmetic operations and every params
           you use, so the same term written more compactly is preferred.
        4. OPTIMIZATION STRATEGY:{PARETO_FRONTIER_PLACEHOLDER}
    """
    # Transport with bottleneck and crowding reductions
    # Bottleneck: smooth reduction from 1 to (1 - params[0]*tanh(x1))
    # The channel is widest at one end, tightening towards the other
    bottleneck = 1 - params[0] * np.tanh(x[:, 0:1])

    # Crowding: positive factor of f1 alone
    crowding = 1 / (1 + params[1] * np.abs(f1))

    # Relative gradient diffusion (anticipation)
    f1_x = d_axis(f1, 0, 1)
    f1_xx = d_axis(f1, 0, 2)

    # Main transport: advection speed * spatial gradient
    # Both reductions apply together multiplicatively
    transport = params[2] * f1_x * bottleneck * crowding

    # Anticipation: diffusion of relative gradient (f1_xx/f1)
    # This uses relative gradient, not absolute
    anticipation = params[3] * (f1_xx / (np.abs(f1) + 1e-6)) * bottleneck

    # Combine - both are limited and never negative
    f1_t_pred = transport + anticipation

    return f1_t_pred
------------------------------------------------------
MSE          : 5.22e-04
Complexity   : 28
Sample time  : 3.695474326610565
Evaluate time: 9.801020860671997
Sample orders: 8
======================================================


================= Evaluated Function =================
def equation(x: np.ndarray, f1: np.ndarray, params: np.ndarray, d_axis: callable) -> np.ndarray:
    """ Mathematical function for the RHS of an unknown 1D PDE.

    Args:
        x: spatial coordinate grid, shape (Nx, 1).
        f1: the measured field, shape (Nx, Nt).
        params: a fixed-length array of exactly 5 entries. Use only indices 0..4.
        d_axis: spatial derivative. Call d_axis(field, axis, order); axis=0 is x1.

    Return:
        `f1_t_pred`, a numpy array with the grid shape.

    STRICT CONSTRAINT:
        1. SPATIAL DERIVATIVES & MATH: you are a physicist discovering a PDE. Use ONLY
           the provided d_axis(field, axis, order) for derivatives (max order 4), with
           axis=0 for the single spatial coordinate x1. For mathematical functions you
           are STRICTLY LIMITED to np.sin, np.cos, np.tanh and np.exp. Do not call any
           other np.* routine, do not import anything, and do not write numerical
           algorithms. Ordinary arithmetic (+ - * / **) and params[0..4] are free.
        2. OUTPUT FORMAT: write the complete formula, assign it to f1_t_pred, and
           strictly end with return f1_t_pred. No placeholders.
        3. PARETO EVOLUTION: the frontier trades MSE against complexity. Complexity
           counts the derivative calls, the arithmetic operations and every params
           you use, so the same term written more compactly is preferred.
        4. OPTIMIZATION STRATEGY:{PARETO_FRONTIER_PLACEHOLDER}
    """
    # Spatial bottleneck: channel narrows from wide at negative x to narrow at positive x
    bottleneck = 1 - params[0] * np.tanh(x[:, 0:1])

    # Crowding: self-limiting effect (positive factor of f1)
    crowding = 1 / (1 + params[1] * np.abs(f1))

    # First derivative for transport
    f1_x = d_axis(f1, 0, 1)

    # Transport with combined multiplicative reductions
    transport = params[2] * f1_x * bottleneck * crowding

    # Anticipation: relative gradient diffusion
    # Relative gradient = f1_x/f1
    # Its derivative = (f1_xx * f1 - f1_x^2) / f1^2
    # But we need to handle zeros carefully
    f1_xx = d_axis(f1, 0, 2)

    # Use small epsilon to avoid division by zero
    eps = 1e-6
    rel_grad = f1_x / (np.abs(f1) + eps)

    # Anticipation should be diffusion-like but on relative gradient
    anticipation = params[3] * d_axis(rel_grad, 0, 2)

    # Combine transport and anticipation
    f1_t_pred = transport + anticipation

    return f1_t_pred
------------------------------------------------------
MSE          : 1.08e-03
Complexity   : 29
Sample time  : 6.090565025806427
Evaluate time: 12.071632385253906
Sample orders: 9
======================================================


================= Evaluated Function =================
def equation(x: np.ndarray, f1: np.ndarray, params: np.ndarray, d_axis: callable) -> np.ndarray:
    """ Mathematical function for the RHS of an unknown 1D PDE.

    Args:
        x: spatial coordinate grid, shape (Nx, 1).
        f1: the measured field, shape (Nx, Nt).
        params: a fixed-length array of exactly 5 entries. Use only indices 0..4.
        d_axis: spatial derivative. Call d_axis(field, axis, order); axis=0 is x1.

    Return:
        `f1_t_pred`, a numpy array with the grid shape.

    STRICT CONSTRAINT:
        1. SPATIAL DERIVATIVES & MATH: you are a physicist discovering a PDE. Use ONLY
           the provided d_axis(field, axis, order) for derivatives (max order 4), with
           axis=0 for the single spatial coordinate x1. For mathematical functions you
           are STRICTLY LIMITED to np.sin, np.cos, np.tanh and np.exp. Do not call any
           other np.* routine, do not import anything, and do not write numerical
           algorithms. Ordinary arithmetic (+ - * / **) and params[0..4] are free.
        2. OUTPUT FORMAT: write the complete formula, assign it to f1_t_pred, and
           strictly end with return f1_t_pred. No placeholders.
        3. PARETO EVOLUTION: the frontier trades MSE against complexity. Complexity
           counts the derivative calls, the arithmetic operations and every params
           you use, so the same term written more compactly is preferred.
        4. OPTIMIZATION STRATEGY:{PARETO_FRONTIER_PLACEHOLDER}
    """
    # Spatial derivatives
    f1_x = d_axis(f1, 0, 1)
    f1_xx = d_axis(f1, 0, 2)

    # Bottleneck: 1 - p0*tanh(x)  (starts wide, narrows)
    bottleneck = 1 - params[0] * np.tanh(x[:, 0:1])

    # Crowding: 1/(1+p1*f1) - positive factor
    crowding = 1 / (1 + params[1] * np.abs(f1))

    # Transport: speed × gradient, with both reductions
    transport = params[2] * f1_x * bottleneck * crowding

    # Anticipation: relative gradient diffusion
    # d/dx(f1_x/f1) = (f1_xx*f1 - f1_x^2)/f1^2
    eps = 1e-6
    relative_diffusion = (f1_xx * f1 - f1_x**2) / (f1**2 + eps)
    anticipation = params[3] * relative_diffusion

    # Combine (anticipation also has the bottleneck effect? Or separate?)
    f1_t_pred = transport + anticipation

    return f1_t_pred
------------------------------------------------------
MSE          : 3.82e-04✅ [EVALUATED] MSE: 3.82e-04 | Params: [1.5169000e-02 2.7900837e+01 5.4804960e+00 7.4788000e-02 1.0000000e+00]
✅ [EVALUATED] MSE: 3.82e-04 | Params: [ 1.189700e-02  2.545242e+01 -5.108006e+00  7.466900e-02  1.000000e+00]
✅ [EVALUATED] MSE: 3.82e-04 | Params: [ 9.3740000e-03  2.3939484e+01 -4.8531100e+00  7.5008000e-02
  1.0000000e+00]
✅ [EVALUATED] MSE: 3.81e-04 | Params: [ 2.7496000e-02  2.9618888e+01  5.7316370e+00 -7.2829000e-02
  1.0000000e+00]

Complexity   : 38
Sample time  : 6.090565025806427
Evaluate time: 8.627623081207275
Sample orders: 10
======================================================


================= Evaluated Function =================
def equation(x: np.ndarray, f1: np.ndarray, params: np.ndarray, d_axis: callable) -> np.ndarray:
    """ Mathematical function for the RHS of an unknown 1D PDE.

    Args:
        x: spatial coordinate grid, shape (Nx, 1).
        f1: the measured field, shape (Nx, Nt).
        params: a fixed-length array of exactly 5 entries. Use only indices 0..4.
        d_axis: spatial derivative. Call d_axis(field, axis, order); axis=0 is x1.

    Return:
        `f1_t_pred`, a numpy array with the grid shape.

    STRICT CONSTRAINT:
        1. SPATIAL DERIVATIVES & MATH: you are a physicist discovering a PDE. Use ONLY
           the provided d_axis(field, axis, order) for derivatives (max order 4), with
           axis=0 for the single spatial coordinate x1. For mathematical functions you
           are STRICTLY LIMITED to np.sin, np.cos, np.tanh and np.exp. Do not call any
           other np.* routine, do not import anything, and do not write numerical
           algorithms. Ordinary arithmetic (+ - * / **) and params[0..4] are free.
        2. OUTPUT FORMAT: write the complete formula, assign it to f1_t_pred, and
           strictly end with return f1_t_pred. No placeholders.
        3. PARETO EVOLUTION: the frontier trades MSE against complexity. Complexity
           counts the derivative calls, the arithmetic operations and every params
           you use, so the same term written more compactly is preferred.
        4. OPTIMIZATION STRATEGY:{PARETO_FRONTIER_PLACEHOLDER}
    """
    # Speed reductions
    bottleneck = 1 - params[0] * np.tanh(x[:, 0:1])  # channel narrowing
    crowding = 1 / (1 + params[1] * np.abs(f1))      # self-limiting crowding

    # First and second derivatives
    f1_x = d_axis(f1, 0, 1)
    f1_xx = d_axis(f1, 0, 2)

    # Transport term: speed × gradient (multiplicative reductions)
    transport = -params[2] * f1_x * bottleneck * crowding

    # Relative gradient: f1_x / f1 (with safety epsilon)
    eps = 1e-6
    rel_grad = f1_x / (np.abs(f1) + eps)

    # Its spatial derivative (anticipation term)
    # d/dx(f1_x / f1) = (f1_xx * f1 - f1_x^2) / f1^2
    rel_grad_x = (f1_xx * f1 - f1_x**2) / (f1**2 + eps)

    # Anticipation driven diffusion
    anticipation = params[3] * rel_grad_x

    # Combine
    f1_t_pred = transport + anticipation

    return f1_t_pred
------------------------------------------------------
MSE          : 3.82e-04
Complexity   : 37
Sample time  : 6.090565025806427
Evaluate time: 6.772592782974243
Sample orders: 11
======================================================


================= Evaluated Function =================
def equation(x: np.ndarray, f1: np.ndarray, params: np.ndarray, d_axis: callable) -> np.ndarray:
    """ Mathematical function for the RHS of an unknown 1D PDE.

    Args:
        x: spatial coordinate grid, shape (Nx, 1).
        f1: the measured field, shape (Nx, Nt).
        params: a fixed-length array of exactly 5 entries. Use only indices 0..4.
        d_axis: spatial derivative. Call d_axis(field, axis, order); axis=0 is x1.

    Return:
        `f1_t_pred`, a numpy array with the grid shape.

    STRICT CONSTRAINT:
        1. SPATIAL DERIVATIVES & MATH: you are a physicist discovering a PDE. Use ONLY
           the provided d_axis(field, axis, order) for derivatives (max order 4), with
           axis=0 for the single spatial coordinate x1. For mathematical functions you
           are STRICTLY LIMITED to np.sin, np.cos, np.tanh and np.exp. Do not call any
           other np.* routine, do not import anything, and do not write numerical
           algorithms. Ordinary arithmetic (+ - * / **) and params[0..4] are free.
        2. OUTPUT FORMAT: write the complete formula, assign it to f1_t_pred, and
           strictly end with return f1_t_pred. No placeholders.
        3. PARETO EVOLUTION: the frontier trades MSE against complexity. Complexity
           counts the derivative calls, the arithmetic operations and every params
           you use, so the same term written more compactly is preferred.
        4. OPTIMIZATION STRATEGY:{PARETO_FRONTIER_PLACEHOLDER}
    """
    # Transport with bottleneck and crowding reductions
    # Bottleneck: smooth reduction (1 - p0*tanh(x)) - baseline 1 reduced by tanh profile
    bottleneck = 1 - params[0] * np.tanh(x[:, 0:1])

    # Crowding: 1/(1 + p1*|f1|) - positive factor, self-limiting
    crowding = 1 / (1 + params[1] * np.abs(f1))

    # First derivative for transport
    f1_x = d_axis(f1, 0, 1)

    # Transport term with combined multiplicative reductions
    transport = params[2] * f1_x * bottleneck * crowding

    # Anticipation via relative gradient diffusion
    # Relative gradient: r = f1_x / f1
    # Its spatial derivative: d/dx(f1_x/f1) = (f1_xx*f1 - f1_x^2)/f1^2
    f1_xx = d_axis(f1, 0, 2)

    # Compute relative gradient diffusion term
    eps = 1e-6
    rel_grad_x = (f1_xx * f1 - f1_x**2) / (f1**2 + eps)

    # Anticipation term - diffusion of relative gradient
    anticipation = params[3] * rel_grad_x

    # Combine: transport + anticipation
    f1_t_pred = transport + anticipation

    return f1_t_pred
------------------------------------------------------
MSE          : 3.82e-04
Complexity   : 43
Sample time  : 6.090565025806427
Evaluate time: 7.257232189178467
Sample orders: 12
======================================================


================= Evaluated Function =================
def equation(x: np.ndarray, f1: np.ndarray, params: np.ndarray, d_axis: callable) -> np.ndarray:
    """ Mathematical function for the RHS of an unknown 1D PDE.

    Args:
        x: spatial coordinate grid, shape (Nx, 1).
        f1: the measured field, shape (Nx, Nt).
        params: a fixed-length array of exactly 5 entries. Use only indices 0..4.
        d_axis: spatial derivative. Call d_axis(field, axis, order); axis=0 is x1.

    Return:
        `f1_t_pred`, a numpy array with the grid shape.

    STRICT CONSTRAINT:
        1. SPATIAL DERIVATIVES & MATH: you are a physicist discovering a PDE. Use ONLY
           the provided d_axis(field, axis, order) for derivatives (max order 4), with
           axis=0 for the single spatial coordinate x1. For mathematical functions you
           are STRICTLY LIMITED to np.sin, np.cos, np.tanh and np.exp. Do not call any
           other np.* routine, do not import anything, and do not write numerical
           algorithms. Ordinary arithmetic (+ - * / **) and params[0..4] are free.
        2. OUTPUT FORMAT: write the complete formula, assign it to f1_t_pred, and
           strictly end with return f1_t_pred. No placeholders.
        3. PARETO EVOLUTION: the frontier trades MSE against complexity. Complexity
           counts the derivative calls, the arithmetic operations and every params
           you use, so the same term written more compactly is preferred.
        4. OPTIMIZATION STRATEGY:{PARETO_FRONTIER_PLACEHOLDER}
    """
    # Transport speed with bottleneck and crowding
    speed = (1 - params[0] * np.tanh(x[:, 0:1])) / (1 + params[1] * np.abs(f1))

    # Advection
    transport = params[2] * d_axis(f1, 0, 1) * speed

    # Relative gradient and its derivative (anticipation)
    f1_x = d_axis(f1, 0, 1)
    f1_xx = d_axis(f1, 0, 2)
    rel_grad_x = (f1_xx * f1 - f1_x**2) / (f1**2 + 1e-6)

    anticipation = params[3] * rel_grad_x

    f1_t_pred = transport + anticipation
    return f1_t_pred
------------------------------------------------------
MSE          : 3.82e-04
Complexity   : 28
Sample time  : 2.178285002708435
Evaluate time: 7.506584167480469
Sample orders: 13
======================================================


================= Evaluated Function =================
def equation(x: np.ndarray, f1: np.ndarray, params: np.ndarray, d_axis: callable) -> np.ndarray:
    """ Mathematical function for the RHS of an unknown 1D PDE.

    Args:
        x: spatial coordinate grid, shape (Nx, 1).
        f1: the measured field, shape (Nx, Nt).
        params: a fixed-length array of exactly 5 entries. Use only indices 0..4.
        d_axis: spatial derivative. Call d_axis(field, axis, order); axis=0 is x1.

    Return:
        `f1_t_pred`, a numpy array with the grid shape.

    STRICT CONSTRAINT:
        1. SPATIAL DERIVATIVES & MATH: you are a physicist discovering a PDE. Use ONLY
           the provided d_axis(field, axis, order) for derivatives (max order 4), with
           axis=0 for the single spatial coordinate x1. For mathematical functions you
           are STRICTLY LIMITED to np.sin, np.cos, np.tanh and np.exp. Do not call any
           other np.* routine, do not import anything, and do not write numerical
           algorithms. Ordinary arithmetic (+ - * / **) and params[0..4] are free.
        2. OUTPUT FORMAT: write the complete formula, assign it to f1_t_pred, and
           strictly end with return f1_t_pred. No placeholders.
        3. PARETO EVOLUTION: the frontier trades MSE against complexity. Complexity
           counts the derivative calls, the arithmetic operations and every params
           you use, so the same term written more compactly is preferred.
        4. OPTIMIZATION STRATEGY:{PARETO_FRONTIER_PLACEHOLDER}
    """
    # Spatial bottleneck: 1 - p0*tanh(x) smoothly reduces from 1 to 0
    bottleneck = 1 - params[0] * np.tanh(x[:, 0:1])

    # Crowding: 1/(1 + p1*|f1|) reduces speed as field builds up
    crowding = 1 / (1 + params[1] * np.abs(f1))

    # First and second derivatives
    f1_x = d_axis(f1, 0, 1)
    f1_xx = d_axis(f1, 0, 2)

    # Transport with multiplicative reductions
    transport = -params[2] * f1_x * bottleneck * crowding

    # Relative gradient: f1_x / f1 (with safety)
    rel_grad = f1_x / (np.abs(f1) + 1e-6)

    # Anticipation: derivative of relative gradient (uses quotient rule)
    # d/dx(f1_x/f1) = (f1_xx*f1 - f1_x²)/f1²
    rel_grad_x = (f1_xx * f1 - f1_x**2) / (f1**2 + 1e-6)

    # Anticipation term with its own reduction (same bottleneck)
    anticipation = -params[3] * rel_grad_x * bottleneck

    # Combine
    f1_t_pred = transport + anticipation

    return f1_t_pred✅ [EVALUATED] MSE: 3.82e-04 | Params: [ 0.029866 25.859481  5.222873  0.074755  1.      ]
✅ [EVALUATED] MSE: 3.82e-04 | Params: [1.3933000e-02 2.3899553e+01 4.8124660e+00 7.4756000e-02 1.0000000e+00]
✅ [EVALUATED] MSE: 3.82e-04 | Params: [ 6.0675580e+00  1.5990000e-02  3.1418924e+01 -7.4813000e-02
  1.0000000e+00]

------------------------------------------------------
MSE          : 3.81e-04
Complexity   : 44
Sample time  : 2.178285002708435
Evaluate time: 9.020057201385498
Sample orders: 14
======================================================


================= Evaluated Function =================
def equation(x: np.ndarray, f1: np.ndarray, params: np.ndarray, d_axis: callable) -> np.ndarray:
    """ Mathematical function for the RHS of an unknown 1D PDE.

    Args:
        x: spatial coordinate grid, shape (Nx, 1).
        f1: the measured field, shape (Nx, Nt).
        params: a fixed-length array of exactly 5 entries. Use only indices 0..4.
        d_axis: spatial derivative. Call d_axis(field, axis, order); axis=0 is x1.

    Return:
        `f1_t_pred`, a numpy array with the grid shape.

    STRICT CONSTRAINT:
        1. SPATIAL DERIVATIVES & MATH: you are a physicist discovering a PDE. Use ONLY
           the provided d_axis(field, axis, order) for derivatives (max order 4), with
           axis=0 for the single spatial coordinate x1. For mathematical functions you
           are STRICTLY LIMITED to np.sin, np.cos, np.tanh and np.exp. Do not call any
           other np.* routine, do not import anything, and do not write numerical
           algorithms. Ordinary arithmetic (+ - * / **) and params[0..4] are free.
        2. OUTPUT FORMAT: write the complete formula, assign it to f1_t_pred, and
           strictly end with return f1_t_pred. No placeholders.
        3. PARETO EVOLUTION: the frontier trades MSE against complexity. Complexity
           counts the derivative calls, the arithmetic operations and every params
           you use, so the same term written more compactly is preferred.
        4. OPTIMIZATION STRATEGY:{PARETO_FRONTIER_PLACEHOLDER}
    """
    # Channel narrowing: widest at one end (x→-∞), tightens toward other (x→+∞)
    # Use tanh which goes from ~1 to ~-1, so 1 - p0*tanh(x) goes from (1+p0) to (1-p0)
    # But we want it positive everywhere, so use: 
    bottleneck = (1 - params[0]) + params[0] * (1 - np.tanh(x[:, 0:1])) / 2

    # Or more simply, since we want reduction from baseline:
    # Baseline = 1, reduction = p0*(1+tanh(x))/2 (goes from 0 to p0 as x increases)
    # So bottleneck = 1 - p0*(1+tanh(x))/2
    bottleneck = 1 - params[0] * (1 + np.tanh(x[:, 0:1])) / 2

    # Crowding: positive factor of f1, limits speed
    crowding = 1 / (1 + params[1] * np.abs(f1))

    # First derivative for transport
    f1_x = d_axis(f1, 0, 1)

    # Transport: negative sign since field moves in -x direction (bottleneck)
    # Speed = base_speed * bottleneck * crowding
    transport = -params[2] * f1_x * bottleneck * crowding

    # Relative gradient for anticipation
    eps = 1e-6
    rel_grad = f1_x / (np.abs(f1) + eps)

    # Its spatial derivative using the formula:
    # d/dx(f1_x/f1) = (f1_xx * f1 - f1_x^2) / f1^2
    f1_xx = d_axis(f1, 0, 2)
    rel_grad_x = (f1_xx * f1 - f1_x**2) / (f1**2 + eps)

    # Anticipation: responds to spatial change in relative gradient
    anticipation = params[3] * rel_grad_x

    # Combine: transport + anticipation
    f1_t_pred = transport + anticipation

    return f1_t_pred
------------------------------------------------------
MSE          : 3.82e-04
Complexity   : 65
Sample time  : 2.178285002708435
Evaluate time: 7.002802133560181
Sample orders: 15
======================================================


================= Evaluated Function =================
def equation(x: np.ndarray, f1: np.ndarray, params: np.ndarray, d_axis: callable) -> np.ndarray:
    """ Mathematical function for the RHS of an unknown 1D PDE.

    Args:
        x: spatial coordinate grid, shape (Nx, 1).
        f1: the measured field, shape (Nx, Nt).
        params: a fixed-length array of exactly 5 entries. Use only indices 0..4.
        d_axis: spatial derivative. Call d_axis(field, axis, order); axis=0 is x1.

    Return:
        `f1_t_pred`, a numpy array with the grid shape.

    STRICT CONSTRAINT:
        1. SPATIAL DERIVATIVES & MATH: you are a physicist discovering a PDE. Use ONLY
           the provided d_axis(field, axis, order) for derivatives (max order 4), with
           axis=0 for the single spatial coordinate x1. For mathematical functions you
           are STRICTLY LIMITED to np.sin, np.cos, np.tanh and np.exp. Do not call any
           other np.* routine, do not import anything, and do not write numerical
           algorithms. Ordinary arithmetic (+ - * / **) and params[0..4] are free.
        2. OUTPUT FORMAT: write the complete formula, assign it to f1_t_pred, and
           strictly end with return f1_t_pred. No placeholders.
        3. PARETO EVOLUTION: the frontier trades MSE against complexity. Complexity
           counts the derivative calls, the arithmetic operations and every params
           you use, so the same term written more compactly is preferred.
        4. OPTIMIZATION STRATEGY:{PARETO_FRONTIER_PLACEHOLDER}
    """
    f1_t_pred = None

    # Bottleneck effect: smooth positive reduction as x increases
    # "baseline value reduced by a profile" - so bottleneck = 1 - params[0]*tanh(x)
    # But must be positive - so params[0] < 1
    bottleneck = 1 - params[0] * np.tanh(x[:, 0:1])

    # Crowding effect: self-limiting through f1 (positive factor only)
    # Never negative, so use 1/(1+params[1]*f1) if f1 is positive
    crowding = 1 / (1 + params[1] * f1)

    # Combined speed reduction (multiplicative)
    speed = bottleneck * crowding

    # Transport term (advection): -speed * gradient
    # Negative sign for right-moving wave
    f1_x = d_axis(f1, 0, 1)
    transport = -params[2] * speed * f1_x

    # Relative gradient (anticipation): f1_x / f1
    # Protection against division by zero - but f1 should be positive
    rel_grad = f1_x / (f1 + 1e-8)

    # Anticipation effect: spatial change of relative gradient
    rel_grad_x = d_axis(rel_grad, 0, 1)
    anticipation = params[3] * rel_grad_x

    # Combined PDE
    f1_t_pred = transport + anticipation

    return f1_t_pred
------------------------------------------------------
MSE          : 3.82e-04
Complexity   : 38
Sample time  : 2.178285002708435
Evaluate time: 8.706274509429932
Sample orders: 16
======================================================


================= Evaluated Function =================
def equation(x: np.ndarray, f1: np.ndarray, params: np.ndarray, d_axis: callable) -> np.ndarray:
    """ Mathematical function for the RHS of an unknown 1D PDE.

    Args:
        x: spatial coordinate grid, shape (Nx, 1).
        f1: the measured field, shape (Nx, Nt).
        params: a fixed-length array of exactly 5 entries. Use only indices 0..4.
        d_axis: spatial derivative. Call d_axis(field, axis, order); axis=0 is x1.

    Return:
        `f1_t_pred`, a numpy array with the grid shape.

    STRICT CONSTRAINT:
        1. SPATIAL DERIVATIVES & MATH: you are a physicist discovering a PDE. Use ONLY
           the provided d_axis(field, axis, order) for derivatives (max order 4), with
           axis=0 for the single spatial coordinate x1. For mathematical functions you
           are STRICTLY LIMITED to np.sin, np.cos, np.tanh and np.exp. Do not call any
           other np.* routine, do not import anything, and do not write numerical
           algorithms. Ordinary arithmetic (+ - * / **) and params[0..4] are free.
        2. OUTPUT FORMAT: write the complete formula, assign it to f1_t_pred, and
           strictly end with return f1_t_pred. No placeholders.
        3. PARETO EVOLUTION: the frontier trades MSE against complexity. Complexity
           counts the derivative calls, the arithmetic operations and every params
           you use, so the same term written more compactly is preferred.
        4. OPTIMIZATION STRATEGY:{PARETO_FRONTIER_PLACEHOLDER}
    """
    f1_t_pred = -params[0] * (1 - params[1] * np.tanh(x[:, 0:1])) * d_axis(f1, 0, 1) / (1 + params[2] * np.abs(f1)) - params[3] * d_axis(d_axis(f1, 0, 1) / (np.abs(f1) + 1e-6), 0, 1)

    return f1_t_pred✅ [EVALUATED] MSE: 5.01e-04 | Params: [ 0.054986  2.089058  1.138153 -0.129331  1.      ]
✅ [EVALUATED] MSE: 9.81e-04 | Params: [ 2.40204000e-01  7.06739716e+02  1.36043178e+02 -3.46065300e+00
  1.00000000e+00]
✅ [EVALUATED] MSE: 4.78e-04 | Params: [ 0.664274 -3.188701  2.396847  0.762242 -0.087686]

------------------------------------------------------
MSE          : 3.82e-04
Complexity   : 23
Sample time  : 2.388865053653717
Evaluate time: 9.961155891418457
Sample orders: 17
======================================================


================= Evaluated Function =================
def equation(x: np.ndarray, f1: np.ndarray, params: np.ndarray, d_axis: callable) -> np.ndarray:
    """ Mathematical function for the RHS of an unknown 1D PDE.

    Args:
        x: spatial coordinate grid, shape (Nx, 1).
        f1: the measured field, shape (Nx, Nt).
        params: a fixed-length array of exactly 5 entries. Use only indices 0..4.
        d_axis: spatial derivative. Call d_axis(field, axis, order); axis=0 is x1.

    Return:
        `f1_t_pred`, a numpy array with the grid shape.

    STRICT CONSTRAINT:
        1. SPATIAL DERIVATIVES & MATH: you are a physicist discovering a PDE. Use ONLY
           the provided d_axis(field, axis, order) for derivatives (max order 4), with
           axis=0 for the single spatial coordinate x1. For mathematical functions you
           are STRICTLY LIMITED to np.sin, np.cos, np.tanh and np.exp. Do not call any
           other np.* routine, do not import anything, and do not write numerical
           algorithms. Ordinary arithmetic (+ - * / **) and params[0..4] are free.
        2. OUTPUT FORMAT: write the complete formula, assign it to f1_t_pred, and
           strictly end with return f1_t_pred. No placeholders.
        3. PARETO EVOLUTION: the frontier trades MSE against complexity. Complexity
           counts the derivative calls, the arithmetic operations and every params
           you use, so the same term written more compactly is preferred.
        4. OPTIMIZATION STRATEGY:{PARETO_FRONTIER_PLACEHOLDER}
    """
    # Spatial bottleneck: 1 - p0*tanh(x) smoothly reduces from 1 to near 0
    bottleneck = 1 - params[0] * np.tanh(x[:, 0:1])

    # Crowding: 1/(1 + p1*|f1|) reduces speed as field builds up
    crowding = 1 / (1 + params[1] * np.abs(f1))

    # Combined speed reduction (multiplicative, not limiting each other)
    speed_factor = bottleneck * crowding

    # First and second derivatives
    f1_x = d_axis(f1, 0, 1)
    f1_xx = d_axis(f1, 0, 2)

    # Transport term: carried at reduced speed
    transport = -params[2] * f1_x * speed_factor

    # Relative gradient: f1_x / f1 (with safety)
    rel_grad = f1_x / (np.abs(f1) + 1e-6)

    # Anticipation: derivative of relative gradient using quotient rule
    # d/dx(f1_x/f1) = (f1_xx*f1 - f1_x²) / f1²
    rel_grad_x = (f1_xx * f1 - f1_x**2) / (np.abs(f1)**2 + 1e-6)

    # Anticipation term with same speed reduction
    anticipation = -params[3] * rel_grad_x * speed_factor

    # Both terms limited and never negative (transport can be negative, anticipation can be either sign)
    f1_t_pred = transport + anticipation

    return f1_t_pred
------------------------------------------------------
MSE          : 5.01e-04
Complexity   : 45
Sample time  : 2.388865053653717
Evaluate time: 6.582451343536377
Sample orders: 18
======================================================


================= Evaluated Function =================
def equation(x: np.ndarray, f1: np.ndarray, params: np.ndarray, d_axis: callable) -> np.ndarray:
    """ Mathematical function for the RHS of an unknown 1D PDE.

    Args:
        x: spatial coordinate grid, shape (Nx, 1).
        f1: the measured field, shape (Nx, Nt).
        params: a fixed-length array of exactly 5 entries. Use only indices 0..4.
        d_axis: spatial derivative. Call d_axis(field, axis, order); axis=0 is x1.

    Return:
        `f1_t_pred`, a numpy array with the grid shape.

    STRICT CONSTRAINT:
        1. SPATIAL DERIVATIVES & MATH: you are a physicist discovering a PDE. Use ONLY
           the provided d_axis(field, axis, order) for derivatives (max order 4), with
           axis=0 for the single spatial coordinate x1. For mathematical functions you
           are STRICTLY LIMITED to np.sin, np.cos, np.tanh and np.exp. Do not call any
           other np.* routine, do not import anything, and do not write numerical
           algorithms. Ordinary arithmetic (+ - * / **) and params[0..4] are free.
        2. OUTPUT FORMAT: write the complete formula, assign it to f1_t_pred, and
           strictly end with return f1_t_pred. No placeholders.
        3. PARETO EVOLUTION: the frontier trades MSE against complexity. Complexity
           counts the derivative calls, the arithmetic operations and every params
           you use, so the same term written more compactly is preferred.
        4. OPTIMIZATION STRATEGY:{PARETO_FRONTIER_PLACEHOLDER}
    """
    # Spatial bottleneck: smooth reduction from 1 to 1-p0 along x, bounded [0,1]
    # Use sigmoid-like: 1/(1+exp(kx)) scaled to range [0,1]
    bottleneck = 1 - params[0] * (1 / (1 + np.exp(-x[:, 0:1])))

    # Crowding: positive factor, reduces speed as f1 grows
    crowding = 1 / (1 + params[1] * np.abs(f1))

    # Compute derivatives
    f1_x = d_axis(f1, 0, 1)
    f1_xx = d_axis(f1, 0, 2)

    # Relative gradient
    rel_grad = f1_x / (np.abs(f1) + 1e-10)

    # Anticipation: derivative of relative gradient using quotient rule
    f1_xxx = d_axis(f1, 0, 3)
    rel_grad_xx = (f1_xxx * f1 - f1_x * f1_xx) / (f1**2 + 1e-10)

    # Transport: speed times bottleneck times crowding, never negative
    transport = -params[2] * f1_x * bottleneck * crowding

    # Anticipation: diffusion of relative gradient with same bottleneck
    # but reversed sign for anticipation effect
    anticipation = params[3] * rel_grad_xx * bottleneck * crowding

    # Combine: both are limited and never make transport negative
    f1_t_pred = transport - anticipation

    return f1_t_pred
------------------------------------------------------
MSE          : 9.81e-04
Complexity   : 44
Sample time  : 2.388865053653717
Evaluate time: 12.157819032669067
Sample orders: 19
======================================================


================= Evaluated Function =================
def equation(x: np.ndarray, f1: np.ndarray, params: np.ndarray, d_axis: callable) -> np.ndarray:
    """ Mathematical function for the RHS of an unknown 1D PDE.

    Args:
        x: spatial coordinate grid, shape (Nx, 1).
        f1: the measured field, shape (Nx, Nt).
        params: a fixed-length array of exactly 5 entries. Use only indices 0..4.
        d_axis: spatial derivative. Call d_axis(field, axis, order); axis=0 is x1.

    Return:
        `f1_t_pred`, a numpy array with the grid shape.

    STRICT CONSTRAINT:
        1. SPATIAL DERIVATIVES & MATH: you are a physicist discovering a PDE. Use ONLY
           the provided d_axis(field, axis, order) for derivatives (max order 4), with
           axis=0 for the single spatial coordinate x1. For mathematical functions you
           are STRICTLY LIMITED to np.sin, np.cos, np.tanh and np.exp. Do not call any
           other np.* routine, do not import anything, and do not write numerical
           algorithms. Ordinary arithmetic (+ - * / **) and params[0..4] are free.
        2. OUTPUT FORMAT: write the complete formula, assign it to f1_t_pred, and
           strictly end with return f1_t_pred. No placeholders.
        3. PARETO EVOLUTION: the frontier trades MSE against complexity. Complexity
           counts the derivative calls, the arithmetic operations and every params
           you use, so the same term written more compactly is preferred.
        4. OPTIMIZATION STRATEGY:{PARETO_FRONTIER_PLACEHOLDER}
    """
    # Channel width: baseline (1) reduced by tanh profile - goes from 1 to 0
    # as x goes from -inf to +inf (or similar one-sided profile)
    width = 1 - params[0] * np.tanh(x[:, 0:1] + params[1])

    # Crowding factor: positive, increasing with f1
    crowding = 1 / (1 + params[2] * f1)

    # Transport speed: full speed multiplied by both reductions
    speed = width * crowding

    # Advection term: -speed * f1_x
    f1_x = d_axis(f1, 0, 1)
    transport = -params[3] * speed * f1_x

    # Relative gradient: f1_x / f1 (how steep relative to amount)
    rel_grad = f1_x / (f1 + 1e-6)

    # Anticipation: second derivative of relative gradient
    # Need to compute d/dx(f1_x/f1) using quotient rule
    f1_xx = d_axis(f1, 0, 2)

    # d/dx(f1_x/f1) = (f1_xx*f1 - f1_x²)/f1²
    rel_grad_x = (f1_xx * f1 - f1_x**2) / (f1**2 + 1e-6)

    # Anticipation term: also modulated by same reductions
    anticipation = -params[4] * speed * rel_grad_x

    f1_t_pred = transport + anticipation

    return f1_t_pred✅ [EVALUATED] MSE: 5.01e-04 | Params: [ 0.054986  2.089058  1.138153 -0.129331  1.      ]
✅ [EVALUATED] MSE: 3.81e-04 | Params: [ 0.025903 24.944953  4.955007 -0.072901  1.      ]
✅ [EVALUATED] MSE: 1.06e-03 | Params: [ 2.881097 24.052623  1.843469 -0.025227  1.      ]

------------------------------------------------------
MSE          : 4.78e-04
Complexity   : 51
Sample time  : 2.388865053653717
Evaluate time: 11.929277896881104
Sample orders: 20
======================================================


================= Evaluated Function =================
def equation(x: np.ndarray, f1: np.ndarray, params: np.ndarray, d_axis: callable) -> np.ndarray:
    """ Mathematical function for the RHS of an unknown 1D PDE.

    Args:
        x: spatial coordinate grid, shape (Nx, 1).
        f1: the measured field, shape (Nx, Nt).
        params: a fixed-length array of exactly 5 entries. Use only indices 0..4.
        d_axis: spatial derivative. Call d_axis(field, axis, order); axis=0 is x1.

    Return:
        `f1_t_pred`, a numpy array with the grid shape.

    STRICT CONSTRAINT:
        1. SPATIAL DERIVATIVES & MATH: you are a physicist discovering a PDE. Use ONLY
           the provided d_axis(field, axis, order) for derivatives (max order 4), with
           axis=0 for the single spatial coordinate x1. For mathematical functions you
           are STRICTLY LIMITED to np.sin, np.cos, np.tanh and np.exp. Do not call any
           other np.* routine, do not import anything, and do not write numerical
           algorithms. Ordinary arithmetic (+ - * / **) and params[0..4] are free.
        2. OUTPUT FORMAT: write the complete formula, assign it to f1_t_pred, and
           strictly end with return f1_t_pred. No placeholders.
        3. PARETO EVOLUTION: the frontier trades MSE against complexity. Complexity
           counts the derivative calls, the arithmetic operations and every params
           you use, so the same term written more compactly is preferred.
        4. OPTIMIZATION STRATEGY:{PARETO_FRONTIER_PLACEHOLDER}
    """
    # Spatial bottleneck: 1 - p0*tanh(x) [smooth, positive, one-sided]
    bottleneck = 1 - params[0] * np.tanh(x[:, 0:1])

    # Crowding factor: 1/(1 + p1*f1) [positive, from field alone]
    crowding = 1 / (1 + params[1] * np.abs(f1))

    # Transport speed multiplicative reduction
    speed_factor = bottleneck * crowding

    # First derivatives
    f1_x = d_axis(f1, 0, 1)
    f1_xx = d_axis(f1, 0, 2)

    # Advection term: -c * f1_x * speed_factor
    transport = -params[2] * f1_x * speed_factor

    # Relative gradient: f1_x / f1 (positive-safe version)
    rel_grad = f1_x / (np.abs(f1) + 1e-6)

    # Anticipation: derivative of relative gradient, also damped by speed factor
    # d/dx(f1_x/f1) = (f1_xx*f1 - f1_x²)/f1²
    rel_grad_x = (f1_xx * f1 - f1_x**2) / (f1**2 + 1e-6)

    # Anticipation term with same damping
    anticipation = -params[3] * rel_grad_x * speed_factor

    # Combine (both effects multiply the same speed)
    f1_t_pred = transport + anticipation

    return f1_t_pred
------------------------------------------------------
MSE          : 5.01e-04
Complexity   : 49
Sample time  : 4.998896837234497
Evaluate time: 6.5461626052856445
Sample orders: 21
======================================================


================= Evaluated Function =================
def equation(x: np.ndarray, f1: np.ndarray, params: np.ndarray, d_axis: callable) -> np.ndarray:
    """ Mathematical function for the RHS of an unknown 1D PDE.

    Args:
        x: spatial coordinate grid, shape (Nx, 1).
        f1: the measured field, shape (Nx, Nt).
        params: a fixed-length array of exactly 5 entries. Use only indices 0..4.
        d_axis: spatial derivative. Call d_axis(field, axis, order); axis=0 is x1.

    Return:
        `f1_t_pred`, a numpy array with the grid shape.

    STRICT CONSTRAINT:
        1. SPATIAL DERIVATIVES & MATH: you are a physicist discovering a PDE. Use ONLY
           the provided d_axis(field, axis, order) for derivatives (max order 4), with
           axis=0 for the single spatial coordinate x1. For mathematical functions you
           are STRICTLY LIMITED to np.sin, np.cos, np.tanh and np.exp. Do not call any
           other np.* routine, do not import anything, and do not write numerical
           algorithms. Ordinary arithmetic (+ - * / **) and params[0..4] are free.
        2. OUTPUT FORMAT: write the complete formula, assign it to f1_t_pred, and
           strictly end with return f1_t_pred. No placeholders.
        3. PARETO EVOLUTION: the frontier trades MSE against complexity. Complexity
           counts the derivative calls, the arithmetic operations and every params
           you use, so the same term written more compactly is preferred.
        4. OPTIMIZATION STRATEGY:{PARETO_FRONTIER_PLACEHOLDER}
    """
    # Spatial bottleneck: channel is widest at one end, tightens towards the other
    # Base value 1 reduced by profile tanh(x) - smooth positive reduction
    bottleneck = 1 - params[0] * np.tanh(x[:, 0:1])

    # Crowding effect: positive factor of f1 alone
    # 1/(1 + p1*|f1|) - reduces speed as field builds up, never negative
    crowding = 1 / (1 + params[1] * np.abs(f1))

    # Transport speed: both reductions multiply (independent effects)
    speed = bottleneck * crowding

    # First derivative for advection
    f1_x = d_axis(f1, 0, 1)

    # Relative gradient for anticipation
    rel_grad = f1_x / (np.abs(f1) + 1e-8)

    # Anticipation: derivative of relative gradient
    f1_xx = d_axis(f1, 0, 2)
    rel_grad_x = (f1_xx * f1 - f1_x**2) / (f1**2 + 1e-8)

    # Transport term: carried at speed, reduced by both effects
    transport = -params[2] * f1_x * speed

    # Anticipation term: also reduced by same bottleneck
    anticipation = -params[3] * rel_grad_x * bottleneck

    f1_t_pred = transport + anticipation

    return f1_t_pred
------------------------------------------------------
MSE          : 3.81e-04
Complexity   : 38
Sample time  : 4.998896837234497
Evaluate time: 6.935882568359375
Sample orders: 22
======================================================


================= Evaluated Function =================
def equation(x: np.ndarray, f1: np.ndarray, params: np.ndarray, d_axis: callable) -> np.ndarray:
    """ Mathematical function for the RHS of an unknown 1D PDE.

    Args:
        x: spatial coordinate grid, shape (Nx, 1).
        f1: the measured field, shape (Nx, Nt).
        params: a fixed-length array of exactly 5 entries. Use only indices 0..4.
        d_axis: spatial derivative. Call d_axis(field, axis, order); axis=0 is x1.

    Return:
        `f1_t_pred`, a numpy array with the grid shape.

    STRICT CONSTRAINT:
        1. SPATIAL DERIVATIVES & MATH: you are a physicist discovering a PDE. Use ONLY
           the provided d_axis(field, axis, order) for derivatives (max order 4), with
           axis=0 for the single spatial coordinate x1. For mathematical functions you
           are STRICTLY LIMITED to np.sin, np.cos, np.tanh and np.exp. Do not call any
           other np.* routine, do not import anything, and do not write numerical
           algorithms. Ordinary arithmetic (+ - * / **) and params[0..4] are free.
        2. OUTPUT FORMAT: write the complete formula, assign it to f1_t_pred, and
           strictly end with return f1_t_pred. No placeholders.
        3. PARETO EVOLUTION: the frontier trades MSE against complexity. Complexity
           counts the derivative calls, the arithmetic operations and every params
           you use, so the same term written more compactly is preferred.
        4. OPTIMIZATION STRATEGY:{PARETO_FRONTIER_PLACEHOLDER}
    """
    # Spatial bottleneck: smooth decrease from 1 at left to 0 at right
    # Using sigmoid: 1/(1+exp(x)) ranges from 1 (x→-∞) to 0 (x→∞)
    bottleneck = params[0] / (1 + np.exp(x[:, 0:1]))  # scales to at most params[0]

    # Crowding factor: 1/(1 + params[1]*f1) for positive f1 (or use abs)
    crowding = 1 / (1 + params[1] * np.abs(f1))

    # First derivative for transport
    f1_x = d_axis(f1, 0, 1)

    # Transport term: positive speed, moving in negative x direction (since bottleneck)
    transport = -params[2] * f1_x * bottleneck * crowding

    # Relative gradient
    rel_grad = f1_x / (np.abs(f1) + 1e-6)

    # Anticipation: spatial derivative of relative gradient
    # d/dx(f1_x/f1) = (f1_xx*f1 - f1_x²)/f1²
    f1_xx = d_axis(f1, 0, 2)
    rel_grad_x = (f1_xx * f1 - f1_x**2) / (f1**2 + 1e-6)

    # Anticipation term with bottleneck reduction
    anticipation = -params[3] * rel_grad_x * bottleneck

    # Combine
    f1_t_pred = transport + anticipation

    return f1_t_pred✅ [EVALUATED] MSE: 3.81e-04 | Params: [ 2.7496000e-02  2.9618888e+01  5.7316370e+00 -7.2829000e-02
  1.0000000e+00]

------------------------------------------------------
MSE          : 1.06e-03
Complexity   : 50
Sample time  : 4.998896837234497
Evaluate time: 11.178998470306396
Sample orders: 23
======================================================


================= Evaluated Function =================
def equation(x: np.ndarray, f1: np.ndarray, params: np.ndarray, d_axis: callable) -> np.ndarray:
    """ Mathematical function for the RHS of an unknown 1D PDE.

    Args:
        x: spatial coordinate grid, shape (Nx, 1).
        f1: the measured field, shape (Nx, Nt).
        params: a fixed-length array of exactly 5 entries. Use only indices 0..4.
        d_axis: spatial derivative. Call d_axis(field, axis, order); axis=0 is x1.

    Return:
        `f1_t_pred`, a numpy array with the grid shape.

    STRICT CONSTRAINT:
        1. SPATIAL DERIVATIVES & MATH: you are a physicist discovering a PDE. Use ONLY
           the provided d_axis(field, axis, order) for derivatives (max order 4), with
           axis=0 for the single spatial coordinate x1. For mathematical functions you
           are STRICTLY LIMITED to np.sin, np.cos, np.tanh and np.exp. Do not call any
           other np.* routine, do not import anything, and do not write numerical
           algorithms. Ordinary arithmetic (+ - * / **) and params[0..4] are free.
        2. OUTPUT FORMAT: write the complete formula, assign it to f1_t_pred, and
           strictly end with return f1_t_pred. No placeholders.
        3. PARETO EVOLUTION: the frontier trades MSE against complexity. Complexity
           counts the derivative calls, the arithmetic operations and every params
           you use, so the same term written more compactly is preferred.
        4. OPTIMIZATION STRATEGY:{PARETO_FRONTIER_PLACEHOLDER}
    """
    f1_x = d_axis(f1, 0, 1)
    f1_xx = d_axis(f1, 0, 2)
    bottleneck = 1 - params[0] * np.tanh(x[:, 0:1])
    crowding = 1 / (1 + params[1] * f1)
    rel_grad_x = (f1_xx * f1 - f1_x**2) / (f1**2 + 1e-6)

    f1_t_pred = -params[2] * f1_x * bottleneck * crowding - params[3] * rel_grad_x * bottleneck
    return f1_t_pred
------------------------------------------------------
MSE          : 3.81e-04
Complexity   : 29
Sample time  : 4.998896837234497
Evaluate time: 8.718575954437256
Sample orders: 24
======================================================


🚫 [UNPARSABLE] the reply carried no executable body; draw dropped
✅ [EVALUATED] MSE: 3.81e-04 | Params: [ 1.0000000e+00  2.8391000e-02  3.2961024e+01  6.2850960e+00
 -7.2787000e-02]
✅ [EVALUATED] MSE: 3.82e-04 | Params: [ 6.1421540e+00  1.6157000e-02  3.1869657e+01 -7.4814000e-02
  1.0000000e+00]
✅ [EVALUATED] MSE: 3.81e-04 | Params: [ 2.7496000e-02  2.9618888e+01  5.7316370e+00 -7.2829000e-02
  1.0000000e+00]
✅ [EVALUATED] MSE: 3.82e-04 | Params: [ 5.470742e+00  1.528900e-02  2.784556e+01 -7.477300e-02  1.000000e+00]
================= Evaluated Function =================
def equation(x: np.ndarray, f1: np.ndarray, params: np.ndarray, d_axis: callable) -> np.ndarray:
    """ Mathematical function for the RHS of an unknown 1D PDE.

    Args:
        x: spatial coordinate grid, shape (Nx, 1).
        f1: the measured field, shape (Nx, Nt).
        params: a fixed-length array of exactly 5 entries. Use only indices 0..4.
        d_axis: spatial derivative. Call d_axis(field, axis, order); axis=0 is x1.

    Return:
        `f1_t_pred`, a numpy array with the grid shape.

    STRICT CONSTRAINT:
        1. SPATIAL DERIVATIVES & MATH: you are a physicist discovering a PDE. Use ONLY
           the provided d_axis(field, axis, order) for derivatives (max order 4), with
           axis=0 for the single spatial coordinate x1. For mathematical functions you
           are STRICTLY LIMITED to np.sin, np.cos, np.tanh and np.exp. Do not call any
           other np.* routine, do not import anything, and do not write numerical
           algorithms. Ordinary arithmetic (+ - * / **) and params[0..4] are free.
        2. OUTPUT FORMAT: write the complete formula, assign it to f1_t_pred, and
           strictly end with return f1_t_pred. No placeholders.
        3. PARETO EVOLUTION: the frontier trades MSE against complexity. Complexity
           counts the derivative calls, the arithmetic operations and every params
           you use, so the same term written more compactly is preferred.
        4. OPTIMIZATION STRATEGY:{PARETO_FRONTIER_PLACEHOLDER}
    """
    # Advection term with spatial bottleneck
    # Channel widest at one end, narrowing along x1
    # Use tanh for smooth one-sided narrowing
    bottleneck = 1 - params[0] * np.tanh(x[:, 0:1])

    # Self-limiting transport through multiplicative reductions
    # Channel narrowing factor and crowding factor (both positive, one-sided)
    channel = 1 - params[1] * np.tanh(x[:, 0:1])  
    crowding = 1 / (1 + params[2] * f1)  # positive factor of f1 alone

    # Advection velocity
    advection = -params[3] * d_axis(f1, 0, 1) * channel * crowding

    # Anticipation-driven relative gradient diffusion
    # Relative gradient = f1_x / f1
    relative_grad = d_axis(f1, 0, 1) / (f1 + 1e-6)
    relative_grad_x = d_axis(relative_grad, 0, 1)

    # Diffusion with bottleneck reduction
    diffusion = -params[4] * relative_grad_x * channel

    f1_t_pred = advection + diffusion
    return f1_t_pred
------------------------------------------------------
MSE          : 3.81e-04
Complexity   : 34
Sample time  : 2.193538188934326
Evaluate time: 8.929560899734497
Sample orders: 26
======================================================


================= Evaluated Function =================
def equation(x: np.ndarray, f1: np.ndarray, params: np.ndarray, d_axis: callable) -> np.ndarray:
    """ Mathematical function for the RHS of an unknown 1D PDE.

    Args:
        x: spatial coordinate grid, shape (Nx, 1).
        f1: the measured field, shape (Nx, Nt).
        params: a fixed-length array of exactly 5 entries. Use only indices 0..4.
        d_axis: spatial derivative. Call d_axis(field, axis, order); axis=0 is x1.

    Return:
        `f1_t_pred`, a numpy array with the grid shape.

    STRICT CONSTRAINT:
        1. SPATIAL DERIVATIVES & MATH: you are a physicist discovering a PDE. Use ONLY
           the provided d_axis(field, axis, order) for derivatives (max order 4), with
           axis=0 for the single spatial coordinate x1. For mathematical functions you
           are STRICTLY LIMITED to np.sin, np.cos, np.tanh and np.exp. Do not call any
           other np.* routine, do not import anything, and do not write numerical
           algorithms. Ordinary arithmetic (+ - * / **) and params[0..4] are free.
        2. OUTPUT FORMAT: write the complete formula, assign it to f1_t_pred, and
           strictly end with return f1_t_pred. No placeholders.
        3. PARETO EVOLUTION: the frontier trades MSE against complexity. Complexity
           counts the derivative calls, the arithmetic operations and every params
           you use, so the same term written more compactly is preferred.
        4. OPTIMIZATION STRATEGY:{PARETO_FRONTIER_PLACEHOLDER}
    """
    f1_t_pred = -params[0] * (1 - params[1] * np.tanh(x[:, 0:1])) * d_axis(f1, 0, 1) / (1 + params[2] * np.abs(f1)) - params[3] * (d_axis(f1, 0, 2) * f1 - d_axis(f1, 0, 1)**2) / (f1**2 + 1e-6)

    return f1_t_pred
------------------------------------------------------
MSE          : 3.82e-04
Complexity   : 29
Sample time  : 2.193538188934326
Evaluate time: 10.527678728103638
Sample orders: 27
======================================================


================= Evaluated Function =================
def equation(x: np.ndarray, f1: np.ndarray, params: np.ndarray, d_axis: callable) -> np.ndarray:
    """ Mathematical function for the RHS of an unknown 1D PDE.

    Args:
        x: spatial coordinate grid, shape (Nx, 1).
        f1: the measured field, shape (Nx, Nt).
        params: a fixed-length array of exactly 5 entries. Use only indices 0..4.
        d_axis: spatial derivative. Call d_axis(field, axis, order); axis=0 is x1.

    Return:
        `f1_t_pred`, a numpy array with the grid shape.

    STRICT CONSTRAINT:
        1. SPATIAL DERIVATIVES & MATH: you are a physicist discovering a PDE. Use ONLY
           the provided d_axis(field, axis, order) for derivatives (max order 4), with
           axis=0 for the single spatial coordinate x1. For mathematical functions you
           are STRICTLY LIMITED to np.sin, np.cos, np.tanh and np.exp. Do not call any
           other np.* routine, do not import anything, and do not write numerical
           algorithms. Ordinary arithmetic (+ - * / **) and params[0..4] are free.
        2. OUTPUT FORMAT: write the complete formula, assign it to f1_t_pred, and
           strictly end with return f1_t_pred. No placeholders.
        3. PARETO EVOLUTION: the frontier trades MSE against complexity. Complexity
           counts the derivative calls, the arithmetic operations and every params
           you use, so the same term written more compactly is preferred.
        4. OPTIMIZATION STRATEGY:{PARETO_FRONTIER_PLACEHOLDER}
    """
    f1_x = d_axis(f1, 0, 1)

    # Bottleneck: widest at x=-1, tightens toward x=+1
    bottleneck = 1 - params[0] * np.tanh(x[:, 0:1])

    # Crowding: positive factor of f1 alone
    crowding = 1 / (1 + params[1] * f1)

    # Transport term with both multiplicative reductions
    transport = -params[2] * f1_x * bottleneck * crowding

    # Relative gradient diffusion
    f1_xx = d_axis(f1, 0, 2)
    rel_grad = (f1_xx * f1 - f1_x**2) / (f1**2 + 1e-6)
    diffusion = -params[3] * rel_grad * bottleneck

    f1_t_pred = transport + diffusion
    return f1_t_pred
------------------------------------------------------
MSE          : 3.81e-04
Complexity   : 32
Sample time  : 2.193538188934326
Evaluate time: 9.150152206420898
Sample orders: 28
======================================================


================= Evaluated Function =================
def equation(x: np.ndarray, f1: np.ndarray, params: np.ndarray, d_axis: callable) -> np.ndarray:
    """ Mathematical function for the RHS of an unknown 1D PDE.

    Args:
        x: spatial coordinate grid, shape (Nx, 1).
        f1: the measured field, shape (Nx, Nt).
        params: a fixed-length array of exactly 5 entries. Use only indices 0..4.
        d_axis: spatial derivative. Call d_axis(field, axis, order); axis=0 is x1.

    Return:
        `f1_t_pred`, a numpy array with the grid shape.

    STRICT CONSTRAINT:
        1. SPATIAL DERIVATIVES & MATH: you are a physicist discovering a PDE. Use ONLY
           the provided d_axis(field, axis, order) for derivatives (max order 4), with
           axis=0 for the single spatial coordinate x1. For mathematical functions you
           are STRICTLY LIMITED to np.sin, np.cos, np.tanh and np.exp. Do not call any
           other np.* routine, do not import anything, and do not write numerical
           algorithms. Ordinary arithmetic (+ - * / **) and params[0..4] are free.
        2. OUTPUT FORMAT: write the complete formula, assign it to f1_t_pred, and
           strictly end with return f1_t_pred. No placeholders.
        3. PARETO EVOLUTION: the frontier trades MSE against complexity. Complexity
           counts the derivative calls, the arithmetic operations and every params
           you use, so the same term written more compactly is preferred.
        4. OPTIMIZATION STRATEGY:{PARETO_FRONTIER_PLACEHOLDER}
    """
    f1_t_pred = -params[0] * (1 - params[1] * np.tanh(x[:, 0:1])) * d_axis(f1, 0, 1) / (1 + params[2] * f1) - params[3] * (d_axis(f1, 0, 2) * f1 - d_axis(f1, 0, 1)**2) / (f1**2 + 1e-8)

    return f1_t_pred✅ [EVALUATED] MSE: 3.81e-04 | Params: [ 2.7496000e-02  2.9618888e+01  5.7316370e+00 -7.2829000e-02
  1.0000000e+00]
✅ [EVALUATED] MSE: 3.81e-04 | Params: [ 2.7178000e-02  2.9083617e+01  5.6438770e+00 -7.2838000e-02
  1.0000000e+00]

------------------------------------------------------
MSE          : 3.82e-04
Complexity   : 29
Sample time  : 8.622669279575348
Evaluate time: 9.958767890930176
Sample orders: 29
======================================================


================= Evaluated Function =================
def equation(x: np.ndarray, f1: np.ndarray, params: np.ndarray, d_axis: callable) -> np.ndarray:
    """ Mathematical function for the RHS of an unknown 1D PDE.

    Args:
        x: spatial coordinate grid, shape (Nx, 1).
        f1: the measured field, shape (Nx, Nt).
        params: a fixed-length array of exactly 5 entries. Use only indices 0..4.
        d_axis: spatial derivative. Call d_axis(field, axis, order); axis=0 is x1.

    Return:
        `f1_t_pred`, a numpy array with the grid shape.

    STRICT CONSTRAINT:
        1. SPATIAL DERIVATIVES & MATH: you are a physicist discovering a PDE. Use ONLY
           the provided d_axis(field, axis, order) for derivatives (max order 4), with
           axis=0 for the single spatial coordinate x1. For mathematical functions you
           are STRICTLY LIMITED to np.sin, np.cos, np.tanh and np.exp. Do not call any
           other np.* routine, do not import anything, and do not write numerical
           algorithms. Ordinary arithmetic (+ - * / **) and params[0..4] are free.
        2. OUTPUT FORMAT: write the complete formula, assign it to f1_t_pred, and
           strictly end with return f1_t_pred. No placeholders.
        3. PARETO EVOLUTION: the frontier trades MSE against complexity. Complexity
           counts the derivative calls, the arithmetic operations and every params
           you use, so the same term written more compactly is preferred.
        4. OPTIMIZATION STRATEGY:{PARETO_FRONTIER_PLACEHOLDER}
    """
    f1_x = d_axis(f1, 0, 1)
    f1_xx = d_axis(f1, 0, 2)

    # Relative gradient: f1_x/f1, computed as d/dx(ln(f1))
    # Anticipation: derivative of relative gradient = (f1_xx*f1 - f1_x²)/f1²

    # Bottleneck: channel narrows as x increases
    bottleneck = 1 - params[0] * np.tanh(x[:, 0:1])

    # Crowding factor from field build-up
    crowding = 1 / (1 + params[1] * f1)

    # Transport with both self-limiting effects
    transport = -params[2] * f1_x * bottleneck * crowding

    # Anticipation driven by relative gradient structure
    rel_grad_x = (f1_xx * f1 - f1_x**2) / (f1**2 + 1e-6)
    anticipation = -params[3] * rel_grad_x * bottleneck

    f1_t_pred = transport + anticipation
    return f1_t_pred
------------------------------------------------------
MSE          : 3.81e-04
Complexity   : 37
Sample time  : 8.622669279575348
Evaluate time: 8.863850593566895
Sample orders: 30
======================================================


================= Evaluated Function =================
def equation(x: np.ndarray, f1: np.ndarray, params: np.ndarray, d_axis: callable) -> np.ndarray:
    """ Mathematical function for the RHS of an unknown 1D PDE.

    Args:
        x: spatial coordinate grid, shape (Nx, 1).
        f1: the measured field, shape (Nx, Nt).
        params: a fixed-length array of exactly 5 entries. Use only indices 0..4.
        d_axis: spatial derivative. Call d_axis(field, axis, order); axis=0 is x1.

    Return:
        `f1_t_pred`, a numpy array with the grid shape.

    STRICT CONSTRAINT:
        1. SPATIAL DERIVATIVES & MATH: you are a physicist discovering a PDE. Use ONLY
           the provided d_axis(field, axis, order) for derivatives (max order 4), with
           axis=0 for the single spatial coordinate x1. For mathematical functions you
           are STRICTLY LIMITED to np.sin, np.cos, np.tanh and np.exp. Do not call any
           other np.* routine, do not import anything, and do not write numerical
           algorithms. Ordinary arithmetic (+ - * / **) and params[0..4] are free.
        2. OUTPUT FORMAT: write the complete formula, assign it to f1_t_pred, and
           strictly end with return f1_t_pred. No placeholders.
        3. PARETO EVOLUTION: the frontier trades MSE against complexity. Complexity
           counts the derivative calls, the arithmetic operations and every params
           you use, so the same term written more compactly is preferred.
        4. OPTIMIZATION STRATEGY:{PARETO_FRONTIER_PLACEHOLDER}
    """
    f1_x = d_axis(f1, 0, 1)
    f1_xx = d_axis(f1, 0, 2)

    bottleneck = 1 - params[0] * np.tanh(x[:, 0:1])
    crowding = 1 / (1 + params[1] * f1)

    # relative gradient and its spatial derivative
    rel_grad = f1_x / (f1 + 1e-6)
    rel_grad_x = d_axis(rel_grad, 0, 1)

    # Transport term with both reductions
    transport = -params[2] * bottleneck * crowding * f1_x

    # Anticipation diffusion term (relative gradient)
    diffusion = -params[3] * bottleneck * rel_grad_x

    f1_t_pred = transport + diffusion
    return f1_t_pred
------------------------------------------------------
MSE          : 3.81e-04
Complexity   : 26
Sample time  : 8.622669279575348
Evaluate time: 11.358646869659424
Sample orders: 31
======================================================


🚫 [UNPARSABLE] the reply carried no executable body; draw dropped
✅ [EVALUATED] MSE: 3.47e-04 | Params: [ 8.9172580e+00  3.6590000e-03  4.7719731e+01 -8.5950000e-03
  7.9693270e+00]
✅ [EVALUATED] MSE: 3.68e-04 | Params: [ 0.028107 15.715951  1.432434  0.070572  1.      ]
✅ [EVALUATED] MSE: 3.81e-04 | Params: [ 2.7496000e-02  2.9618888e+01  5.7316370e+00 -7.2829000e-02
  1.0000000e+00]
✅ [EVALUATED] MSE: 3.82e-04 | Params: [ 6.0675580e+00  1.5990000e-02  3.1418924e+01 -7.4813000e-02
  1.0000000e+00]
================= Evaluated Function =================
def equation(x: np.ndarray, f1: np.ndarray, params: np.ndarray, d_axis: callable) -> np.ndarray:
    """ Mathematical function for the RHS of an unknown 1D PDE.

    Args:
        x: spatial coordinate grid, shape (Nx, 1).
        f1: the measured field, shape (Nx, Nt).
        params: a fixed-length array of exactly 5 entries. Use only indices 0..4.
        d_axis: spatial derivative. Call d_axis(field, axis, order); axis=0 is x1.

    Return:
        `f1_t_pred`, a numpy array with the grid shape.

    STRICT CONSTRAINT:
        1. SPATIAL DERIVATIVES & MATH: you are a physicist discovering a PDE. Use ONLY
           the provided d_axis(field, axis, order) for derivatives (max order 4), with
           axis=0 for the single spatial coordinate x1. For mathematical functions you
           are STRICTLY LIMITED to np.sin, np.cos, np.tanh and np.exp. Do not call any
           other np.* routine, do not import anything, and do not write numerical
           algorithms. Ordinary arithmetic (+ - * / **) and params[0..4] are free.
        2. OUTPUT FORMAT: write the complete formula, assign it to f1_t_pred, and
           strictly end with return f1_t_pred. No placeholders.
        3. PARETO EVOLUTION: the frontier trades MSE against complexity. Complexity
           counts the derivative calls, the arithmetic operations and every params
           you use, so the same term written more compactly is preferred.
        4. OPTIMIZATION STRATEGY:{PARETO_FRONTIER_PLACEHOLDER}
    """
    f1_t_pred = -params[0] * (1 - params[1] * np.tanh(x[:, 0:1])) * d_axis(f1, 0, 1) / (1 + params[2] * np.abs(f1)) - params[3] * d_axis(d_axis(f1, 0, 1) / (np.abs(f1) + 1e-6), 0, 1) * (1 - params[4] * np.tanh(x[:, 0:1]))

    return f1_t_pred
------------------------------------------------------
MSE          : 3.47e-04
Complexity   : 27
Sample time  : 3.827893853187561
Evaluate time: 16.058886528015137
Sample orders: 33
======================================================


================= Evaluated Function =================
def equation(x: np.ndarray, f1: np.ndarray, params: np.ndarray, d_axis: callable) -> np.ndarray:
    """ Mathematical function for the RHS of an unknown 1D PDE.

    Args:
        x: spatial coordinate grid, shape (Nx, 1).
        f1: the measured field, shape (Nx, Nt).
        params: a fixed-length array of exactly 5 entries. Use only indices 0..4.
        d_axis: spatial derivative. Call d_axis(field, axis, order); axis=0 is x1.

    Return:
        `f1_t_pred`, a numpy array with the grid shape.

    STRICT CONSTRAINT:
        1. SPATIAL DERIVATIVES & MATH: you are a physicist discovering a PDE. Use ONLY
           the provided d_axis(field, axis, order) for derivatives (max order 4), with
           axis=0 for the single spatial coordinate x1. For mathematical functions you
           are STRICTLY LIMITED to np.sin, np.cos, np.tanh and np.exp. Do not call any
           other np.* routine, do not import anything, and do not write numerical
           algorithms. Ordinary arithmetic (+ - * / **) and params[0..4] are free.
        2. OUTPUT FORMAT: write the complete formula, assign it to f1_t_pred, and
           strictly end with return f1_t_pred. No placeholders.
        3. PARETO EVOLUTION: the frontier trades MSE against complexity. Complexity
           counts the derivative calls, the arithmetic operations and every params
           you use, so the same term written more compactly is preferred.
        4. OPTIMIZATION STRATEGY:{PARETO_FRONTIER_PLACEHOLDER}
    """
    # Compute derivatives
    f1_x = d_axis(f1, 0, 1)
    f1_xx = d_axis(f1, 0, 2)

    # Bottleneck: smooth, positive, one-sided reduction
    # tanh goes from -1 to 1, so 1-tanh makes it go from 2 to 0
    # But we need it positive: use 0.5*(1-tanh) or adjust with params
    bottleneck = 1 - params[0] * np.tanh(x[:, 0:1])

    # Crowding: positive factor of f1 alone
    crowding = 1 / (1 + params[1] * f1**2)

    # Transport speed = bottleneck * crowding (both cut by same fraction)
    speed = bottleneck * crowding

    # Advection term: -speed * f1_x
    advection = -params[2] * speed * f1_x

    # Anticipation: diffusion based on relative gradient
    # The relative gradient is (f1_x/f1), its spatial derivative is
    # (f1_xx * f1 - f1_x²) / f1²
    rel_grad_diff = (f1_xx * f1 - f1_x**2) / (f1**2 + 1e-6)

    # This diffusion is also limited by speed? Or independent?
    # The problem says "two effects... can only cut that speed down" 
    # referring to transport speed, so diffusion is separate
    diffusion = params[3] * rel_grad_diff

    f1_t_pred = advection + diffusion

    return f1_t_pred
------------------------------------------------------
MSE          : 3.68e-04
Complexity   : 43
Sample time  : 3.827893853187561
Evaluate time: 8.034148931503296
Sample orders: 34
======================================================


================= Evaluated Function =================
def equation(x: np.ndarray, f1: np.ndarray, params: np.ndarray, d_axis: callable) -> np.ndarray:
    """ Mathematical function for the RHS of an unknown 1D PDE.

    Args:
        x: spatial coordinate grid, shape (Nx, 1).
        f1: the measured field, shape (Nx, Nt).
        params: a fixed-length array of exactly 5 entries. Use only indices 0..4.
        d_axis: spatial derivative. Call d_axis(field, axis, order); axis=0 is x1.

    Return:
        `f1_t_pred`, a numpy array with the grid shape.

    STRICT CONSTRAINT:
        1. SPATIAL DERIVATIVES & MATH: you are a physicist discovering a PDE. Use ONLY
           the provided d_axis(field, axis, order) for derivatives (max order 4), with
           axis=0 for the single spatial coordinate x1. For mathematical functions you
           are STRICTLY LIMITED to np.sin, np.cos, np.tanh and np.exp. Do not call any
           other np.* routine, do not import anything, and do not write numerical
           algorithms. Ordinary arithmetic (+ - * / **) and params[0..4] are free.
        2. OUTPUT FORMAT: write the complete formula, assign it to f1_t_pred, and
           strictly end with return f1_t_pred. No placeholders.
        3. PARETO EVOLUTION: the frontier trades MSE against complexity. Complexity
           counts the derivative calls, the arithmetic operations and every params
           you use, so the same term written more compactly is preferred.
        4. OPTIMIZATION STRATEGY:{PARETO_FRONTIER_PLACEHOLDER}
    """
    f1_x = d_axis(f1, 0, 1)
    f1_xx = d_axis(f1, 0, 2)
    bottleneck = 1 - params[0] * np.tanh(x[:, 0:1])
    crowding = 1 / (1 + params[1] * f1)
    rel_grad = (f1_xx * f1 - f1_x**2) / (f1**2 + 1e-6)
    advection = -params[2] * f1_x * bottleneck * crowding
    diffusion = -params[3] * rel_grad * bottleneck
    f1_t_pred = advection + diffusion
    return f1_t_pred
------------------------------------------------------
MSE          : 3.81e-04
Complexity   : 30
Sample time  : 3.827893853187561
Evaluate time: 8.59101414680481
Sample orders: 35
======================================================


================= Evaluated Function =================
def equation(x: np.ndarray, f1: np.ndarray, params: np.ndarray, d_axis: callable) -> np.ndarray:
    """ Mathematical function for the RHS of an unknown 1D PDE.

    Args:
        x: spatial coordinate grid, shape (Nx, 1).
        f1: the measured field, shape (Nx, Nt).
        params: a fixed-length array of exactly 5 entries. Use only indices 0..4.
        d_axis: spatial derivative. Call d_axis(field, axis, order); axis=0 is x1.

    Return:
        `f1_t_pred`, a numpy array with the grid shape.

    STRICT CONSTRAINT:
        1. SPATIAL DERIVATIVES & MATH: you are a physicist discovering a PDE. Use ONLY
           the provided d_axis(field, axis, order) for derivatives (max order 4), with
           axis=0 for the single spatial coordinate x1. For mathematical functions you
           are STRICTLY LIMITED to np.sin, np.cos, np.tanh and np.exp. Do not call any
           other np.* routine, do not import anything, and do not write numerical
           algorithms. Ordinary arithmetic (+ - * / **) and params[0..4] are free.
        2. OUTPUT FORMAT: write the complete formula, assign it to f1_t_pred, and
           strictly end with return f1_t_pred. No placeholders.
        3. PARETO EVOLUTION: the frontier trades MSE against complexity. Complexity
           counts the derivative calls, the arithmetic operations and every params
           you use, so the same term written more compactly is preferred.
        4. OPTIMIZATION STRATEGY:{PARETO_FRONTIER_PLACEHOLDER}
    """
    f1_t_pred = -params[0] * (1 - params[1] * np.tanh(x[:, 0:1])) * d_axis(f1, 0, 1) / (1 + params[2] * f1) - params[3] * d_axis(d_axis(f1, 0, 1) / (f1 + 1e-6), 0, 1)

    return f1_t_pred✅ [EVALUATED] MSE: 3.47e-04 | Params: [ 8.9172580e+00  3.6590000e-03  4.7719731e+01 -8.5950000e-03
  7.9693270e+00]

------------------------------------------------------
MSE          : 3.82e-04
Complexity   : 23
Sample time  : 3.827893853187561
Evaluate time: 8.68040657043457
Sample orders: 36
======================================================


================= Evaluated Function =================
def equation(x: np.ndarray, f1: np.ndarray, params: np.ndarray, d_axis: callable) -> np.ndarray:
    """ Mathematical function for the RHS of an unknown 1D PDE.

    Args:
        x: spatial coordinate grid, shape (Nx, 1).
        f1: the measured field, shape (Nx, Nt).
        params: a fixed-length array of exactly 5 entries. Use only indices 0..4.
        d_axis: spatial derivative. Call d_axis(field, axis, order); axis=0 is x1.

    Return:
        `f1_t_pred`, a numpy array with the grid shape.

    STRICT CONSTRAINT:
        1. SPATIAL DERIVATIVES & MATH: you are a physicist discovering a PDE. Use ONLY
           the provided d_axis(field, axis, order) for derivatives (max order 4), with
           axis=0 for the single spatial coordinate x1. For mathematical functions you
           are STRICTLY LIMITED to np.sin, np.cos, np.tanh and np.exp. Do not call any
           other np.* routine, do not import anything, and do not write numerical
           algorithms. Ordinary arithmetic (+ - * / **) and params[0..4] are free.
        2. OUTPUT FORMAT: write the complete formula, assign it to f1_t_pred, and
           strictly end with return f1_t_pred. No placeholders.
        3. PARETO EVOLUTION: the frontier trades MSE against complexity. Complexity
           counts the derivative calls, the arithmetic operations and every params
           you use, so the same term written more compactly is preferred.
        4. OPTIMIZATION STRATEGY:{PARETO_FRONTIER_PLACEHOLDER}
    """
    f1_t_pred = -params[0] * (1 - params[1] * np.tanh(x[:, 0:1])) * d_axis(f1, 0, 1) / (1 + params[2] * np.abs(f1)) - params[3] * d_axis(d_axis(f1, 0, 1) / (np.abs(f1) + 1e-6), 0, 1) * (1 - params[4] * np.tanh(x[:, 0:1]))

    return f1_t_pred
------------------------------------------------------
MSE          : 3.47e-04
Complexity   : 27
Sample time  : 3.0124977827072144
Evaluate time: 16.112855195999146
Sample orders: 37
======================================================


🚫 [UNPARSABLE] the reply carried no executable body; draw dropped
✅ [EVALUATED] MSE: 3.82e-04 | Params: [ 6.0675580e+00  1.5990000e-02  3.1418924e+01 -7.4813000e-02
  1.0000000e+00]
✅ [EVALUATED] MSE: 3.47e-04 | Params: [ 8.9172580e+00  3.6590000e-03  4.7719731e+01 -8.5950000e-03
  7.9693270e+00]
Execution Error: name 'f1_t_pred' is not defined
================= Evaluated Function =================
def equation(x: np.ndarray, f1: np.ndarray, params: np.ndarray, d_axis: callable) -> np.ndarray:
    """ Mathematical function for the RHS of an unknown 1D PDE.

    Args:
        x: spatial coordinate grid, shape (Nx, 1).
        f1: the measured field, shape (Nx, Nt).
        params: a fixed-length array of exactly 5 entries. Use only indices 0..4.
        d_axis: spatial derivative. Call d_axis(field, axis, order); axis=0 is x1.

    Return:
        `f1_t_pred`, a numpy array with the grid shape.

    STRICT CONSTRAINT:
        1. SPATIAL DERIVATIVES & MATH: you are a physicist discovering a PDE. Use ONLY
           the provided d_axis(field, axis, order) for derivatives (max order 4), with
           axis=0 for the single spatial coordinate x1. For mathematical functions you
           are STRICTLY LIMITED to np.sin, np.cos, np.tanh and np.exp. Do not call any
           other np.* routine, do not import anything, and do not write numerical
           algorithms. Ordinary arithmetic (+ - * / **) and params[0..4] are free.
        2. OUTPUT FORMAT: write the complete formula, assign it to f1_t_pred, and
           strictly end with return f1_t_pred. No placeholders.
        3. PARETO EVOLUTION: the frontier trades MSE against complexity. Complexity
           counts the derivative calls, the arithmetic operations and every params
           you use, so the same term written more compactly is preferred.
        4. OPTIMIZATION STRATEGY:{PARETO_FRONTIER_PLACEHOLDER}
    """
    f1_t_pred = -params[0] * (1 - params[1] * np.tanh(x[:, 0:1])) * d_axis(f1, 0, 1) / (1 + params[2] * np.abs(f1)) - params[3] * d_axis(d_axis(f1, 0, 1) / (np.abs(f1) + 1e-6), 0, 1)

    return f1_t_pred
------------------------------------------------------
MSE          : 3.82e-04
Complexity   : 23
Sample time  : 3.0124977827072144
Evaluate time: 8.729986190795898
Sample orders: 39
======================================================


================= Evaluated Function =================
def equation(x: np.ndarray, f1: np.ndarray, params: np.ndarray, d_axis: callable) -> np.ndarray:
    """ Mathematical function for the RHS of an unknown 1D PDE.

    Args:
        x: spatial coordinate grid, shape (Nx, 1).
        f1: the measured field, shape (Nx, Nt).
        params: a fixed-length array of exactly 5 entries. Use only indices 0..4.
        d_axis: spatial derivative. Call d_axis(field, axis, order); axis=0 is x1.

    Return:
        `f1_t_pred`, a numpy array with the grid shape.

    STRICT CONSTRAINT:
        1. SPATIAL DERIVATIVES & MATH: you are a physicist discovering a PDE. Use ONLY
           the provided d_axis(field, axis, order) for derivatives (max order 4), with
           axis=0 for the single spatial coordinate x1. For mathematical functions you
           are STRICTLY LIMITED to np.sin, np.cos, np.tanh and np.exp. Do not call any
           other np.* routine, do not import anything, and do not write numerical
           algorithms. Ordinary arithmetic (+ - * / **) and params[0..4] are free.
        2. OUTPUT FORMAT: write the complete formula, assign it to f1_t_pred, and
           strictly end with return f1_t_pred. No placeholders.
        3. PARETO EVOLUTION: the frontier trades MSE against complexity. Complexity
           counts the derivative calls, the arithmetic operations and every params
           you use, so the same term written more compactly is preferred.
        4. OPTIMIZATION STRATEGY:{PARETO_FRONTIER_PLACEHOLDER}
    """
    f1_t_pred = -params[0] * (1 - params[1] * np.tanh(x[:, 0:1])) * d_axis(f1, 0, 1) / (1 + params[2] * np.abs(f1)) - params[3] * d_axis(d_axis(f1, 0, 1) / (np.abs(f1) + 1e-6), 0, 1) * (1 - params[4] * np.tanh(x[:, 0:1]))

    return f1_t_pred
------------------------------------------------------
MSE          : 3.47e-04
Complexity   : 27
Sample time  : 3.0124977827072144
Evaluate time: 16.142334699630737
Sample orders: 40
======================================================


⏱️  [NO SCORE] the sandbox returned nothing for this draw (timeout 60s, or a runtime error); it gets no MSE and no frontier slot
================= Evaluated Function =================
def equation(x: np.ndarray, f1: np.ndarray, params: np.ndarray, d_axis: callable) -> np.ndarray:
    """ Mathematical function for the RHS of an unknown 1D PDE.

    Args:
        x: spatial coordinate grid, shape (Nx, 1).
        f1: the measured field, shape (Nx, Nt).
        params: a fixed-length array of exactly 5 entries. Use only indices 0..4.
        d_axis: spatial derivative. Call d_axis(field, axis, order); axis=0 is x1.

    Return:
        `f1_t_pred`, a numpy array with the grid shape.

    STRICT CONSTRAINT:
        1. SPATIAL DERIVATIVES & MATH: you are a physicist discovering a PDE. Use ONLY
           the provided d_axis(field, axis, order) for derivatives (max order 4), with
           axis=0 for the single spatial coordinate x1. For mathematical functions you
           are STRICTLY LIMITED to np.sin, np.cos, np.tanh and np.exp. Do not call any
           other np.* routine, do not import anything, and do not write numerical
           algorithms. Ordinary arithmetic (+ - * / **) and params[0..4] are free.
        2. OUTPUT FORMAT: write the complete formula, assign it to f1_t_pred, and
           strictly end with return f1_t_pred. No placeholders.
        3. PARETO EVOLUTION: the frontier trades MSE against complexity. Complexity
           counts the derivative calls, the arithmetic operations and every params
           you use, so the same term written more compactly is preferred.
        4. OPTIMIZATION STRATEGY:{PARETO_FRONTIER_PLACEHOLDER}
    """
    return f1_t_pred
------------------------------------------------------
MSE          : N/A
Complexity   : N/A
Sample time  : 2.2526329159736633
Evaluate time: 2.6521098613739014
Sample orders: 41
======================================================


🚫 [UNPARSABLE] the reply carried no executable body; draw dropped
✅ [EVALUATED] MSE: 3.47e-04 | Params: [ 8.9172580e+00  3.6590000e-03  4.7719731e+01 -8.5950000e-03
  7.9693270e+00]
================= Evaluated Function =================
def equation(x: np.ndarray, f1: np.ndarray, params: np.ndarray, d_axis: callable) -> np.ndarray:
    """ Mathematical function for the RHS of an unknown 1D PDE.

    Args:
        x: spatial coordinate grid, shape (Nx, 1).
        f1: the measured field, shape (Nx, Nt).
        params: a fixed-length array of exactly 5 entries. Use only indices 0..4.
        d_axis: spatial derivative. Call d_axis(field, axis, order); axis=0 is x1.

    Return:
        `f1_t_pred`, a numpy array with the grid shape.

    STRICT CONSTRAINT:
        1. SPATIAL DERIVATIVES & MATH: you are a physicist discovering a PDE. Use ONLY
           the provided d_axis(field, axis, order) for derivatives (max order 4), with
           axis=0 for the single spatial coordinate x1. For mathematical functions you
           are STRICTLY LIMITED to np.sin, np.cos, np.tanh and np.exp. Do not call any
           other np.* routine, do not import anything, and do not write numerical
           algorithms. Ordinary arithmetic (+ - * / **) and params[0..4] are free.
        2. OUTPUT FORMAT: write the complete formula, assign it to f1_t_pred, and
           strictly end with return f1_t_pred. No placeholders.
        3. PARETO EVOLUTION: the frontier trades MSE against complexity. Complexity
           counts the derivative calls, the arithmetic operations and every params
           you use, so the same term written more compactly is preferred.
        4. OPTIMIZATION STRATEGY:{PARETO_FRONTIER_PLACEHOLDER}
    """
    f1_t_pred = -params[0] * (1 - params[1] * np.tanh(x[:, 0:1])) * d_axis(f1, 0, 1) / (1 + params[2] * np.abs(f1)) - params[3] * d_axis(d_axis(f1, 0, 1) / (np.abs(f1) + 1e-6), 0, 1) * (1 - params[4] * np.tanh(x[:, 0:1]))

    return f1_t_pred
------------------------------------------------------
MSE          : 3.47e-04
Complexity   : 27
Sample time  : 2.2526329159736633
Evaluate time: 16.695315837860107
Sample orders: 43
======================================================


🚫 [UNPARSABLE] the reply carried no executable body; draw dropped
✅ [EVALUATED] MSE: 3.81e-04 | Params: [ 2.7178000e-02  2.9083617e+01  5.6438770e+00 -7.2838000e-02
  1.0000000e+00]
Execution Error: name 'f1_t_pred' is not defined
✅ [EVALUATED] MSE: 3.47e-04 | Params: [ 8.9172580e+00  3.6590000e-03  4.7719731e+01 -8.5950000e-03
  7.9693270e+00]
✅ [EVALUATED] MSE: 3.81e-04 | Params: [ 2.7178000e-02  2.9083617e+01  5.6438770e+00 -7.2838000e-02
  1.0000000e+00]
================= Evaluated Function =================
def equation(x: np.ndarray, f1: np.ndarray, params: np.ndarray, d_axis: callable) -> np.ndarray:
    """ Mathematical function for the RHS of an unknown 1D PDE.

    Args:
        x: spatial coordinate grid, shape (Nx, 1).
        f1: the measured field, shape (Nx, Nt).
        params: a fixed-length array of exactly 5 entries. Use only indices 0..4.
        d_axis: spatial derivative. Call d_axis(field, axis, order); axis=0 is x1.

    Return:
        `f1_t_pred`, a numpy array with the grid shape.

    STRICT CONSTRAINT:
        1. SPATIAL DERIVATIVES & MATH: you are a physicist discovering a PDE. Use ONLY
           the provided d_axis(field, axis, order) for derivatives (max order 4), with
           axis=0 for the single spatial coordinate x1. For mathematical functions you
           are STRICTLY LIMITED to np.sin, np.cos, np.tanh and np.exp. Do not call any
           other np.* routine, do not import anything, and do not write numerical
           algorithms. Ordinary arithmetic (+ - * / **) and params[0..4] are free.
        2. OUTPUT FORMAT: write the complete formula, assign it to f1_t_pred, and
           strictly end with return f1_t_pred. No placeholders.
        3. PARETO EVOLUTION: the frontier trades MSE against complexity. Complexity
           counts the derivative calls, the arithmetic operations and every params
           you use, so the same term written more compactly is preferred.
        4. OPTIMIZATION STRATEGY:{PARETO_FRONTIER_PLACEHOLDER}
    """
    # Spatial coordinate
    x1 = x[:, 0:1]

    # First derivative of field
    f1_x = d_axis(f1, 0, 1)

    # Spatial bottleneck: widest at x1=0, narrows towards x1>0
    # Use tanh for smooth, one-sided reduction from baseline 1
    bottleneck = 1 - params[0] * np.tanh(x1)

    # Crowding factor: positive, reduces speed with more field
    crowding = 1 / (1 + params[1] * np.abs(f1))

    # Relative gradient (anticipation)
    rel_grad = f1_x / (f1 + 1e-6)
    rel_grad_x = d_axis(rel_grad, 0, 1)

    # Transport: field carried at speed reduced by both factors
    transport = -params[2] * bottleneck * crowding * f1_x

    # Anticipation diffusion: relative gradient spreading, also bottlenecked
    diffusion = -params[3] * bottleneck * rel_grad_x

    f1_t_pred = transport + diffusion

    return f1_t_pred
------------------------------------------------------
MSE          : 3.81e-04
Complexity   : 25
Sample time  : 1.9482411742210388
Evaluate time: 8.21727728843689
Sample orders: 45
======================================================


⏱️  [NO SCORE] the sandbox returned nothing for this draw (timeout 60s, or a runtime error); it gets no MSE and no frontier slot
================= Evaluated Function =================
def equation(x: np.ndarray, f1: np.ndarray, params: np.ndarray, d_axis: callable) -> np.ndarray:
    """ Mathematical function for the RHS of an unknown 1D PDE.

    Args:
        x: spatial coordinate grid, shape (Nx, 1).
        f1: the measured field, shape (Nx, Nt).
        params: a fixed-length array of exactly 5 entries. Use only indices 0..4.
        d_axis: spatial derivative. Call d_axis(field, axis, order); axis=0 is x1.

    Return:
        `f1_t_pred`, a numpy array with the grid shape.

    STRICT CONSTRAINT:
        1. SPATIAL DERIVATIVES & MATH: you are a physicist discovering a PDE. Use ONLY
           the provided d_axis(field, axis, order) for derivatives (max order 4), with
           axis=0 for the single spatial coordinate x1. For mathematical functions you
           are STRICTLY LIMITED to np.sin, np.cos, np.tanh and np.exp. Do not call any
           other np.* routine, do not import anything, and do not write numerical
           algorithms. Ordinary arithmetic (+ - * / **) and params[0..4] are free.
        2. OUTPUT FORMAT: write the complete formula, assign it to f1_t_pred, and
           strictly end with return f1_t_pred. No placeholders.
        3. PARETO EVOLUTION: the frontier trades MSE against complexity. Complexity
           counts the derivative calls, the arithmetic operations and every params
           you use, so the same term written more compactly is preferred.
        4. OPTIMIZATION STRATEGY:{PARETO_FRONTIER_PLACEHOLDER}
    """
    return f1_t_pred
------------------------------------------------------
MSE          : N/A
Complexity   : N/A
Sample time  : 1.9482411742210388
Evaluate time: 2.789731502532959
Sample orders: 46
======================================================


================= Evaluated Function =================
def equation(x: np.ndarray, f1: np.ndarray, params: np.ndarray, d_axis: callable) -> np.ndarray:
    """ Mathematical function for the RHS of an unknown 1D PDE.

    Args:
        x: spatial coordinate grid, shape (Nx, 1).
        f1: the measured field, shape (Nx, Nt).
        params: a fixed-length array of exactly 5 entries. Use only indices 0..4.
        d_axis: spatial derivative. Call d_axis(field, axis, order); axis=0 is x1.

    Return:
        `f1_t_pred`, a numpy array with the grid shape.

    STRICT CONSTRAINT:
        1. SPATIAL DERIVATIVES & MATH: you are a physicist discovering a PDE. Use ONLY
           the provided d_axis(field, axis, order) for derivatives (max order 4), with
           axis=0 for the single spatial coordinate x1. For mathematical functions you
           are STRICTLY LIMITED to np.sin, np.cos, np.tanh and np.exp. Do not call any
           other np.* routine, do not import anything, and do not write numerical
           algorithms. Ordinary arithmetic (+ - * / **) and params[0..4] are free.
        2. OUTPUT FORMAT: write the complete formula, assign it to f1_t_pred, and
           strictly end with return f1_t_pred. No placeholders.
        3. PARETO EVOLUTION: the frontier trades MSE against complexity. Complexity
           counts the derivative calls, the arithmetic operations and every params
           you use, so the same term written more compactly is preferred.
        4. OPTIMIZATION STRATEGY:{PARETO_FRONTIER_PLACEHOLDER}
    """
    f1_t_pred = -params[0] * (1 - params[1] * np.tanh(x[:, 0:1])) * d_axis(f1, 0, 1) / (1 + params[2] * np.abs(f1)) - params[3] * d_axis(d_axis(f1, 0, 1) / (f1 + 1e-6), 0, 1) * (1 - params[4] * np.tanh(x[:, 0:1]))

    return f1_t_pred
------------------------------------------------------
MSE          : 3.47e-04
Complexity   : 27
Sample time  : 1.9482411742210388
Evaluate time: 16.467545747756958
Sample orders: 47
======================================================


================= Evaluated Function =================
def equation(x: np.ndarray, f1: np.ndarray, params: np.ndarray, d_axis: callable) -> np.ndarray:
    """ Mathematical function for the RHS of an unknown 1D PDE.

    Args:
        x: spatial coordinate grid, shape (Nx, 1).
        f1: the measured field, shape (Nx, Nt).
        params: a fixed-length array of exactly 5 entries. Use only indices 0..4.
        d_axis: spatial derivative. Call d_axis(field, axis, order); axis=0 is x1.

    Return:
        `f1_t_pred`, a numpy array with the grid shape.

    STRICT CONSTRAINT:
        1. SPATIAL DERIVATIVES & MATH: you are a physicist discovering a PDE. Use ONLY
           the provided d_axis(field, axis, order) for derivatives (max order 4), with
           axis=0 for the single spatial coordinate x1. For mathematical functions you
           are STRICTLY LIMITED to np.sin, np.cos, np.tanh and np.exp. Do not call any
           other np.* routine, do not import anything, and do not write numerical
           algorithms. Ordinary arithmetic (+ - * / **) and params[0..4] are free.
        2. OUTPUT FORMAT: write the complete formula, assign it to f1_t_pred, and
           strictly end with return f1_t_pred. No placeholders.
        3. PARETO EVOLUTION: the frontier trades MSE against complexity. Complexity
           counts the derivative calls, the arithmetic operations and every params
           you use, so the same term written more compactly is preferred.
        4. OPTIMIZATION STRATEGY:{PARETO_FRONTIER_PLACEHOLDER}
    """
    # First-order spatial derivative
    f1_x = d_axis(f1, 0, 1)

    # Bottleneck reduction: 1 - A*tanh(x) (channel narrows as x increases)
    bottleneck = 1 - params[0] * np.tanh(x[:, 0:1])

    # Crowding reduction: 1/(1 + B*f1) (positive factor of f1)
    crowding = 1 / (1 + params[1] * f1)

    # Transport term with both reductions (they don't limit each other, so multiplicative)
    transport = -params[2] * bottleneck * crowding * f1_x

    # Relative gradient for anticipation
    rel_grad = f1_x / (f1 + 1e-6)  # avoid division by zero
    rel_grad_x = d_axis(rel_grad, 0, 1)

    # Anticipation diffusion with bottleneck reduction
    diffusion = -params[3] * bottleneck * rel_grad_x

    f1_t_pred = transport + diffusion
    return f1_t_pred✅ [EVALUATED] MSE: 5.01e-04 | Params: [ 0.054821  2.084684  1.137325 -0.129246  1.      ]
✅ [EVALUATED] MSE: 3.64e-04 | Params: [ 0.041161  3.995727  1.943021 -0.067184  1.      ]
✅ [EVALUATED] MSE: 3.16e-04 | Params: [ 3.860158  0.057299 18.541763 -1.537401  5.798449]

------------------------------------------------------
MSE          : 3.81e-04
Complexity   : 30
Sample time  : 1.9482411742210388
Evaluate time: 8.566444158554077
Sample orders: 48
======================================================


================= Evaluated Function =================
def equation(x: np.ndarray, f1: np.ndarray, params: np.ndarray, d_axis: callable) -> np.ndarray:
    """ Mathematical function for the RHS of an unknown 1D PDE.

    Args:
        x: spatial coordinate grid, shape (Nx, 1).
        f1: the measured field, shape (Nx, Nt).
        params: a fixed-length array of exactly 5 entries. Use only indices 0..4.
        d_axis: spatial derivative. Call d_axis(field, axis, order); axis=0 is x1.

    Return:
        `f1_t_pred`, a numpy array with the grid shape.

    STRICT CONSTRAINT:
        1. SPATIAL DERIVATIVES & MATH: you are a physicist discovering a PDE. Use ONLY
           the provided d_axis(field, axis, order) for derivatives (max order 4), with
           axis=0 for the single spatial coordinate x1. For mathematical functions you
           are STRICTLY LIMITED to np.sin, np.cos, np.tanh and np.exp. Do not call any
           other np.* routine, do not import anything, and do not write numerical
           algorithms. Ordinary arithmetic (+ - * / **) and params[0..4] are free.
        2. OUTPUT FORMAT: write the complete formula, assign it to f1_t_pred, and
           strictly end with return f1_t_pred. No placeholders.
        3. PARETO EVOLUTION: the frontier trades MSE against complexity. Complexity
           counts the derivative calls, the arithmetic operations and every params
           you use, so the same term written more compactly is preferred.
        4. OPTIMIZATION STRATEGY:{PARETO_FRONTIER_PLACEHOLDER}
    """
    x1 = x[:, 0:1]
    f1_x = d_axis(f1, 0, 1)

    # Bottleneck: smooth reduction from 1 at x1=0 to 0 at large x1
    bottleneck = 1 - params[0] * np.tanh(x1)

    # Combined reduction: both effects multiply (each cuts by same fraction)
    speed_factor = bottleneck / (1 + params[1] * np.abs(f1))

    # Transport: advection with reduced speed
    transport = -params[2] * speed_factor * f1_x

    # Anticipation: diffusion of relative gradient
    rel_grad = f1_x / (f1 + 1e-6)
    rel_grad_x = d_axis(rel_grad, 0, 1)
    diffusion = -params[3] * speed_factor * rel_grad_x

    f1_t_pred = transport + diffusion

    return f1_t_pred
------------------------------------------------------
MSE          : 5.01e-04
Complexity   : 23
Sample time  : 3.4053152799606323
Evaluate time: 6.073357105255127
Sample orders: 49
======================================================


================= Evaluated Function =================
def equation(x: np.ndarray, f1: np.ndarray, params: np.ndarray, d_axis: callable) -> np.ndarray:
    """ Mathematical function for the RHS of an unknown 1D PDE.

    Args:
        x: spatial coordinate grid, shape (Nx, 1).
        f1: the measured field, shape (Nx, Nt).
        params: a fixed-length array of exactly 5 entries. Use only indices 0..4.
        d_axis: spatial derivative. Call d_axis(field, axis, order); axis=0 is x1.

    Return:
        `f1_t_pred`, a numpy array with the grid shape.

    STRICT CONSTRAINT:
        1. SPATIAL DERIVATIVES & MATH: you are a physicist discovering a PDE. Use ONLY
           the provided d_axis(field, axis, order) for derivatives (max order 4), with
           axis=0 for the single spatial coordinate x1. For mathematical functions you
           are STRICTLY LIMITED to np.sin, np.cos, np.tanh and np.exp. Do not call any
           other np.* routine, do not import anything, and do not write numerical
           algorithms. Ordinary arithmetic (+ - * / **) and params[0..4] are free.
        2. OUTPUT FORMAT: write the complete formula, assign it to f1_t_pred, and
           strictly end with return f1_t_pred. No placeholders.
        3. PARETO EVOLUTION: the frontier trades MSE against complexity. Complexity
           counts the derivative calls, the arithmetic operations and every params
           you use, so the same term written more compactly is preferred.
        4. OPTIMIZATION STRATEGY:{PARETO_FRONTIER_PLACEHOLDER}
    """
    # Spatial coordinate (Nx, 1)
    x1 = x[:, 0:1]

    # First derivative
    f1_x = d_axis(f1, 0, 1)

    # Bottleneck: widest at x1=0, narrows towards positive x1
    # 1 - tanh(x1) gives smooth one-sided reduction from baseline
    bottleneck = 1 - params[0] * np.tanh(x1)

    # Crowding: positive factor of f1 alone, reduces speed
    # Use exp(-params[1]*f1) for positive, monotonic reduction
    crowding = np.exp(-params[1] * f1)

    # Transport: carried at speed reduced by both factors (multiplicative)
    transport = -params[2] * bottleneck * crowding * f1_x

    # Anticipation: relative gradient diffusion
    # Relative gradient = f1_x / f1, then take its derivative
    rel_grad = f1_x / (f1 + 1e-8)
    rel_grad_x = d_axis(rel_grad, 0, 1)

    # Anticipation diffusion also subject to bottleneck
    diffusion = -params[3] * bottleneck * rel_grad_x

    f1_t_pred = transport + diffusion

    return f1_t_pred
------------------------------------------------------
MSE          : 3.64e-04
Complexity   : 31
Sample time  : 3.4053152799606323
Evaluate time: 7.075349807739258
Sample orders: 50
======================================================


================= Evaluated Function =================
def equation(x: np.ndarray, f1: np.ndarray, params: np.ndarray, d_axis: callable) -> np.ndarray:
    """ Mathematical function for the RHS of an unknown 1D PDE.

    Args:
        x: spatial coordinate grid, shape (Nx, 1).
        f1: the measured field, shape (Nx, Nt).
        params: a fixed-length array of exactly 5 entries. Use only indices 0..4.
        d_axis: spatial derivative. Call d_axis(field, axis, order); axis=0 is x1.

    Return:
        `f1_t_pred`, a numpy array with the grid shape.

    STRICT CONSTRAINT:
        1. SPATIAL DERIVATIVES & MATH: you are a physicist discovering a PDE. Use ONLY
           the provided d_axis(field, axis, order) for derivatives (max order 4), with
           axis=0 for the single spatial coordinate x1. For mathematical functions you
           are STRICTLY LIMITED to np.sin, np.cos, np.tanh and np.exp. Do not call any
           other np.* routine, do not import anything, and do not write numerical
           algorithms. Ordinary arithmetic (+ - * / **) and params[0..4] are free.
        2. OUTPUT FORMAT: write the complete formula, assign it to f1_t_pred, and
           strictly end with return f1_t_pred. No placeholders.
        3. PARETO EVOLUTION: the frontier trades MSE against complexity. Complexity
           counts the derivative calls, the arithmetic operations and every params
           you use, so the same term written more compactly is preferred.
        4. OPTIMIZATION STRATEGY:{PARETO_FRONTIER_PLACEHOLDER}
    """
    f1_t_pred = -params[0] * (1 - params[1] * np.tanh(x[:, 0:1])) * d_axis(f1, 0, 1) / (1 + params[2] * np.abs(f1)) - params[3] * d_axis(d_axis(f1, 0, 1) / (f1 + params[4]), 0, 1)

    return f1_t_pred
------------------------------------------------------
MSE          : 3.16e-04
Complexity   : 23
Sample time  : 3.4053152799606323
Evaluate time: 8.204249620437622
Sample orders: 51
======================================================


🚫 [UNPARSABLE] the reply carried no executable body; draw dropped
✅ [EVALUATED] MSE: 3.16e-04 | Params: [ 3.860158  0.057299 18.541763 -1.537401  5.798449]
✅ [EVALUATED] MSE: 3.16e-04 | Params: [ 3.860158  0.057299 18.541763 -1.537401  5.798449]
✅ [EVALUATED] MSE: 3.16e-04 | Params: [ 3.860158  0.057299 18.541763 -1.537401  5.798449]
✅ [EVALUATED] MSE: 3.77e-04 | Params: [ 6.5042870e+00  2.1955000e-02  2.4319200e-01  3.1396494e+01
 -7.4876000e-02]
================= Evaluated Function =================
def equation(x: np.ndarray, f1: np.ndarray, params: np.ndarray, d_axis: callable) -> np.ndarray:
    """ Mathematical function for the RHS of an unknown 1D PDE.

    Args:
        x: spatial coordinate grid, shape (Nx, 1).
        f1: the measured field, shape (Nx, Nt).
        params: a fixed-length array of exactly 5 entries. Use only indices 0..4.
        d_axis: spatial derivative. Call d_axis(field, axis, order); axis=0 is x1.

    Return:
        `f1_t_pred`, a numpy array with the grid shape.

    STRICT CONSTRAINT:
        1. SPATIAL DERIVATIVES & MATH: you are a physicist discovering a PDE. Use ONLY
           the provided d_axis(field, axis, order) for derivatives (max order 4), with
           axis=0 for the single spatial coordinate x1. For mathematical functions you
           are STRICTLY LIMITED to np.sin, np.cos, np.tanh and np.exp. Do not call any
           other np.* routine, do not import anything, and do not write numerical
           algorithms. Ordinary arithmetic (+ - * / **) and params[0..4] are free.
        2. OUTPUT FORMAT: write the complete formula, assign it to f1_t_pred, and
           strictly end with return f1_t_pred. No placeholders.
        3. PARETO EVOLUTION: the frontier trades MSE against complexity. Complexity
           counts the derivative calls, the arithmetic operations and every params
           you use, so the same term written more compactly is preferred.
        4. OPTIMIZATION STRATEGY:{PARETO_FRONTIER_PLACEHOLDER}
    """
    f1_t_pred = -params[0] * (1 - params[1] * np.tanh(x[:, 0:1])) * d_axis(f1, 0, 1) / (1 + params[2] * np.abs(f1)) - params[3] * d_axis(d_axis(f1, 0, 1) / (f1 + params[4]), 0, 1)

    return f1_t_pred
------------------------------------------------------
MSE          : 3.16e-04
Complexity   : 23
Sample time  : 3.1884586811065674
Evaluate time: 9.06786847114563
Sample orders: 53
======================================================


================= Evaluated Function =================
def equation(x: np.ndarray, f1: np.ndarray, params: np.ndarray, d_axis: callable) -> np.ndarray:
    """ Mathematical function for the RHS of an unknown 1D PDE.

    Args:
        x: spatial coordinate grid, shape (Nx, 1).
        f1: the measured field, shape (Nx, Nt).
        params: a fixed-length array of exactly 5 entries. Use only indices 0..4.
        d_axis: spatial derivative. Call d_axis(field, axis, order); axis=0 is x1.

    Return:
        `f1_t_pred`, a numpy array with the grid shape.

    STRICT CONSTRAINT:
        1. SPATIAL DERIVATIVES & MATH: you are a physicist discovering a PDE. Use ONLY
           the provided d_axis(field, axis, order) for derivatives (max order 4), with
           axis=0 for the single spatial coordinate x1. For mathematical functions you
           are STRICTLY LIMITED to np.sin, np.cos, np.tanh and np.exp. Do not call any
           other np.* routine, do not import anything, and do not write numerical
           algorithms. Ordinary arithmetic (+ - * / **) and params[0..4] are free.
        2. OUTPUT FORMAT: write the complete formula, assign it to f1_t_pred, and
           strictly end with return f1_t_pred. No placeholders.
        3. PARETO EVOLUTION: the frontier trades MSE against complexity. Complexity
           counts the derivative calls, the arithmetic operations and every params
           you use, so the same term written more compactly is preferred.
        4. OPTIMIZATION STRATEGY:{PARETO_FRONTIER_PLACEHOLDER}
    """
    f1_t_pred = -params[0] * (1 - params[1] * np.tanh(x[:, 0:1])) * d_axis(f1, 0, 1) / (1 + params[2] * f1) - params[3] * d_axis(d_axis(f1, 0, 1) / (f1 + params[4]), 0, 1)

    return f1_t_pred
------------------------------------------------------
MSE          : 3.16e-04
Complexity   : 23
Sample time  : 3.1884586811065674
Evaluate time: 8.19116997718811
Sample orders: 54
======================================================


================= Evaluated Function =================
def equation(x: np.ndarray, f1: np.ndarray, params: np.ndarray, d_axis: callable) -> np.ndarray:
    """ Mathematical function for the RHS of an unknown 1D PDE.

    Args:
        x: spatial coordinate grid, shape (Nx, 1).
        f1: the measured field, shape (Nx, Nt).
        params: a fixed-length array of exactly 5 entries. Use only indices 0..4.
        d_axis: spatial derivative. Call d_axis(field, axis, order); axis=0 is x1.

    Return:
        `f1_t_pred`, a numpy array with the grid shape.

    STRICT CONSTRAINT:
        1. SPATIAL DERIVATIVES & MATH: you are a physicist discovering a PDE. Use ONLY
           the provided d_axis(field, axis, order) for derivatives (max order 4), with
           axis=0 for the single spatial coordinate x1. For mathematical functions you
           are STRICTLY LIMITED to np.sin, np.cos, np.tanh and np.exp. Do not call any
           other np.* routine, do not import anything, and do not write numerical
           algorithms. Ordinary arithmetic (+ - * / **) and params[0..4] are free.
        2. OUTPUT FORMAT: write the complete formula, assign it to f1_t_pred, and
           strictly end with return f1_t_pred. No placeholders.
        3. PARETO EVOLUTION: the frontier trades MSE against complexity. Complexity
           counts the derivative calls, the arithmetic operations and every params
           you use, so the same term written more compactly is preferred.
        4. OPTIMIZATION STRATEGY:{PARETO_FRONTIER_PLACEHOLDER}
    """
    f1_t_pred = -params[0] * (1 - params[1] * np.tanh(x[:, 0:1])) * d_axis(f1, 0, 1) / (1 + params[2] * np.abs(f1)) - params[3] * d_axis(d_axis(f1, 0, 1) / (f1 + params[4]), 0, 1)

    return f1_t_pred
------------------------------------------------------
MSE          : 3.16e-04
Complexity   : 23
Sample time  : 3.1884586811065674
Evaluate time: 8.685369729995728
Sample orders: 55
======================================================


================= Evaluated Function =================
def equation(x: np.ndarray, f1: np.ndarray, params: np.ndarray, d_axis: callable) -> np.ndarray:
    """ Mathematical function for the RHS of an unknown 1D PDE.

    Args:
        x: spatial coordinate grid, shape (Nx, 1).
        f1: the measured field, shape (Nx, Nt).
        params: a fixed-length array of exactly 5 entries. Use only indices 0..4.
        d_axis: spatial derivative. Call d_axis(field, axis, order); axis=0 is x1.

    Return:
        `f1_t_pred`, a numpy array with the grid shape.

    STRICT CONSTRAINT:
        1. SPATIAL DERIVATIVES & MATH: you are a physicist discovering a PDE. Use ONLY
           the provided d_axis(field, axis, order) for derivatives (max order 4), with
           axis=0 for the single spatial coordinate x1. For mathematical functions you
           are STRICTLY LIMITED to np.sin, np.cos, np.tanh and np.exp. Do not call any
           other np.* routine, do not import anything, and do not write numerical
           algorithms. Ordinary arithmetic (+ - * / **) and params[0..4] are free.
        2. OUTPUT FORMAT: write the complete formula, assign it to f1_t_pred, and
           strictly end with return f1_t_pred. No placeholders.
        3. PARETO EVOLUTION: the frontier trades MSE against complexity. Complexity
           counts the derivative calls, the arithmetic operations and every params
           you use, so the same term written more compactly is preferred.
        4. OPTIMIZATION STRATEGY:{PARETO_FRONTIER_PLACEHOLDER}
    """
    f1_t_pred = -params[0] * (1 - params[1] * np.exp(-params[2] * x[:, 0:1])) * d_axis(f1, 0, 1) / (1 + params[3] * f1) - params[4] * d_axis(d_axis(f1, 0, 1) / (f1 + 1e-6), 0, 1)

    return f1_t_pred
------------------------------------------------------
MSE          : 3.77e-04
Complexity   : 27
Sample time  : 3.1884586811065674
Evaluate time: 17.97758984565735
Sample orders: 56
======================================================


🚫 [UNPARSABLE] the reply carried no executable body; draw dropped
✅ [EVALUATED] MSE: 3.16e-04 | Params: [ 3.860158  0.057299 18.541763 -1.537401  5.798449]
✅ [EVALUATED] MSE: 3.16e-04 | Params: [ 3.860158  0.057299 18.541763 -1.537401  5.798449]
✅ [EVALUATED] MSE: 3.16e-04 | Params: [ 3.860158  0.057299 18.541763 -1.537401  5.798449]
✅ [EVALUATED] MSE: 3.16e-04 | Params: [ 3.860158  0.057299 18.541763 -1.537401  5.798449]
✅ [EVALUATED] MSE: 3.16e-04 | Params: [ 3.860158  0.057299 18.541763 -1.537401  5.798449]
================= Evaluated Function =================
def equation(x: np.ndarray, f1: np.ndarray, params: np.ndarray, d_axis: callable) -> np.ndarray:
    """ Mathematical function for the RHS of an unknown 1D PDE.

    Args:
        x: spatial coordinate grid, shape (Nx, 1).
        f1: the measured field, shape (Nx, Nt).
        params: a fixed-length array of exactly 5 entries. Use only indices 0..4.
        d_axis: spatial derivative. Call d_axis(field, axis, order); axis=0 is x1.

    Return:
        `f1_t_pred`, a numpy array with the grid shape.

    STRICT CONSTRAINT:
        1. SPATIAL DERIVATIVES & MATH: you are a physicist discovering a PDE. Use ONLY
           the provided d_axis(field, axis, order) for derivatives (max order 4), with
           axis=0 for the single spatial coordinate x1. For mathematical functions you
           are STRICTLY LIMITED to np.sin, np.cos, np.tanh and np.exp. Do not call any
           other np.* routine, do not import anything, and do not write numerical
           algorithms. Ordinary arithmetic (+ - * / **) and params[0..4] are free.
        2. OUTPUT FORMAT: write the complete formula, assign it to f1_t_pred, and
           strictly end with return f1_t_pred. No placeholders.
        3. PARETO EVOLUTION: the frontier trades MSE against complexity. Complexity
           counts the derivative calls, the arithmetic operations and every params
           you use, so the same term written more compactly is preferred.
        4. OPTIMIZATION STRATEGY:{PARETO_FRONTIER_PLACEHOLDER}
    """
    f1_t_pred = -params[0] * (1 - params[1] * np.tanh(x[:, 0:1])) * d_axis(f1, 0, 1) / (1 + params[2] * f1) - params[3] * d_axis(d_axis(f1, 0, 1) / (f1 + params[4]), 0, 1)

    return f1_t_pred
------------------------------------------------------
MSE          : 3.16e-04
Complexity   : 23
Sample time  : 1.9701412320137024
Evaluate time: 8.89439606666565
Sample orders: 58
======================================================


================= Evaluated Function =================
def equation(x: np.ndarray, f1: np.ndarray, params: np.ndarray, d_axis: callable) -> np.ndarray:
    """ Mathematical function for the RHS of an unknown 1D PDE.

    Args:
        x: spatial coordinate grid, shape (Nx, 1).
        f1: the measured field, shape (Nx, Nt).
        params: a fixed-length array of exactly 5 entries. Use only indices 0..4.
        d_axis: spatial derivative. Call d_axis(field, axis, order); axis=0 is x1.

    Return:
        `f1_t_pred`, a numpy array with the grid shape.

    STRICT CONSTRAINT:
        1. SPATIAL DERIVATIVES & MATH: you are a physicist discovering a PDE. Use ONLY
           the provided d_axis(field, axis, order) for derivatives (max order 4), with
           axis=0 for the single spatial coordinate x1. For mathematical functions you
           are STRICTLY LIMITED to np.sin, np.cos, np.tanh and np.exp. Do not call any
           other np.* routine, do not import anything, and do not write numerical
           algorithms. Ordinary arithmetic (+ - * / **) and params[0..4] are free.
        2. OUTPUT FORMAT: write the complete formula, assign it to f1_t_pred, and
           strictly end with return f1_t_pred. No placeholders.
        3. PARETO EVOLUTION: the frontier trades MSE against complexity. Complexity
           counts the derivative calls, the arithmetic operations and every params
           you use, so the same term written more compactly is preferred.
        4. OPTIMIZATION STRATEGY:{PARETO_FRONTIER_PLACEHOLDER}
    """
    f1_t_pred = -params[0] * (1 - params[1] * np.tanh(x[:, 0:1])) * d_axis(f1, 0, 1) / (1 + params[2] * f1) - params[3] * d_axis(d_axis(f1, 0, 1) / (f1 + params[4]), 0, 1)

    return f1_t_pred
------------------------------------------------------
MSE          : 3.16e-04
Complexity   : 23
Sample time  : 1.9701412320137024
Evaluate time: 8.965925216674805
Sample orders: 59
======================================================


================= Evaluated Function =================
def equation(x: np.ndarray, f1: np.ndarray, params: np.ndarray, d_axis: callable) -> np.ndarray:
    """ Mathematical function for the RHS of an unknown 1D PDE.

    Args:
        x: spatial coordinate grid, shape (Nx, 1).
        f1: the measured field, shape (Nx, Nt).
        params: a fixed-length array of exactly 5 entries. Use only indices 0..4.
        d_axis: spatial derivative. Call d_axis(field, axis, order); axis=0 is x1.

    Return:
        `f1_t_pred`, a numpy array with the grid shape.

    STRICT CONSTRAINT:
        1. SPATIAL DERIVATIVES & MATH: you are a physicist discovering a PDE. Use ONLY
           the provided d_axis(field, axis, order) for derivatives (max order 4), with
           axis=0 for the single spatial coordinate x1. For mathematical functions you
           are STRICTLY LIMITED to np.sin, np.cos, np.tanh and np.exp. Do not call any
           other np.* routine, do not import anything, and do not write numerical
           algorithms. Ordinary arithmetic (+ - * / **) and params[0..4] are free.
        2. OUTPUT FORMAT: write the complete formula, assign it to f1_t_pred, and
           strictly end with return f1_t_pred. No placeholders.
        3. PARETO EVOLUTION: the frontier trades MSE against complexity. Complexity
           counts the derivative calls, the arithmetic operations and every params
           you use, so the same term written more compactly is preferred.
        4. OPTIMIZATION STRATEGY:{PARETO_FRONTIER_PLACEHOLDER}
    """
    f1_t_pred = -params[0] * (1 - params[1] * np.tanh(x[:, 0:1])) * d_axis(f1, 0, 1) / (1 + params[2] * f1) - params[3] * d_axis(d_axis(f1, 0, 1) / (f1 + params[4]), 0, 1)

    return f1_t_pred
------------------------------------------------------
MSE          : 3.16e-04
Complexity   : 23
Sample time  : 1.9701412320137024
Evaluate time: 8.265255212783813
Sample orders: 60
======================================================


================= Evaluated Function =================
def equation(x: np.ndarray, f1: np.ndarray, params: np.ndarray, d_axis: callable) -> np.ndarray:
    """ Mathematical function for the RHS of an unknown 1D PDE.

    Args:
        x: spatial coordinate grid, shape (Nx, 1).
        f1: the measured field, shape (Nx, Nt).
        params: a fixed-length array of exactly 5 entries. Use only indices 0..4.
        d_axis: spatial derivative. Call d_axis(field, axis, order); axis=0 is x1.

    Return:
        `f1_t_pred`, a numpy array with the grid shape.

    STRICT CONSTRAINT:
        1. SPATIAL DERIVATIVES & MATH: you are a physicist discovering a PDE. Use ONLY
           the provided d_axis(field, axis, order) for derivatives (max order 4), with
           axis=0 for the single spatial coordinate x1. For mathematical functions you
           are STRICTLY LIMITED to np.sin, np.cos, np.tanh and np.exp. Do not call any
           other np.* routine, do not import anything, and do not write numerical
           algorithms. Ordinary arithmetic (+ - * / **) and params[0..4] are free.
        2. OUTPUT FORMAT: write the complete formula, assign it to f1_t_pred, and
           strictly end with return f1_t_pred. No placeholders.
        3. PARETO EVOLUTION: the frontier trades MSE against complexity. Complexity
           counts the derivative calls, the arithmetic operations and every params
           you use, so the same term written more compactly is preferred.
        4. OPTIMIZATION STRATEGY:{PARETO_FRONTIER_PLACEHOLDER}
    """
    f1_t_pred = -params[0] * (1 - params[1] * np.tanh(x[:, 0:1])) * d_axis(f1, 0, 1) / (1 + params[2] * np.abs(f1)) - params[3] * d_axis(d_axis(f1, 0, 1) / (f1 + params[4]), 0, 1)

    return f1_t_pred
------------------------------------------------------
MSE          : 3.16e-04
Complexity   : 23
Sample time  : 2.2522244453430176
Evaluate time: 8.736982107162476
Sample orders: 61
======================================================


================= Evaluated Function =================
def equation(x: np.ndarray, f1: np.ndarray, params: np.ndarray, d_axis: callable) -> np.ndarray:
    """ Mathematical function for the RHS of an unknown 1D PDE.

    Args:
        x: spatial coordinate grid, shape (Nx, 1).
        f1: the measured field, shape (Nx, Nt).
        params: a fixed-length array of exactly 5 entries. Use only indices 0..4.
        d_axis: spatial derivative. Call d_axis(field, axis, order); axis=0 is x1.

    Return:
        `f1_t_pred`, a numpy array with the grid shape.

    STRICT CONSTRAINT:
        1. SPATIAL DERIVATIVES & MATH: you are a physicist discovering a PDE. Use ONLY
           the provided d_axis(field, axis, order) for derivatives (max order 4), with
           axis=0 for the single spatial coordinate x1. For mathematical functions you
           are STRICTLY LIMITED to np.sin, np.cos, np.tanh and np.exp. Do not call any
           other np.* routine, do not import anything, and do not write numerical
           algorithms. Ordinary arithmetic (+ - * / **) and params[0..4] are free.
        2. OUTPUT FORMAT: write the complete formula, assign it to f1_t_pred, and
           strictly end with return f1_t_pred. No placeholders.
        3. PARETO EVOLUTION: the frontier trades MSE against complexity. Complexity
           counts the derivative calls, the arithmetic operations and every params
           you use, so the same term written more compactly is preferred.
        4. OPTIMIZATION STRATEGY:{PARETO_FRONTIER_PLACEHOLDER}
    """
    f1_t_pred = -params[0] * (1 - params[1] * np.tanh(x[:, 0:1])) * d_axis(f1, 0, 1) / (1 + params[2] * f1) - params[3] * d_axis(d_axis(f1, 0, 1) / (f1 + params[4]), 0, 1)

    return f1_t_pred✅ [EVALUATED] MSE: 3.16e-04 | Params: [ 3.860158  0.057299 18.541763 -1.537401  5.798449]
✅ [EVALUATED] MSE: 3.16e-04 | Params: [ 3.860158  0.057299 18.541763 -1.537401  5.798449]
✅ [EVALUATED] MSE: 3.16e-04 | Params: [ 3.860158  0.057299 18.541763 -1.537401  5.798449]
✅ [EVALUATED] MSE: 3.16e-04 | Params: [ 3.860158  0.057299 18.541763 -1.537401  5.798449]

------------------------------------------------------
MSE          : 3.16e-04
Complexity   : 23
Sample time  : 2.2522244453430176
Evaluate time: 8.427421569824219
Sample orders: 62
======================================================


================= Evaluated Function =================
def equation(x: np.ndarray, f1: np.ndarray, params: np.ndarray, d_axis: callable) -> np.ndarray:
    """ Mathematical function for the RHS of an unknown 1D PDE.

    Args:
        x: spatial coordinate grid, shape (Nx, 1).
        f1: the measured field, shape (Nx, Nt).
        params: a fixed-length array of exactly 5 entries. Use only indices 0..4.
        d_axis: spatial derivative. Call d_axis(field, axis, order); axis=0 is x1.

    Return:
        `f1_t_pred`, a numpy array with the grid shape.

    STRICT CONSTRAINT:
        1. SPATIAL DERIVATIVES & MATH: you are a physicist discovering a PDE. Use ONLY
           the provided d_axis(field, axis, order) for derivatives (max order 4), with
           axis=0 for the single spatial coordinate x1. For mathematical functions you
           are STRICTLY LIMITED to np.sin, np.cos, np.tanh and np.exp. Do not call any
           other np.* routine, do not import anything, and do not write numerical
           algorithms. Ordinary arithmetic (+ - * / **) and params[0..4] are free.
        2. OUTPUT FORMAT: write the complete formula, assign it to f1_t_pred, and
           strictly end with return f1_t_pred. No placeholders.
        3. PARETO EVOLUTION: the frontier trades MSE against complexity. Complexity
           counts the derivative calls, the arithmetic operations and every params
           you use, so the same term written more compactly is preferred.
        4. OPTIMIZATION STRATEGY:{PARETO_FRONTIER_PLACEHOLDER}
    """
    f1_t_pred = -params[0] * (1 - params[1] * np.tanh(x[:, 0:1])) * d_axis(f1, 0, 1) / (1 + params[2] * f1) - params[3] * d_axis(d_axis(f1, 0, 1) / (f1 + params[4]), 0, 1)

    return f1_t_pred
------------------------------------------------------
MSE          : 3.16e-04
Complexity   : 23
Sample time  : 2.2522244453430176
Evaluate time: 8.343063116073608
Sample orders: 63
======================================================


================= Evaluated Function =================
def equation(x: np.ndarray, f1: np.ndarray, params: np.ndarray, d_axis: callable) -> np.ndarray:
    """ Mathematical function for the RHS of an unknown 1D PDE.

    Args:
        x: spatial coordinate grid, shape (Nx, 1).
        f1: the measured field, shape (Nx, Nt).
        params: a fixed-length array of exactly 5 entries. Use only indices 0..4.
        d_axis: spatial derivative. Call d_axis(field, axis, order); axis=0 is x1.

    Return:
        `f1_t_pred`, a numpy array with the grid shape.

    STRICT CONSTRAINT:
        1. SPATIAL DERIVATIVES & MATH: you are a physicist discovering a PDE. Use ONLY
           the provided d_axis(field, axis, order) for derivatives (max order 4), with
           axis=0 for the single spatial coordinate x1. For mathematical functions you
           are STRICTLY LIMITED to np.sin, np.cos, np.tanh and np.exp. Do not call any
           other np.* routine, do not import anything, and do not write numerical
           algorithms. Ordinary arithmetic (+ - * / **) and params[0..4] are free.
        2. OUTPUT FORMAT: write the complete formula, assign it to f1_t_pred, and
           strictly end with return f1_t_pred. No placeholders.
        3. PARETO EVOLUTION: the frontier trades MSE against complexity. Complexity
           counts the derivative calls, the arithmetic operations and every params
           you use, so the same term written more compactly is preferred.
        4. OPTIMIZATION STRATEGY:{PARETO_FRONTIER_PLACEHOLDER}
    """
    f1_t_pred = -params[0] * (1 - params[1] * np.tanh(x[:, 0:1])) * d_axis(f1, 0, 1) / (1 + params[2] * f1) - params[3] * d_axis(d_axis(f1, 0, 1) / (f1 + params[4]), 0, 1)

    return f1_t_pred
------------------------------------------------------
MSE          : 3.16e-04
Complexity   : 23
Sample time  : 2.2522244453430176
Evaluate time: 8.162346363067627
Sample orders: 64
======================================================


================= Evaluated Function =================
def equation(x: np.ndarray, f1: np.ndarray, params: np.ndarray, d_axis: callable) -> np.ndarray:
    """ Mathematical function for the RHS of an unknown 1D PDE.

    Args:
        x: spatial coordinate grid, shape (Nx, 1).
        f1: the measured field, shape (Nx, Nt).
        params: a fixed-length array of exactly 5 entries. Use only indices 0..4.
        d_axis: spatial derivative. Call d_axis(field, axis, order); axis=0 is x1.

    Return:
        `f1_t_pred`, a numpy array with the grid shape.

    STRICT CONSTRAINT:
        1. SPATIAL DERIVATIVES & MATH: you are a physicist discovering a PDE. Use ONLY
           the provided d_axis(field, axis, order) for derivatives (max order 4), with
           axis=0 for the single spatial coordinate x1. For mathematical functions you
           are STRICTLY LIMITED to np.sin, np.cos, np.tanh and np.exp. Do not call any
           other np.* routine, do not import anything, and do not write numerical
           algorithms. Ordinary arithmetic (+ - * / **) and params[0..4] are free.
        2. OUTPUT FORMAT: write the complete formula, assign it to f1_t_pred, and
           strictly end with return f1_t_pred. No placeholders.
        3. PARETO EVOLUTION: the frontier trades MSE against complexity. Complexity
           counts the derivative calls, the arithmetic operations and every params
           you use, so the same term written more compactly is preferred.
        4. OPTIMIZATION STRATEGY:{PARETO_FRONTIER_PLACEHOLDER}
    """
    f1_t_pred = -params[0] * (1 - params[1] * np.tanh(x[:, 0:1])) * d_axis(f1, 0, 1) / (1 + params[2] * f1) - params[3] * d_axis(d_axis(f1, 0, 1) / (f1 + params[4]), 0, 1)

    return f1_t_pred
------------------------------------------------------
MSE          : 3.16e-04
Complexity   : 23
Sample time  : 3.3185877799987793
Evaluate time: 8.446678638458252
Sample orders: 65
======================================================


================= Evaluated Function =================
def equation(x: np.ndarray, f1: np.ndarray, params: np.ndarray, d_axis: callable) -> np.ndarray:
    """ Mathematical function for the RHS of an unknown 1D PDE.

    Args:
        x: spatial coordinate grid, shape (Nx, 1).
        f1: the measured field, shape (Nx, Nt).
        params: a fixed-length array of exactly 5 entries. Use only indices 0..4.
        d_axis: spatial derivative. Call d_axis(field, axis, order); axis=0 is x1.

    Return:
        `f1_t_pred`, a numpy array with the grid shape.

    STRICT CONSTRAINT:
        1. SPATIAL DERIVATIVES & MATH: you are a physicist discovering a PDE. Use ONLY
           the provided d_axis(field, axis, order) for derivatives (max order 4), with
           axis=0 for the single spatial coordinate x1. For mathematical functions you
           are STRICTLY LIMITED to np.sin, np.cos, np.tanh and np.exp. Do not call any
           other np.* routine, do not import anything, and do not write numerical
           algorithms. Ordinary arithmetic (+ - * / **) and params[0..4] are free.
        2. OUTPUT FORMAT: write the complete formula, assign it to f1_t_pred, and
           strictly end with return f1_t_pred. No placeholders.
        3. PARETO EVOLUTION: the frontier trades MSE against complexity. Complexity
           counts the derivative calls, the arithmetic operations and every params
           you use, so the same term written more compactly is preferred.
        4. OPTIMIZATION STRATEGY:{PARETO_FRONTIER_PLACEHOLDER}
    """
    f1_t_pred = -params[0] * (1 - params[1] * np.tanh(x[:, 0:1])) * d_axis(f1, 0, 1) / (1 + params[2] * f1) - params[3] * d_axis(d_axis(f1, 0, 1) / (f1 + params[4]), 0, 1)

    return f1_t_pred
------------------------------------------------------
MSE          : 3.16e-04
Complexity   : 23
Sample time  : 3.3185877799987793
Evaluate time: 8.430556774139404
Sample orders: 66
======================================================


🚫 [UNPARSABLE] the reply carried no executable body; draw dropped
✅ [EVALUATED] MSE: 3.16e-04 | Params: [ 3.860158  0.057299 18.541763 -1.537401  5.798449]
✅ [EVALUATED] MSE: 3.16e-04 | Params: [ 4.143791  0.058687 20.255154 13.147447 -3.370792]
================= Evaluated Function =================
def equation(x: np.ndarray, f1: np.ndarray, params: np.ndarray, d_axis: callable) -> np.ndarray:
    """ Mathematical function for the RHS of an unknown 1D PDE.

    Args:
        x: spatial coordinate grid, shape (Nx, 1).
        f1: the measured field, shape (Nx, Nt).
        params: a fixed-length array of exactly 5 entries. Use only indices 0..4.
        d_axis: spatial derivative. Call d_axis(field, axis, order); axis=0 is x1.

    Return:
        `f1_t_pred`, a numpy array with the grid shape.

    STRICT CONSTRAINT:
        1. SPATIAL DERIVATIVES & MATH: you are a physicist discovering a PDE. Use ONLY
           the provided d_axis(field, axis, order) for derivatives (max order 4), with
           axis=0 for the single spatial coordinate x1. For mathematical functions you
           are STRICTLY LIMITED to np.sin, np.cos, np.tanh and np.exp. Do not call any
           other np.* routine, do not import anything, and do not write numerical
           algorithms. Ordinary arithmetic (+ - * / **) and params[0..4] are free.
        2. OUTPUT FORMAT: write the complete formula, assign it to f1_t_pred, and
           strictly end with return f1_t_pred. No placeholders.
        3. PARETO EVOLUTION: the frontier trades MSE against complexity. Complexity
           counts the derivative calls, the arithmetic operations and every params
           you use, so the same term written more compactly is preferred.
        4. OPTIMIZATION STRATEGY:{PARETO_FRONTIER_PLACEHOLDER}
    """
    f1_t_pred = -params[0] * (1 - params[1] * np.tanh(x[:, 0:1])) * d_axis(f1, 0, 1) / (1 + params[2] * f1) - params[3] * d_axis(d_axis(f1, 0, 1) / (f1 + params[4]), 0, 1)

    return f1_t_pred
------------------------------------------------------
MSE          : 3.16e-04
Complexity   : 23
Sample time  : 3.3185877799987793
Evaluate time: 8.398084878921509
Sample orders: 68
======================================================


================= Evaluated Function =================
def equation(x: np.ndarray, f1: np.ndarray, params: np.ndarray, d_axis: callable) -> np.ndarray:
    """ Mathematical function for the RHS of an unknown 1D PDE.

    Args:
        x: spatial coordinate grid, shape (Nx, 1).
        f1: the measured field, shape (Nx, Nt).
        params: a fixed-length array of exactly 5 entries. Use only indices 0..4.
        d_axis: spatial derivative. Call d_axis(field, axis, order); axis=0 is x1.

    Return:
        `f1_t_pred`, a numpy array with the grid shape.

    STRICT CONSTRAINT:
        1. SPATIAL DERIVATIVES & MATH: you are a physicist discovering a PDE. Use ONLY
           the provided d_axis(field, axis, order) for derivatives (max order 4), with
           axis=0 for the single spatial coordinate x1. For mathematical functions you
           are STRICTLY LIMITED to np.sin, np.cos, np.tanh and np.exp. Do not call any
           other np.* routine, do not import anything, and do not write numerical
           algorithms. Ordinary arithmetic (+ - * / **) and params[0..4] are free.
        2. OUTPUT FORMAT: write the complete formula, assign it to f1_t_pred, and
           strictly end with return f1_t_pred. No placeholders.
        3. PARETO EVOLUTION: the frontier trades MSE against complexity. Complexity
           counts the derivative calls, the arithmetic operations and every params
           you use, so the same term written more compactly is preferred.
        4. OPTIMIZATION STRATEGY:{PARETO_FRONTIER_PLACEHOLDER}
    """
    # Transport: v * (1 - α*profile(x)) * d(f1)/dx / (1 + β*f1)
    profile = np.tanh(x[:, 0:1])  # smooth profile increasing with x

    # Transport term: speed reduced by channel narrowing and crowding
    transport = -params[0] * (1 - params[1] * profile) * d_axis(f1, 0, 1) / (1 + params[2] * f1)

    # Diffusion term: relative gradient diffusion
    relative_gradient = d_axis(f1, 0, 1) / (f1 + params[3])
    diffusion = -params[4] * d_axis(relative_gradient, 0, 1)

    f1_t_pred = transport + diffusion

    return f1_t_pred
------------------------------------------------------
MSE          : 3.16e-04
Complexity   : 33
Sample time  : 4.631781160831451
Evaluate time: 19.099645614624023
Sample orders: 69
======================================================


🚫 [UNPARSABLE] the reply carried no executable body; draw dropped
✅ [EVALUATED] MSE: 3.16e-04 | Params: [ 3.860158  0.057299 18.541763 -1.537401  5.798449]
✅ [EVALUATED] MSE: 3.16e-04 | Params: [ 3.833499  0.057186 18.380472 -1.525055  5.749236]
✅ [EVALUATED] MSE: 3.16e-04 | Params: [ 3.860158  0.057299 18.541763 -1.537401  5.798449]
✅ [EVALUATED] MSE: 1.04e-03 | Params: [ 1.918916 16.692158 11.44888  -3.016227  1.      ]
================= Evaluated Function =================
def equation(x: np.ndarray, f1: np.ndarray, params: np.ndarray, d_axis: callable) -> np.ndarray:
    """ Mathematical function for the RHS of an unknown 1D PDE.

    Args:
        x: spatial coordinate grid, shape (Nx, 1).
        f1: the measured field, shape (Nx, Nt).
        params: a fixed-length array of exactly 5 entries. Use only indices 0..4.
        d_axis: spatial derivative. Call d_axis(field, axis, order); axis=0 is x1.

    Return:
        `f1_t_pred`, a numpy array with the grid shape.

    STRICT CONSTRAINT:
        1. SPATIAL DERIVATIVES & MATH: you are a physicist discovering a PDE. Use ONLY
           the provided d_axis(field, axis, order) for derivatives (max order 4), with
           axis=0 for the single spatial coordinate x1. For mathematical functions you
           are STRICTLY LIMITED to np.sin, np.cos, np.tanh and np.exp. Do not call any
           other np.* routine, do not import anything, and do not write numerical
           algorithms. Ordinary arithmetic (+ - * / **) and params[0..4] are free.
        2. OUTPUT FORMAT: write the complete formula, assign it to f1_t_pred, and
           strictly end with return f1_t_pred. No placeholders.
        3. PARETO EVOLUTION: the frontier trades MSE against complexity. Complexity
           counts the derivative calls, the arithmetic operations and every params
           you use, so the same term written more compactly is preferred.
        4. OPTIMIZATION STRATEGY:{PARETO_FRONTIER_PLACEHOLDER}
    """
    f1_t_pred = -params[0] * (1 - params[1] * np.tanh(x[:, 0:1])) * d_axis(f1, 0, 1) / (1 + params[2] * np.abs(f1)) - params[3] * d_axis(d_axis(f1, 0, 1) / (f1 + params[4]), 0, 1)

    return f1_t_pred
------------------------------------------------------
MSE          : 3.16e-04
Complexity   : 23
Sample time  : 4.631781160831451
Evaluate time: 8.229549646377563
Sample orders: 71
======================================================


================= Evaluated Function =================
def equation(x: np.ndarray, f1: np.ndarray, params: np.ndarray, d_axis: callable) -> np.ndarray:
    """ Mathematical function for the RHS of an unknown 1D PDE.

    Args:
        x: spatial coordinate grid, shape (Nx, 1).
        f1: the measured field, shape (Nx, Nt).
        params: a fixed-length array of exactly 5 entries. Use only indices 0..4.
        d_axis: spatial derivative. Call d_axis(field, axis, order); axis=0 is x1.

    Return:
        `f1_t_pred`, a numpy array with the grid shape.

    STRICT CONSTRAINT:
        1. SPATIAL DERIVATIVES & MATH: you are a physicist discovering a PDE. Use ONLY
           the provided d_axis(field, axis, order) for derivatives (max order 4), with
           axis=0 for the single spatial coordinate x1. For mathematical functions you
           are STRICTLY LIMITED to np.sin, np.cos, np.tanh and np.exp. Do not call any
           other np.* routine, do not import anything, and do not write numerical
           algorithms. Ordinary arithmetic (+ - * / **) and params[0..4] are free.
        2. OUTPUT FORMAT: write the complete formula, assign it to f1_t_pred, and
           strictly end with return f1_t_pred. No placeholders.
        3. PARETO EVOLUTION: the frontier trades MSE against complexity. Complexity
           counts the derivative calls, the arithmetic operations and every params
           you use, so the same term written more compactly is preferred.
        4. OPTIMIZATION STRATEGY:{PARETO_FRONTIER_PLACEHOLDER}
    """
    # Transport with independent reductions
    channel = 1 - params[1] * np.tanh(x[:, 0:1])  # or 1 - params[1]*np.exp(x)
    crowding = 1 / (1 + params[2] * f1)

    # Transport term
    transport = -params[0] * channel * crowding * d_axis(f1, 0, 1)

    # Relative gradient diffusion
    relative_grad = d_axis(f1, 0, 1) / (f1 + params[4])
    diffusion = -params[3] * d_axis(relative_grad, 0, 1)

    f1_t_pred = transport + diffusion
    return f1_t_pred
------------------------------------------------------
MSE          : 3.16e-04
Complexity   : 29
Sample time  : 4.631781160831451
Evaluate time: 8.167362928390503
Sample orders: 72
======================================================


================= Evaluated Function =================
def equation(x: np.ndarray, f1: np.ndarray, params: np.ndarray, d_axis: callable) -> np.ndarray:
    """ Mathematical function for the RHS of an unknown 1D PDE.

    Args:
        x: spatial coordinate grid, shape (Nx, 1).
        f1: the measured field, shape (Nx, Nt).
        params: a fixed-length array of exactly 5 entries. Use only indices 0..4.
        d_axis: spatial derivative. Call d_axis(field, axis, order); axis=0 is x1.

    Return:
        `f1_t_pred`, a numpy array with the grid shape.

    STRICT CONSTRAINT:
        1. SPATIAL DERIVATIVES & MATH: you are a physicist discovering a PDE. Use ONLY
           the provided d_axis(field, axis, order) for derivatives (max order 4), with
           axis=0 for the single spatial coordinate x1. For mathematical functions you
           are STRICTLY LIMITED to np.sin, np.cos, np.tanh and np.exp. Do not call any
           other np.* routine, do not import anything, and do not write numerical
           algorithms. Ordinary arithmetic (+ - * / **) and params[0..4] are free.
        2. OUTPUT FORMAT: write the complete formula, assign it to f1_t_pred, and
           strictly end with return f1_t_pred. No placeholders.
        3. PARETO EVOLUTION: the frontier trades MSE against complexity. Complexity
           counts the derivative calls, the arithmetic operations and every params
           you use, so the same term written more compactly is preferred.
        4. OPTIMIZATION STRATEGY:{PARETO_FRONTIER_PLACEHOLDER}
    """
    f1_t_pred = -params[0] * (1 - params[1] * np.tanh(x[:, 0:1])) * d_axis(f1, 0, 1) / (1 + params[2] * f1) - params[3] * d_axis(d_axis(f1, 0, 1) / (f1 + params[4]), 0, 1)

    return f1_t_pred
------------------------------------------------------
MSE          : 3.16e-04
Complexity   : 23
Sample time  : 3.489043951034546
Evaluate time: 8.137701272964478
Sample orders: 73
======================================================


================= Evaluated Function =================
def equation(x: np.ndarray, f1: np.ndarray, params: np.ndarray, d_axis: callable) -> np.ndarray:
    """ Mathematical function for the RHS of an unknown 1D PDE.

    Args:
        x: spatial coordinate grid, shape (Nx, 1).
        f1: the measured field, shape (Nx, Nt).
        params: a fixed-length array of exactly 5 entries. Use only indices 0..4.
        d_axis: spatial derivative. Call d_axis(field, axis, order); axis=0 is x1.

    Return:
        `f1_t_pred`, a numpy array with the grid shape.

    STRICT CONSTRAINT:
        1. SPATIAL DERIVATIVES & MATH: you are a physicist discovering a PDE. Use ONLY
           the provided d_axis(field, axis, order) for derivatives (max order 4), with
           axis=0 for the single spatial coordinate x1. For mathematical functions you
           are STRICTLY LIMITED to np.sin, np.cos, np.tanh and np.exp. Do not call any
           other np.* routine, do not import anything, and do not write numerical
           algorithms. Ordinary arithmetic (+ - * / **) and params[0..4] are free.
        2. OUTPUT FORMAT: write the complete formula, assign it to f1_t_pred, and
           strictly end with return f1_t_pred. No placeholders.
        3. PARETO EVOLUTION: the frontier trades MSE against complexity. Complexity
           counts the derivative calls, the arithmetic operations and every params
           you use, so the same term written more compactly is preferred.
        4. OPTIMIZATION STRATEGY:{PARETO_FRONTIER_PLACEHOLDER}
    """
    # Transport: self-limiting speed with bottleneck profile
    # Channel widest at left (x=0), narrows towards right
    # Profile: 1 - tanh(x) goes from 1 to 0 as x increases
    profile = 1.0 - np.tanh(x[:, 0:1])  # smooth narrowing

    # Transport velocity: v0 * profile * 1/(1 + k*f1)
    # Both effects cut speed multiplicatively
    transport_velocity = params[0] * profile / (1 + params[1] * f1)

    # Transport term (advection)
    transport = -transport_velocity * d_axis(f1, 0, 1)

    # Relative gradient diffusion: ∂/∂x( (∂f/∂x) / f )
    relative_grad = d_axis(f1, 0, 1) / (f1 + params[2])
    diffusion = -params[3] * d_axis(relative_grad, 0, 1)

    # Combine: transport + diffusion
    f1_t_pred = transport + diffusion

    return f1_t_pred
------------------------------------------------------
MSE          : 1.04e-03
Complexity   : 33
Sample time  : 3.489043951034546
Evaluate time: 6.866013765335083
Sample orders: 74
======================================================


🚫 [UNPARSABLE] the reply carried no executable body; draw dropped
✅ [EVALUATED] MSE: 3.17e-04 | Params: [ 0.05664   3.473566 16.210714  4.17328   1.122119]
✅ [EVALUATED] MSE: 3.16e-04 | Params: [ 4.143791  0.058687 20.255154 13.147447 -3.370792]
✅ [EVALUATED] MSE: 3.16e-04 | Params: [ 3.860158  0.057299 18.541763 -1.537401  5.798449]
✅ [EVALUATED] MSE: 3.16e-04 | Params: [ 3.860158  0.057299 18.541763 -1.537401  5.798449]
================= Evaluated Function =================
def equation(x: np.ndarray, f1: np.ndarray, params: np.ndarray, d_axis: callable) -> np.ndarray:
    """ Mathematical function for the RHS of an unknown 1D PDE.

    Args:
        x: spatial coordinate grid, shape (Nx, 1).
        f1: the measured field, shape (Nx, Nt).
        params: a fixed-length array of exactly 5 entries. Use only indices 0..4.
        d_axis: spatial derivative. Call d_axis(field, axis, order); axis=0 is x1.

    Return:
        `f1_t_pred`, a numpy array with the grid shape.

    STRICT CONSTRAINT:
        1. SPATIAL DERIVATIVES & MATH: you are a physicist discovering a PDE. Use ONLY
           the provided d_axis(field, axis, order) for derivatives (max order 4), with
           axis=0 for the single spatial coordinate x1. For mathematical functions you
           are STRICTLY LIMITED to np.sin, np.cos, np.tanh and np.exp. Do not call any
           other np.* routine, do not import anything, and do not write numerical
           algorithms. Ordinary arithmetic (+ - * / **) and params[0..4] are free.
        2. OUTPUT FORMAT: write the complete formula, assign it to f1_t_pred, and
           strictly end with return f1_t_pred. No placeholders.
        3. PARETO EVOLUTION: the frontier trades MSE against complexity. Complexity
           counts the derivative calls, the arithmetic operations and every params
           you use, so the same term written more compactly is preferred.
        4. OPTIMIZATION STRATEGY:{PARETO_FRONTIER_PLACEHOLDER}
    """
    # Channel narrowing: profile that increases with x (one-sided)
    # Use exp(-x) to get a decreasing channel width as x increases
    channel_profile = np.exp(-x[:, 0:1])  # decreasing from left to right

    # Transport velocity: baseline minus reduction from narrowing
    # (1 - α*profile) where profile goes from high to low
    # But wait - "widest at one end and tightens towards the other"
    # So use tanh: goes from 0 to 1 as x increases
    narrowing = 1 - params[0] * np.tanh(x[:, 0:1])

    # Transport: v * narrowing * ∂f/∂x / (1 + β*f)
    transport = -params[1] * narrowing * d_axis(f1, 0, 1) / (1 + params[2] * f1)

    # Anticipation diffusion: based on relative gradient
    # relative_gradient = ∂f/∂x / f
    relative_gradient = d_axis(f1, 0, 1) / (f1 + params[3])  # avoid singularities

    # Diffusion of relative gradient with positive coefficient
    diffusion = params[4] * d_axis(relative_gradient, 0, 1)

    f1_t_pred = transport + diffusion

    return f1_t_pred
------------------------------------------------------
MSE          : 3.17e-04
Complexity   : 42
Sample time  : 3.489043951034546
Evaluate time: 9.127955675125122
Sample orders: 76
======================================================


================= Evaluated Function =================
def equation(x: np.ndarray, f1: np.ndarray, params: np.ndarray, d_axis: callable) -> np.ndarray:
    """ Mathematical function for the RHS of an unknown 1D PDE.

    Args:
        x: spatial coordinate grid, shape (Nx, 1).
        f1: the measured field, shape (Nx, Nt).
        params: a fixed-length array of exactly 5 entries. Use only indices 0..4.
        d_axis: spatial derivative. Call d_axis(field, axis, order); axis=0 is x1.

    Return:
        `f1_t_pred`, a numpy array with the grid shape.

    STRICT CONSTRAINT:
        1. SPATIAL DERIVATIVES & MATH: you are a physicist discovering a PDE. Use ONLY
           the provided d_axis(field, axis, order) for derivatives (max order 4), with
           axis=0 for the single spatial coordinate x1. For mathematical functions you
           are STRICTLY LIMITED to np.sin, np.cos, np.tanh and np.exp. Do not call any
           other np.* routine, do not import anything, and do not write numerical
           algorithms. Ordinary arithmetic (+ - * / **) and params[0..4] are free.
        2. OUTPUT FORMAT: write the complete formula, assign it to f1_t_pred, and
           strictly end with return f1_t_pred. No placeholders.
        3. PARETO EVOLUTION: the frontier trades MSE against complexity. Complexity
           counts the derivative calls, the arithmetic operations and every params
           you use, so the same term written more compactly is preferred.
        4. OPTIMIZATION STRATEGY:{PARETO_FRONTIER_PLACEHOLDER}
    """
    profile = np.tanh(x[:, 0:1])  # smooth, increasing
    # Transport: speed v * (1 - α*profile) / (1 + β*f1)
    transport = -params[0] * (1 - params[1] * profile) * d_axis(f1, 0, 1) / (1 + params[2] * f1)

    # Relative gradient diffusion: -γ * ∂/∂x ( (∂f1/∂x) / f1 )
    rel_grad = d_axis(f1, 0, 1) / (f1 + params[3])  # small epsilon to avoid div by zero
    diffusion = -params[4] * d_axis(rel_grad, 0, 1)

    f1_t_pred = transport + diffusion
    return f1_t_pred
------------------------------------------------------
MSE          : 3.16e-04
Complexity   : 36
Sample time  : 2.6372883319854736
Evaluate time: 19.0574951171875
Sample orders: 77
======================================================


================= Evaluated Function =================
def equation(x: np.ndarray, f1: np.ndarray, params: np.ndarray, d_axis: callable) -> np.ndarray:
    """ Mathematical function for the RHS of an unknown 1D PDE.

    Args:
        x: spatial coordinate grid, shape (Nx, 1).
        f1: the measured field, shape (Nx, Nt).
        params: a fixed-length array of exactly 5 entries. Use only indices 0..4.
        d_axis: spatial derivative. Call d_axis(field, axis, order); axis=0 is x1.

    Return:
        `f1_t_pred`, a numpy array with the grid shape.

    STRICT CONSTRAINT:
        1. SPATIAL DERIVATIVES & MATH: you are a physicist discovering a PDE. Use ONLY
           the provided d_axis(field, axis, order) for derivatives (max order 4), with
           axis=0 for the single spatial coordinate x1. For mathematical functions you
           are STRICTLY LIMITED to np.sin, np.cos, np.tanh and np.exp. Do not call any
           other np.* routine, do not import anything, and do not write numerical
           algorithms. Ordinary arithmetic (+ - * / **) and params[0..4] are free.
        2. OUTPUT FORMAT: write the complete formula, assign it to f1_t_pred, and
           strictly end with return f1_t_pred. No placeholders.
        3. PARETO EVOLUTION: the frontier trades MSE against complexity. Complexity
           counts the derivative calls, the arithmetic operations and every params
           you use, so the same term written more compactly is preferred.
        4. OPTIMIZATION STRATEGY:{PARETO_FRONTIER_PLACEHOLDER}
    """
    f1_t_pred = -params[0] * (1 - params[1] * np.tanh(x[:, 0:1])) * d_axis(f1, 0, 1) / (1 + params[2] * f1) - params[3] * d_axis(d_axis(f1, 0, 1) / (f1 + params[4]), 0, 1)

    return f1_t_pred
------------------------------------------------------
MSE          : 3.16e-04
Complexity   : 23
Sample time  : 2.6372883319854736
Evaluate time: 8.117911100387573
Sample orders: 78
======================================================


================= Evaluated Function =================
def equation(x: np.ndarray, f1: np.ndarray, params: np.ndarray, d_axis: callable) -> np.ndarray:
    """ Mathematical function for the RHS of an unknown 1D PDE.

    Args:
        x: spatial coordinate grid, shape (Nx, 1).
        f1: the measured field, shape (Nx, Nt).
        params: a fixed-length array of exactly 5 entries. Use only indices 0..4.
        d_axis: spatial derivative. Call d_axis(field, axis, order); axis=0 is x1.

    Return:
        `f1_t_pred`, a numpy array with the grid shape.

    STRICT CONSTRAINT:
        1. SPATIAL DERIVATIVES & MATH: you are a physicist discovering a PDE. Use ONLY
           the provided d_axis(field, axis, order) for derivatives (max order 4), with
           axis=0 for the single spatial coordinate x1. For mathematical functions you
           are STRICTLY LIMITED to np.sin, np.cos, np.tanh and np.exp. Do not call any
           other np.* routine, do not import anything, and do not write numerical
           algorithms. Ordinary arithmetic (+ - * / **) and params[0..4] are free.
        2. OUTPUT FORMAT: write the complete formula, assign it to f1_t_pred, and
           strictly end with return f1_t_pred. No placeholders.
        3. PARETO EVOLUTION: the frontier trades MSE against complexity. Complexity
           counts the derivative calls, the arithmetic operations and every params
           you use, so the same term written more compactly is preferred.
        4. OPTIMIZATION STRATEGY:{PARETO_FRONTIER_PLACEHOLDER}
    """
    f1_t_pred = -params[0] * (1 - params[1] * np.tanh(x[:, 0:1])) * d_axis(f1, 0, 1) / (1 + params[2] * f1) - params[3] * d_axis(d_axis(f1, 0, 1) / (f1 + params[4]), 0, 1)

    return f1_t_pred✅ [EVALUATED] MSE: 3.16e-04 | Params: [ 3.830281  0.057164 18.360829  5.753392 -1.526115]
✅ [EVALUATED] MSE: 3.16e-04 | Params: [ 4.208824  0.107503 19.288166 -1.439409  5.398753]
✅ [EVALUATED] MSE: 1.90e-03 | Params: [ 1.745798 14.492055  3.818946 -0.027437  1.      ]
✅ [EVALUATED] MSE: 3.16e-04 | Params: [ 4.143791  0.058687 20.255154 13.147447 -3.370792]

------------------------------------------------------
MSE          : 3.16e-04
Complexity   : 23
Sample time  : 2.6372883319854736
Evaluate time: 8.029516220092773
Sample orders: 79
======================================================


================= Evaluated Function =================
def equation(x: np.ndarray, f1: np.ndarray, params: np.ndarray, d_axis: callable) -> np.ndarray:
    """ Mathematical function for the RHS of an unknown 1D PDE.

    Args:
        x: spatial coordinate grid, shape (Nx, 1).
        f1: the measured field, shape (Nx, Nt).
        params: a fixed-length array of exactly 5 entries. Use only indices 0..4.
        d_axis: spatial derivative. Call d_axis(field, axis, order); axis=0 is x1.

    Return:
        `f1_t_pred`, a numpy array with the grid shape.

    STRICT CONSTRAINT:
        1. SPATIAL DERIVATIVES & MATH: you are a physicist discovering a PDE. Use ONLY
           the provided d_axis(field, axis, order) for derivatives (max order 4), with
           axis=0 for the single spatial coordinate x1. For mathematical functions you
           are STRICTLY LIMITED to np.sin, np.cos, np.tanh and np.exp. Do not call any
           other np.* routine, do not import anything, and do not write numerical
           algorithms. Ordinary arithmetic (+ - * / **) and params[0..4] are free.
        2. OUTPUT FORMAT: write the complete formula, assign it to f1_t_pred, and
           strictly end with return f1_t_pred. No placeholders.
        3. PARETO EVOLUTION: the frontier trades MSE against complexity. Complexity
           counts the derivative calls, the arithmetic operations and every params
           you use, so the same term written more compactly is preferred.
        4. OPTIMIZATION STRATEGY:{PARETO_FRONTIER_PLACEHOLDER}
    """
    # Transport: full speed * channel narrowing * crowding reduction
    profile = np.tanh(x[:, 0:1])  # smooth increasing profile (widest at left, narrows right)
    transport_speed = params[0] * (1 - params[1] * profile) / (1 + params[2] * f1)
    transport = -transport_speed * d_axis(f1, 0, 1)

    # Diffusion: second derivative of relative gradient
    relative_gradient = d_axis(f1, 0, 1) / (f1 + params[3])
    diffusion = -params[4] * d_axis(relative_gradient, 0, 1)

    f1_t_pred = transport + diffusion
    return f1_t_pred
------------------------------------------------------
MSE          : 3.16e-04
Complexity   : 27
Sample time  : 2.6372883319854736
Evaluate time: 9.62420916557312
Sample orders: 80
======================================================


================= Evaluated Function =================
def equation(x: np.ndarray, f1: np.ndarray, params: np.ndarray, d_axis: callable) -> np.ndarray:
    """ Mathematical function for the RHS of an unknown 1D PDE.

    Args:
        x: spatial coordinate grid, shape (Nx, 1).
        f1: the measured field, shape (Nx, Nt).
        params: a fixed-length array of exactly 5 entries. Use only indices 0..4.
        d_axis: spatial derivative. Call d_axis(field, axis, order); axis=0 is x1.

    Return:
        `f1_t_pred`, a numpy array with the grid shape.

    STRICT CONSTRAINT:
        1. SPATIAL DERIVATIVES & MATH: you are a physicist discovering a PDE. Use ONLY
           the provided d_axis(field, axis, order) for derivatives (max order 4), with
           axis=0 for the single spatial coordinate x1. For mathematical functions you
           are STRICTLY LIMITED to np.sin, np.cos, np.tanh and np.exp. Do not call any
           other np.* routine, do not import anything, and do not write numerical
           algorithms. Ordinary arithmetic (+ - * / **) and params[0..4] are free.
        2. OUTPUT FORMAT: write the complete formula, assign it to f1_t_pred, and
           strictly end with return f1_t_pred. No placeholders.
        3. PARETO EVOLUTION: the frontier trades MSE against complexity. Complexity
           counts the derivative calls, the arithmetic operations and every params
           you use, so the same term written more compactly is preferred.
        4. OPTIMIZATION STRATEGY:{PARETO_FRONTIER_PLACEHOLDER}
    """
    f1_t_pred = -params[0] * (1 - params[1] * (1 + np.tanh(x[:, 0:1])) / 2) * d_axis(f1, 0, 1) / (1 + params[2] * f1) - params[3] * d_axis(d_axis(f1, 0, 1) / (f1 + params[4]), 0, 1)

    return f1_t_pred
------------------------------------------------------
MSE          : 3.16e-04
Complexity   : 25
Sample time  : 2.247874438762665
Evaluate time: 11.705496072769165
Sample orders: 81
======================================================


================= Evaluated Function =================
def equation(x: np.ndarray, f1: np.ndarray, params: np.ndarray, d_axis: callable) -> np.ndarray:
    """ Mathematical function for the RHS of an unknown 1D PDE.

    Args:
        x: spatial coordinate grid, shape (Nx, 1).
        f1: the measured field, shape (Nx, Nt).
        params: a fixed-length array of exactly 5 entries. Use only indices 0..4.
        d_axis: spatial derivative. Call d_axis(field, axis, order); axis=0 is x1.

    Return:
        `f1_t_pred`, a numpy array with the grid shape.

    STRICT CONSTRAINT:
        1. SPATIAL DERIVATIVES & MATH: you are a physicist discovering a PDE. Use ONLY
           the provided d_axis(field, axis, order) for derivatives (max order 4), with
           axis=0 for the single spatial coordinate x1. For mathematical functions you
           are STRICTLY LIMITED to np.sin, np.cos, np.tanh and np.exp. Do not call any
           other np.* routine, do not import anything, and do not write numerical
           algorithms. Ordinary arithmetic (+ - * / **) and params[0..4] are free.
        2. OUTPUT FORMAT: write the complete formula, assign it to f1_t_pred, and
           strictly end with return f1_t_pred. No placeholders.
        3. PARETO EVOLUTION: the frontier trades MSE against complexity. Complexity
           counts the derivative calls, the arithmetic operations and every params
           you use, so the same term written more compactly is preferred.
        4. OPTIMIZATION STRATEGY:{PARETO_FRONTIER_PLACEHOLDER}
    """
    # Transport: v0 * (1 - α*profile(x)) / (1 + β*f1) * df1/dx
    profile = 1 - np.tanh(x[:, 0:1])  # Smooth one-sided function (channel narrows)
    speed = params[0] * profile / (1 + params[1] * f1)
    transport = -speed * d_axis(f1, 0, 1)

    # Diffusion of relative gradient: d²(f1'/f1)/dx²
    rel_grad = d_axis(f1, 0, 1) / (f1 + params[2])
    diffusion = params[3] * d_axis(rel_grad, 0, 2)

    f1_t_pred = transport + diffusion
    return f1_t_pred
------------------------------------------------------
MSE          : 1.90e-03
Complexity   : 32
Sample time  : 2.247874438762665
Evaluate time: 6.115423917770386
Sample orders: 82
======================================================


================= Evaluated Function =================
def equation(x: np.ndarray, f1: np.ndarray, params: np.ndarray, d_axis: callable) -> np.ndarray:
    """ Mathematical function for the RHS of an unknown 1D PDE.

    Args:
        x: spatial coordinate grid, shape (Nx, 1).
        f1: the measured field, shape (Nx, Nt).
        params: a fixed-length array of exactly 5 entries. Use only indices 0..4.
        d_axis: spatial derivative. Call d_axis(field, axis, order); axis=0 is x1.

    Return:
        `f1_t_pred`, a numpy array with the grid shape.

    STRICT CONSTRAINT:
        1. SPATIAL DERIVATIVES & MATH: you are a physicist discovering a PDE. Use ONLY
           the provided d_axis(field, axis, order) for derivatives (max order 4), with
           axis=0 for the single spatial coordinate x1. For mathematical functions you
           are STRICTLY LIMITED to np.sin, np.cos, np.tanh and np.exp. Do not call any
           other np.* routine, do not import anything, and do not write numerical
           algorithms. Ordinary arithmetic (+ - * / **) and params[0..4] are free.
        2. OUTPUT FORMAT: write the complete formula, assign it to f1_t_pred, and
           strictly end with return f1_t_pred. No placeholders.
        3. PARETO EVOLUTION: the frontier trades MSE against complexity. Complexity
           counts the derivative calls, the arithmetic operations and every params
           you use, so the same term written more compactly is preferred.
        4. OPTIMIZATION STRATEGY:{PARETO_FRONTIER_PLACEHOLDER}
    """
    # Transport term: reduced by channel narrowing and crowding
    channel_profile = np.tanh(x[:, 0:1])  # increases with x, narrowing channel
    transport = -params[0] * (1 - params[1] * channel_profile) * d_axis(f1, 0, 1) / (1 + params[2] * f1)

    # Relative gradient diffusion (anticipation-driven)
    relative_gradient = d_axis(f1, 0, 1) / (f1 + params[3])
    diffusion = -params[4] * d_axis(relative_gradient, 0, 1)

    f1_t_pred = transport + diffusion
    return f1_t_pred✅ [EVALUATED] MSE: 3.17e-04 | Params: [ 1.287029  4.797336  0.057195 17.497628 -3.684243]
✅ [EVALUATED] MSE: 3.16e-04 | Params: [ 0.057301 18.738655  3.892997  5.828181 -1.544782]
✅ [EVALUATED] MSE: 3.16e-04 | Params: [ 0.057301 18.738655  3.892997  5.828181 -1.544782]
✅ [EVALUATED] MSE: 1.04e-03 | Params: [ 1.763654 14.900802 10.415333 -2.76695   1.      ]

------------------------------------------------------
MSE          : 3.16e-04
Complexity   : 25
Sample time  : 2.247874438762665
Evaluate time: 18.956505060195923
Sample orders: 83
======================================================


================= Evaluated Function =================
def equation(x: np.ndarray, f1: np.ndarray, params: np.ndarray, d_axis: callable) -> np.ndarray:
    """ Mathematical function for the RHS of an unknown 1D PDE.

    Args:
        x: spatial coordinate grid, shape (Nx, 1).
        f1: the measured field, shape (Nx, Nt).
        params: a fixed-length array of exactly 5 entries. Use only indices 0..4.
        d_axis: spatial derivative. Call d_axis(field, axis, order); axis=0 is x1.

    Return:
        `f1_t_pred`, a numpy array with the grid shape.

    STRICT CONSTRAINT:
        1. SPATIAL DERIVATIVES & MATH: you are a physicist discovering a PDE. Use ONLY
           the provided d_axis(field, axis, order) for derivatives (max order 4), with
           axis=0 for the single spatial coordinate x1. For mathematical functions you
           are STRICTLY LIMITED to np.sin, np.cos, np.tanh and np.exp. Do not call any
           other np.* routine, do not import anything, and do not write numerical
           algorithms. Ordinary arithmetic (+ - * / **) and params[0..4] are free.
        2. OUTPUT FORMAT: write the complete formula, assign it to f1_t_pred, and
           strictly end with return f1_t_pred. No placeholders.
        3. PARETO EVOLUTION: the frontier trades MSE against complexity. Complexity
           counts the derivative calls, the arithmetic operations and every params
           you use, so the same term written more compactly is preferred.
        4. OPTIMIZATION STRATEGY:{PARETO_FRONTIER_PLACEHOLDER}
    """
    # Channel narrowing profile: decreases from 1 at x_min to (1-α) at x_max
    # Using tanh as smooth one-sided reduction
    profile = np.tanh(x[:, 0:1])  # 0 at left, 1 at right

    # Diffusion of relative gradient
    rel_grad = d_axis(f1, 0, 1) / (f1 + params[1])
    diff = params[0] * d_axis(rel_grad, 0, 1)

    # Self-limiting advection with both reductions
    adv_speed = (1 - params[2] * profile) / (1 + params[3] * f1)
    adv = params[4] * adv_speed * d_axis(f1, 0, 1)

    f1_t_pred = adv + diff

    return f1_t_pred
------------------------------------------------------
MSE          : 3.17e-04
Complexity   : 26
Sample time  : 2.247874438762665
Evaluate time: 7.573570966720581
Sample orders: 84
======================================================


================= Evaluated Function =================
def equation(x: np.ndarray, f1: np.ndarray, params: np.ndarray, d_axis: callable) -> np.ndarray:
    """ Mathematical function for the RHS of an unknown 1D PDE.

    Args:
        x: spatial coordinate grid, shape (Nx, 1).
        f1: the measured field, shape (Nx, Nt).
        params: a fixed-length array of exactly 5 entries. Use only indices 0..4.
        d_axis: spatial derivative. Call d_axis(field, axis, order); axis=0 is x1.

    Return:
        `f1_t_pred`, a numpy array with the grid shape.

    STRICT CONSTRAINT:
        1. SPATIAL DERIVATIVES & MATH: you are a physicist discovering a PDE. Use ONLY
           the provided d_axis(field, axis, order) for derivatives (max order 4), with
           axis=0 for the single spatial coordinate x1. For mathematical functions you
           are STRICTLY LIMITED to np.sin, np.cos, np.tanh and np.exp. Do not call any
           other np.* routine, do not import anything, and do not write numerical
           algorithms. Ordinary arithmetic (+ - * / **) and params[0..4] are free.
        2. OUTPUT FORMAT: write the complete formula, assign it to f1_t_pred, and
           strictly end with return f1_t_pred. No placeholders.
        3. PARETO EVOLUTION: the frontier trades MSE against complexity. Complexity
           counts the derivative calls, the arithmetic operations and every params
           you use, so the same term written more compactly is preferred.
        4. OPTIMIZATION STRATEGY:{PARETO_FRONTIER_PLACEHOLDER}
    """
    # Channel narrowing: baseline (1) minus a smooth tanh profile that increases with x
    channel = 1 - params[0] * np.tanh(x[:, 0:1])  # positive, decreases from 1 to lower values

    # Crowding: self-limiting, positive factor of f1
    crowding = 1 / (1 + params[1] * f1)

    # Transport speed (combined reductions, multiplicative)
    speed = params[2] * channel * crowding

    # Advection term
    transport = -speed * d_axis(f1, 0, 1)

    # Relative gradient diffusion (anticipation-driven)
    relative_grad = d_axis(f1, 0, 1) / (f1 + params[3])
    diffusion = -params[4] * d_axis(relative_grad, 0, 1)

    f1_t_pred = transport + diffusion
    return f1_t_pred
------------------------------------------------------
MSE          : 3.16e-04
Complexity   : 27
Sample time  : 2.8463228940963745
Evaluate time: 8.061481714248657
Sample orders: 85
======================================================


================= Evaluated Function =================
def equation(x: np.ndarray, f1: np.ndarray, params: np.ndarray, d_axis: callable) -> np.ndarray:
    """ Mathematical function for the RHS of an unknown 1D PDE.

    Args:
        x: spatial coordinate grid, shape (Nx, 1).
        f1: the measured field, shape (Nx, Nt).
        params: a fixed-length array of exactly 5 entries. Use only indices 0..4.
        d_axis: spatial derivative. Call d_axis(field, axis, order); axis=0 is x1.

    Return:
        `f1_t_pred`, a numpy array with the grid shape.

    STRICT CONSTRAINT:
        1. SPATIAL DERIVATIVES & MATH: you are a physicist discovering a PDE. Use ONLY
           the provided d_axis(field, axis, order) for derivatives (max order 4), with
           axis=0 for the single spatial coordinate x1. For mathematical functions you
           are STRICTLY LIMITED to np.sin, np.cos, np.tanh and np.exp. Do not call any
           other np.* routine, do not import anything, and do not write numerical
           algorithms. Ordinary arithmetic (+ - * / **) and params[0..4] are free.
        2. OUTPUT FORMAT: write the complete formula, assign it to f1_t_pred, and
           strictly end with return f1_t_pred. No placeholders.
        3. PARETO EVOLUTION: the frontier trades MSE against complexity. Complexity
           counts the derivative calls, the arithmetic operations and every params
           you use, so the same term written more compactly is preferred.
        4. OPTIMIZATION STRATEGY:{PARETO_FRONTIER_PLACEHOLDER}
    """
    # Transport: -v0 * (1 - α*tanh(x)) * f1_x / (1 + β*f1)
    # The (1 - α*tanh(x)) gives channel narrowing (one-sided, decreasing speed)
    # The /(1 + β*f1) gives crowding self-limitation (positive factor, never negative)

    f1_x = d_axis(f1, 0, 1)

    # Channel narrowing factor: starts at 1 at x→-∞, decreases to (1-α) at x→∞
    channel_factor = 1 - params[0] * np.tanh(x[:, 0:1])

    # Crowding factor: reduces speed as f1 increases, never negative
    crowding_factor = 1 / (1 + params[1] * f1)

    # Transport term (self-limiting: both factors ≤ 1, so speed never reverses)
    transport = -params[2] * channel_factor * crowding_factor * f1_x

    # Relative gradient diffusion: ∂/∂x (f1_x/f1)
    relative_grad = f1_x / (f1 + params[3])  # add small epsilon for stability
    diffusion = -params[4] * d_axis(relative_grad, 0, 1)

    f1_t_pred = transport + diffusion
    return f1_t_pred
------------------------------------------------------
MSE          : 3.16e-04
Complexity   : 44
Sample time  : 2.8463228940963745
Evaluate time: 6.656789302825928
Sample orders: 86
======================================================


================= Evaluated Function =================
def equation(x: np.ndarray, f1: np.ndarray, params: np.ndarray, d_axis: callable) -> np.ndarray:
    """ Mathematical function for the RHS of an unknown 1D PDE.

    Args:
        x: spatial coordinate grid, shape (Nx, 1).
        f1: the measured field, shape (Nx, Nt).
        params: a fixed-length array of exactly 5 entries. Use only indices 0..4.
        d_axis: spatial derivative. Call d_axis(field, axis, order); axis=0 is x1.

    Return:
        `f1_t_pred`, a numpy array with the grid shape.

    STRICT CONSTRAINT:
        1. SPATIAL DERIVATIVES & MATH: you are a physicist discovering a PDE. Use ONLY
           the provided d_axis(field, axis, order) for derivatives (max order 4), with
           axis=0 for the single spatial coordinate x1. For mathematical functions you
           are STRICTLY LIMITED to np.sin, np.cos, np.tanh and np.exp. Do not call any
           other np.* routine, do not import anything, and do not write numerical
           algorithms. Ordinary arithmetic (+ - * / **) and params[0..4] are free.
        2. OUTPUT FORMAT: write the complete formula, assign it to f1_t_pred, and
           strictly end with return f1_t_pred. No placeholders.
        3. PARETO EVOLUTION: the frontier trades MSE against complexity. Complexity
           counts the derivative calls, the arithmetic operations and every params
           you use, so the same term written more compactly is preferred.
        4. OPTIMIZATION STRATEGY:{PARETO_FRONTIER_PLACEHOLDER}
    """
    # Channel narrowing: decreases from 1 to 0 as x increases
    channel = 1 - np.tanh(x[:, 0:1])

    # Self-limiting transport: speed reduced by both narrowing and crowding
    transport = -params[0] * channel * d_axis(f1, 0, 1) / (1 + params[1] * f1)

    # Relative gradient diffusion (anticipation): second derivative of f1'/f1
    rel_grad = d_axis(f1, 0, 1) / (f1 + params[2])
    diffusion = -params[3] * d_axis(rel_grad, 0, 1)

    f1_t_pred = transport + diffusion
    return f1_t_pred✅ [EVALUATED] MSE: 3.16e-04 | Params: [ 4.171952  0.107504 19.058349  5.38816  -1.434391]
✅ [EVALUATED] MSE: 3.16e-04 | Params: [ 3.860158  0.057299 18.541763 -1.537401  5.798449]
Execution Error: name 'f1_t_pred' is not defined
✅ [EVALUATED] MSE: 3.16e-04 | Params: [ 4.171952  0.107504 19.058349  5.38816  -1.434391]

------------------------------------------------------
MSE          : 1.04e-03
Complexity   : 24
Sample time  : 2.8463228940963745
Evaluate time: 6.333240985870361
Sample orders: 87
======================================================


================= Evaluated Function =================
def equation(x: np.ndarray, f1: np.ndarray, params: np.ndarray, d_axis: callable) -> np.ndarray:
    """ Mathematical function for the RHS of an unknown 1D PDE.

    Args:
        x: spatial coordinate grid, shape (Nx, 1).
        f1: the measured field, shape (Nx, Nt).
        params: a fixed-length array of exactly 5 entries. Use only indices 0..4.
        d_axis: spatial derivative. Call d_axis(field, axis, order); axis=0 is x1.

    Return:
        `f1_t_pred`, a numpy array with the grid shape.

    STRICT CONSTRAINT:
        1. SPATIAL DERIVATIVES & MATH: you are a physicist discovering a PDE. Use ONLY
           the provided d_axis(field, axis, order) for derivatives (max order 4), with
           axis=0 for the single spatial coordinate x1. For mathematical functions you
           are STRICTLY LIMITED to np.sin, np.cos, np.tanh and np.exp. Do not call any
           other np.* routine, do not import anything, and do not write numerical
           algorithms. Ordinary arithmetic (+ - * / **) and params[0..4] are free.
        2. OUTPUT FORMAT: write the complete formula, assign it to f1_t_pred, and
           strictly end with return f1_t_pred. No placeholders.
        3. PARETO EVOLUTION: the frontier trades MSE against complexity. Complexity
           counts the derivative calls, the arithmetic operations and every params
           you use, so the same term written more compactly is preferred.
        4. OPTIMIZATION STRATEGY:{PARETO_FRONTIER_PLACEHOLDER}
    """
    # Channel narrowing: widest at x=left, tightest at x=right
    # Use (1 - tanh(x))/2 which goes from 1 (wide) to 0 (narrow) - but we need reduction
    # Actually: reduction goes from 0 to 1, so use (1 + tanh(x))/2
    channel_profile = (1 + np.tanh(x[:, 0:1])) / 2  # 0 at left, 1 at right

    # Transport with both reductions multiplying
    transport = -params[0] * (1 - params[1] * channel_profile) * d_axis(f1, 0, 1) / (1 + params[2] * f1)

    # Relative gradient diffusion (anticipation)
    relative_gradient = d_axis(f1, 0, 1) / (f1 + params[3])
    diffusion = -params[4] * d_axis(relative_gradient, 0, 1)

    f1_t_pred = transport + diffusion
    return f1_t_pred
------------------------------------------------------
MSE          : 3.16e-04
Complexity   : 31
Sample time  : 2.8463228940963745
Evaluate time: 7.235770225524902
Sample orders: 88
======================================================


================= Evaluated Function =================
def equation(x: np.ndarray, f1: np.ndarray, params: np.ndarray, d_axis: callable) -> np.ndarray:
    """ Mathematical function for the RHS of an unknown 1D PDE.

    Args:
        x: spatial coordinate grid, shape (Nx, 1).
        f1: the measured field, shape (Nx, Nt).
        params: a fixed-length array of exactly 5 entries. Use only indices 0..4.
        d_axis: spatial derivative. Call d_axis(field, axis, order); axis=0 is x1.

    Return:
        `f1_t_pred`, a numpy array with the grid shape.

    STRICT CONSTRAINT:
        1. SPATIAL DERIVATIVES & MATH: you are a physicist discovering a PDE. Use ONLY
           the provided d_axis(field, axis, order) for derivatives (max order 4), with
           axis=0 for the single spatial coordinate x1. For mathematical functions you
           are STRICTLY LIMITED to np.sin, np.cos, np.tanh and np.exp. Do not call any
           other np.* routine, do not import anything, and do not write numerical
           algorithms. Ordinary arithmetic (+ - * / **) and params[0..4] are free.
        2. OUTPUT FORMAT: write the complete formula, assign it to f1_t_pred, and
           strictly end with return f1_t_pred. No placeholders.
        3. PARETO EVOLUTION: the frontier trades MSE against complexity. Complexity
           counts the derivative calls, the arithmetic operations and every params
           you use, so the same term written more compactly is preferred.
        4. OPTIMIZATION STRATEGY:{PARETO_FRONTIER_PLACEHOLDER}
    """
    f1_t_pred = -params[0] * (1 - params[1] * np.tanh(x[:, 0:1])) * d_axis(f1, 0, 1) / (1 + params[2] * f1) - params[3] * d_axis(d_axis(f1, 0, 1) / (f1 + params[4]), 0, 1)

    return f1_t_pred
------------------------------------------------------
MSE          : 3.16e-04
Complexity   : 23
Sample time  : 1.9887415170669556
Evaluate time: 8.080981254577637
Sample orders: 89
======================================================


⏱️  [NO SCORE] the sandbox returned nothing for this draw (timeout 60s, or a runtime error); it gets no MSE and no frontier slot
================= Evaluated Function =================
def equation(x: np.ndarray, f1: np.ndarray, params: np.ndarray, d_axis: callable) -> np.ndarray:
    """ Mathematical function for the RHS of an unknown 1D PDE.

    Args:
        x: spatial coordinate grid, shape (Nx, 1).
        f1: the measured field, shape (Nx, Nt).
        params: a fixed-length array of exactly 5 entries. Use only indices 0..4.
        d_axis: spatial derivative. Call d_axis(field, axis, order); axis=0 is x1.

    Return:
        `f1_t_pred`, a numpy array with the grid shape.

    STRICT CONSTRAINT:
        1. SPATIAL DERIVATIVES & MATH: you are a physicist discovering a PDE. Use ONLY
           the provided d_axis(field, axis, order) for derivatives (max order 4), with
           axis=0 for the single spatial coordinate x1. For mathematical functions you
           are STRICTLY LIMITED to np.sin, np.cos, np.tanh and np.exp. Do not call any
           other np.* routine, do not import anything, and do not write numerical
           algorithms. Ordinary arithmetic (+ - * / **) and params[0..4] are free.
        2. OUTPUT FORMAT: write the complete formula, assign it to f1_t_pred, and
           strictly end with return f1_t_pred. No placeholders.
        3. PARETO EVOLUTION: the frontier trades MSE against complexity. Complexity
           counts the derivative calls, the arithmetic operations and every params
           you use, so the same term written more compactly is preferred.
        4. OPTIMIZATION STRATEGY:{PARETO_FRONTIER_PLACEHOLDER}
    """
    return f1_t_pred
------------------------------------------------------
MSE          : N/A
Complexity   : N/A
Sample time  : 1.9887415170669556
Evaluate time: 2.5158851146698
Sample orders: 90
======================================================


================= Evaluated Function =================
def equation(x: np.ndarray, f1: np.ndarray, params: np.ndarray, d_axis: callable) -> np.ndarray:
    """ Mathematical function for the RHS of an unknown 1D PDE.

    Args:
        x: spatial coordinate grid, shape (Nx, 1).
        f1: the measured field, shape (Nx, Nt).
        params: a fixed-length array of exactly 5 entries. Use only indices 0..4.
        d_axis: spatial derivative. Call d_axis(field, axis, order); axis=0 is x1.

    Return:
        `f1_t_pred`, a numpy array with the grid shape.

    STRICT CONSTRAINT:
        1. SPATIAL DERIVATIVES & MATH: you are a physicist discovering a PDE. Use ONLY
           the provided d_axis(field, axis, order) for derivatives (max order 4), with
           axis=0 for the single spatial coordinate x1. For mathematical functions you
           are STRICTLY LIMITED to np.sin, np.cos, np.tanh and np.exp. Do not call any
           other np.* routine, do not import anything, and do not write numerical
           algorithms. Ordinary arithmetic (+ - * / **) and params[0..4] are free.
        2. OUTPUT FORMAT: write the complete formula, assign it to f1_t_pred, and
           strictly end with return f1_t_pred. No placeholders.
        3. PARETO EVOLUTION: the frontier trades MSE against complexity. Complexity
           counts the derivative calls, the arithmetic operations and every params
           you use, so the same term written more compactly is preferred.
        4. OPTIMIZATION STRATEGY:{PARETO_FRONTIER_PLACEHOLDER}
    """
    # Channel profile: tanh gives smooth S-curve, scaled to [0,1]
    # Channel is widest at one end, tightens towards the other
    channel_profile = (np.tanh(x[:, 0:1]) + 1) / 2  # maps to [0,1], smooth increase

    # Transport: baseline speed reduced by both bottleneck and crowding
    # Both reductions multiply (independent effects)
    transport = -params[0] * (1 - params[1] * channel_profile) * d_axis(f1, 0, 1) / (1 + params[2] * f1)

    # Anticipation: relative gradient diffusion
    # Relative gradient = f1_x / (f1 + ε) to avoid division by zero
    rel_grad = d_axis(f1, 0, 1) / (f1 + params[3])
    diffusion = -params[4] * d_axis(rel_grad, 0, 1)

    f1_t_pred = transport + diffusion
    return f1_t_pred✅ [EVALUATED] MSE: 1.04e-03 | Params: [ 1.763654 14.900802 10.415333 -2.76695   1.      ]

------------------------------------------------------
MSE          : 3.16e-04
Complexity   : 29
Sample time  : 1.9887415170669556
Evaluate time: 7.25724720954895
Sample orders: 91
======================================================


================= Evaluated Function =================
def equation(x: np.ndarray, f1: np.ndarray, params: np.ndarray, d_axis: callable) -> np.ndarray:
    """ Mathematical function for the RHS of an unknown 1D PDE.

    Args:
        x: spatial coordinate grid, shape (Nx, 1).
        f1: the measured field, shape (Nx, Nt).
        params: a fixed-length array of exactly 5 entries. Use only indices 0..4.
        d_axis: spatial derivative. Call d_axis(field, axis, order); axis=0 is x1.

    Return:
        `f1_t_pred`, a numpy array with the grid shape.

    STRICT CONSTRAINT:
        1. SPATIAL DERIVATIVES & MATH: you are a physicist discovering a PDE. Use ONLY
           the provided d_axis(field, axis, order) for derivatives (max order 4), with
           axis=0 for the single spatial coordinate x1. For mathematical functions you
           are STRICTLY LIMITED to np.sin, np.cos, np.tanh and np.exp. Do not call any
           other np.* routine, do not import anything, and do not write numerical
           algorithms. Ordinary arithmetic (+ - * / **) and params[0..4] are free.
        2. OUTPUT FORMAT: write the complete formula, assign it to f1_t_pred, and
           strictly end with return f1_t_pred. No placeholders.
        3. PARETO EVOLUTION: the frontier trades MSE against complexity. Complexity
           counts the derivative calls, the arithmetic operations and every params
           you use, so the same term written more compactly is preferred.
        4. OPTIMIZATION STRATEGY:{PARETO_FRONTIER_PLACEHOLDER}
    """
    # Transport: full speed × channel narrowing × crowding limitation
    # Channel profile: 1 - tanh(x) gives smooth one-sided reduction
    channel_bottleneck = (1 - np.tanh(x[:, 0:1]))  # decreases from ~2 to 0 as x increases
    transport = -params[0] * channel_bottleneck * d_axis(f1, 0, 1) / (1 + params[1] * f1)

    # Diffusion driven by relative gradient (anticipation)
    relative_grad = d_axis(f1, 0, 1) / (f1 + params[2])
    diffusion = -params[3] * d_axis(relative_grad, 0, 1)

    f1_t_pred = transport + diffusion

    return f1_t_pred
------------------------------------------------------
MSE          : 1.04e-03
Complexity   : 24
Sample time  : 1.9887415170669556
Evaluate time: 6.432244062423706
Sample orders: 92
======================================================


🚫 [UNPARSABLE] the reply carried no executable body; draw dropped
✅ [EVALUATED] MSE: 3.82e-04 | Params: [ 1.3227000e-02  2.3229253e+01  4.7074360e+00 -7.4717000e-02
  1.0000000e+00]
✅ [EVALUATED] MSE: 3.17e-04 | Params: [ 3.731226  0.056537 17.763148  1.199356  4.445142]
✅ [EVALUATED] MSE: 3.16e-04 | Params: [ 3.913165  0.057422 18.862087  5.905427 -1.563991]
✅ [EVALUATED] MSE: 3.16e-04 | Params: [ 3.860158  0.057299 18.541763 -1.537401  5.798449]
================= Evaluated Function =================
def equation(x: np.ndarray, f1: np.ndarray, params: np.ndarray, d_axis: callable) -> np.ndarray:
    """ Mathematical function for the RHS of an unknown 1D PDE.

    Args:
        x: spatial coordinate grid, shape (Nx, 1).
        f1: the measured field, shape (Nx, Nt).
        params: a fixed-length array of exactly 5 entries. Use only indices 0..4.
        d_axis: spatial derivative. Call d_axis(field, axis, order); axis=0 is x1.

    Return:
        `f1_t_pred`, a numpy array with the grid shape.

    STRICT CONSTRAINT:
        1. SPATIAL DERIVATIVES & MATH: you are a physicist discovering a PDE. Use ONLY
           the provided d_axis(field, axis, order) for derivatives (max order 4), with
           axis=0 for the single spatial coordinate x1. For mathematical functions you
           are STRICTLY LIMITED to np.sin, np.cos, np.tanh and np.exp. Do not call any
           other np.* routine, do not import anything, and do not write numerical
           algorithms. Ordinary arithmetic (+ - * / **) and params[0..4] are free.
        2. OUTPUT FORMAT: write the complete formula, assign it to f1_t_pred, and
           strictly end with return f1_t_pred. No placeholders.
        3. PARETO EVOLUTION: the frontier trades MSE against complexity. Complexity
           counts the derivative calls, the arithmetic operations and every params
           you use, so the same term written more compactly is preferred.
        4. OPTIMIZATION STRATEGY:{PARETO_FRONTIER_PLACEHOLDER}
    """
    # Transport: speed reduced by channel narrowing and crowding
    channel_narrowing = 1 - params[0] * np.tanh(x[:, 0:1])
    crowding = 1 + params[1] * f1
    transport = -params[2] * channel_narrowing * d_axis(f1, 0, 1) / crowding

    # Relative gradient diffusion (anticipation)
    relative_gradient = d_axis(f1, 0, 1) / f1
    diffusion = -params[3] * d_axis(relative_gradient, 0, 1)

    f1_t_pred = transport + diffusion
    return f1_t_pred
------------------------------------------------------
MSE          : 3.82e-04
Complexity   : 22
Sample time  : 4.574511289596558
Evaluate time: 7.578083038330078
Sample orders: 94
======================================================


================= Evaluated Function =================
def equation(x: np.ndarray, f1: np.ndarray, params: np.ndarray, d_axis: callable) -> np.ndarray:
    """ Mathematical function for the RHS of an unknown 1D PDE.

    Args:
        x: spatial coordinate grid, shape (Nx, 1).
        f1: the measured field, shape (Nx, Nt).
        params: a fixed-length array of exactly 5 entries. Use only indices 0..4.
        d_axis: spatial derivative. Call d_axis(field, axis, order); axis=0 is x1.

    Return:
        `f1_t_pred`, a numpy array with the grid shape.

    STRICT CONSTRAINT:
        1. SPATIAL DERIVATIVES & MATH: you are a physicist discovering a PDE. Use ONLY
           the provided d_axis(field, axis, order) for derivatives (max order 4), with
           axis=0 for the single spatial coordinate x1. For mathematical functions you
           are STRICTLY LIMITED to np.sin, np.cos, np.tanh and np.exp. Do not call any
           other np.* routine, do not import anything, and do not write numerical
           algorithms. Ordinary arithmetic (+ - * / **) and params[0..4] are free.
        2. OUTPUT FORMAT: write the complete formula, assign it to f1_t_pred, and
           strictly end with return f1_t_pred. No placeholders.
        3. PARETO EVOLUTION: the frontier trades MSE against complexity. Complexity
           counts the derivative calls, the arithmetic operations and every params
           you use, so the same term written more compactly is preferred.
        4. OPTIMIZATION STRATEGY:{PARETO_FRONTIER_PLACEHOLDER}
    """
    f1_t_pred = -params[0] * (1 - params[1]*np.tanh(x[:,0:1])) * d_axis(f1,0,1) / (1 + params[2]*f1) + params[3] * d_axis( d_axis(f1,0,1) / (f1 + params[4]), 0, 1)
    return f1_t_pred
------------------------------------------------------
MSE          : 3.17e-04
Complexity   : 23
Sample time  : 4.574511289596558
Evaluate time: 9.056270360946655
Sample orders: 95
======================================================


================= Evaluated Function =================
def equation(x: np.ndarray, f1: np.ndarray, params: np.ndarray, d_axis: callable) -> np.ndarray:
    """ Mathematical function for the RHS of an unknown 1D PDE.

    Args:
        x: spatial coordinate grid, shape (Nx, 1).
        f1: the measured field, shape (Nx, Nt).
        params: a fixed-length array of exactly 5 entries. Use only indices 0..4.
        d_axis: spatial derivative. Call d_axis(field, axis, order); axis=0 is x1.

    Return:
        `f1_t_pred`, a numpy array with the grid shape.

    STRICT CONSTRAINT:
        1. SPATIAL DERIVATIVES & MATH: you are a physicist discovering a PDE. Use ONLY
           the provided d_axis(field, axis, order) for derivatives (max order 4), with
           axis=0 for the single spatial coordinate x1. For mathematical functions you
           are STRICTLY LIMITED to np.sin, np.cos, np.tanh and np.exp. Do not call any
           other np.* routine, do not import anything, and do not write numerical
           algorithms. Ordinary arithmetic (+ - * / **) and params[0..4] are free.
        2. OUTPUT FORMAT: write the complete formula, assign it to f1_t_pred, and
           strictly end with return f1_t_pred. No placeholders.
        3. PARETO EVOLUTION: the frontier trades MSE against complexity. Complexity
           counts the derivative calls, the arithmetic operations and every params
           you use, so the same term written more compactly is preferred.
        4. OPTIMIZATION STRATEGY:{PARETO_FRONTIER_PLACEHOLDER}
    """
    # Channel narrowing: baseline (1) reduced by -tanh profile (goes from 0 to 1 as x grows)
    # So speed factor = (1 - p1 * tanh(x)) which starts at 1-p1 and decreases to 1+p1
    # Actually to have channel widest at one end and tighten: use (1 - tanh(x)) style
    channel_factor = 1.0 - params[1] * (1.0 + np.tanh(x[:, 0:1])) * 0.5  # from 1 to 1-p1

    # Better: use (1 - p1 * sigmoid(x)) where sigmoid = (1+tanh(x/2))/2
    # Or simpler: just use 1/(1 + p1*exp(-x)) for the channel

    # Let me use: speed_reduction_channel = params[0] * (1 - params[1] * np.tanh(x[:,0:1]))
    # But need it positive, so ensure params[1] < 1

    transport_speed = params[0] * (1.0 - params[1] * np.tanh(x[:, 0:1]))

    # Crowding: 1/(1 + params[2]*f1)
    crowding = 1.0 / (1.0 + params[2] * f1)

    # Transport term
    transport = -transport_speed * crowding * d_axis(f1, 0, 1)

    # Relative gradient diffusion
    rel_grad = d_axis(f1, 0, 1) / (f1 + params[3])
    diffusion = -params[4] * d_axis(rel_grad, 0, 1)

    f1_t_pred = transport + diffusion
    return f1_t_pred
------------------------------------------------------
MSE          : 3.16e-04
Complexity   : 57
Sample time  : 4.574511289596558
Evaluate time: 8.510286569595337
Sample orders: 96
======================================================


================= Evaluated Function =================
def equation(x: np.ndarray, f1: np.ndarray, params: np.ndarray, d_axis: callable) -> np.ndarray:
    """ Mathematical function for the RHS of an unknown 1D PDE.

    Args:
        x: spatial coordinate grid, shape (Nx, 1).
        f1: the measured field, shape (Nx, Nt).
        params: a fixed-length array of exactly 5 entries. Use only indices 0..4.
        d_axis: spatial derivative. Call d_axis(field, axis, order); axis=0 is x1.

    Return:
        `f1_t_pred`, a numpy array with the grid shape.

    STRICT CONSTRAINT:
        1. SPATIAL DERIVATIVES & MATH: you are a physicist discovering a PDE. Use ONLY
           the provided d_axis(field, axis, order) for derivatives (max order 4), with
           axis=0 for the single spatial coordinate x1. For mathematical functions you
           are STRICTLY LIMITED to np.sin, np.cos, np.tanh and np.exp. Do not call any
           other np.* routine, do not import anything, and do not write numerical
           algorithms. Ordinary arithmetic (+ - * / **) and params[0..4] are free.
        2. OUTPUT FORMAT: write the complete formula, assign it to f1_t_pred, and
           strictly end with return f1_t_pred. No placeholders.
        3. PARETO EVOLUTION: the frontier trades MSE against complexity. Complexity
           counts the derivative calls, the arithmetic operations and every params
           you use, so the same term written more compactly is preferred.
        4. OPTIMIZATION STRATEGY:{PARETO_FRONTIER_PLACEHOLDER}
    """
    f1_t_pred = -params[0] * (1 - params[1] * np.tanh(x[:, 0:1])) * d_axis(f1, 0, 1) / (1 + params[2] * f1) - params[3] * d_axis(d_axis(f1, 0, 1) / (f1 + params[4]), 0, 1)

    return f1_t_pred✅ [EVALUATED] MSE: 3.16e-04 | Params: [ 4.143791  0.058687 20.255154 13.147447 -3.370792]
✅ [EVALUATED] MSE: 3.16e-04 | Params: [ 4.143791  0.058687 20.255154 13.147447 -3.370792]
✅ [EVALUATED] MSE: 3.16e-04 | Params: [ 0.05916   4.177804 20.502039  6.204753 -1.634532]

------------------------------------------------------
MSE          : 3.16e-04
Complexity   : 23
Sample time  : 4.129589200019836
Evaluate time: 8.039808750152588
Sample orders: 97
======================================================


================= Evaluated Function =================
def equation(x: np.ndarray, f1: np.ndarray, params: np.ndarray, d_axis: callable) -> np.ndarray:
    """ Mathematical function for the RHS of an unknown 1D PDE.

    Args:
        x: spatial coordinate grid, shape (Nx, 1).
        f1: the measured field, shape (Nx, Nt).
        params: a fixed-length array of exactly 5 entries. Use only indices 0..4.
        d_axis: spatial derivative. Call d_axis(field, axis, order); axis=0 is x1.

    Return:
        `f1_t_pred`, a numpy array with the grid shape.

    STRICT CONSTRAINT:
        1. SPATIAL DERIVATIVES & MATH: you are a physicist discovering a PDE. Use ONLY
           the provided d_axis(field, axis, order) for derivatives (max order 4), with
           axis=0 for the single spatial coordinate x1. For mathematical functions you
           are STRICTLY LIMITED to np.sin, np.cos, np.tanh and np.exp. Do not call any
           other np.* routine, do not import anything, and do not write numerical
           algorithms. Ordinary arithmetic (+ - * / **) and params[0..4] are free.
        2. OUTPUT FORMAT: write the complete formula, assign it to f1_t_pred, and
           strictly end with return f1_t_pred. No placeholders.
        3. PARETO EVOLUTION: the frontier trades MSE against complexity. Complexity
           counts the derivative calls, the arithmetic operations and every params
           you use, so the same term written more compactly is preferred.
        4. OPTIMIZATION STRATEGY:{PARETO_FRONTIER_PLACEHOLDER}
    """
    # Transport: speed reduced by channel narrowing and crowding
    channel = 1 - params[1] * np.tanh(x[:, 0:1])  # or maybe (1-tanh(x))/2
    transport = -params[0] * channel * d_axis(f1, 0, 1) / (1 + params[2]*f1)

    # Relative gradient diffusion
    rel_grad = d_axis(f1, 0, 1) / (f1 + params[3])
    diffusion = -params[4] * d_axis(rel_grad, 0, 1)

    f1_t_pred = transport + diffusion
    return f1_t_pred
------------------------------------------------------
MSE          : 3.16e-04
Complexity   : 26
Sample time  : 4.129589200019836
Evaluate time: 18.822300672531128
Sample orders: 98
======================================================


================= Evaluated Function =================
def equation(x: np.ndarray, f1: np.ndarray, params: np.ndarray, d_axis: callable) -> np.ndarray:
    """ Mathematical function for the RHS of an unknown 1D PDE.

    Args:
        x: spatial coordinate grid, shape (Nx, 1).
        f1: the measured field, shape (Nx, Nt).
        params: a fixed-length array of exactly 5 entries. Use only indices 0..4.
        d_axis: spatial derivative. Call d_axis(field, axis, order); axis=0 is x1.

    Return:
        `f1_t_pred`, a numpy array with the grid shape.

    STRICT CONSTRAINT:
        1. SPATIAL DERIVATIVES & MATH: you are a physicist discovering a PDE. Use ONLY
           the provided d_axis(field, axis, order) for derivatives (max order 4), with
           axis=0 for the single spatial coordinate x1. For mathematical functions you
           are STRICTLY LIMITED to np.sin, np.cos, np.tanh and np.exp. Do not call any
           other np.* routine, do not import anything, and do not write numerical
           algorithms. Ordinary arithmetic (+ - * / **) and params[0..4] are free.
        2. OUTPUT FORMAT: write the complete formula, assign it to f1_t_pred, and
           strictly end with return f1_t_pred. No placeholders.
        3. PARETO EVOLUTION: the frontier trades MSE against complexity. Complexity
           counts the derivative calls, the arithmetic operations and every params
           you use, so the same term written more compactly is preferred.
        4. OPTIMIZATION STRATEGY:{PARETO_FRONTIER_PLACEHOLDER}
    """
    # Transport term: reduced by channel narrowing and crowding
    # Channel narrowing: (1 - p1 * tanh(x)), decreases with increasing x
    # Crowding: 1/(1 + p2 * f1)
    transport = -params[0] * (1 - params[1] * np.tanh(x[:, 0:1])) * d_axis(f1, 0, 1) / (1 + params[2] * f1)

    # Anticipation-driven relative gradient diffusion
    relative_gradient = d_axis(f1, 0, 1) / (f1 + params[3])  # add small epsilon to avoid division by zero
    diffusion = -params[4] * d_axis(relative_gradient, 0, 1)

    f1_t_pred = transport + diffusion
    return f1_t_pred
------------------------------------------------------
MSE          : 3.16e-04
Complexity   : 31
Sample time  : 4.129589200019836
Evaluate time: 18.8370258808136
Sample orders: 99
======================================================


================= Evaluated Function =================
def equation(x: np.ndarray, f1: np.ndarray, params: np.ndarray, d_axis: callable) -> np.ndarray:
    """ Mathematical function for the RHS of an unknown 1D PDE.

    Args:
        x: spatial coordinate grid, shape (Nx, 1).
        f1: the measured field, shape (Nx, Nt).
        params: a fixed-length array of exactly 5 entries. Use only indices 0..4.
        d_axis: spatial derivative. Call d_axis(field, axis, order); axis=0 is x1.

    Return:
        `f1_t_pred`, a numpy array with the grid shape.

    STRICT CONSTRAINT:
        1. SPATIAL DERIVATIVES & MATH: you are a physicist discovering a PDE. Use ONLY
           the provided d_axis(field, axis, order) for derivatives (max order 4), with
           axis=0 for the single spatial coordinate x1. For mathematical functions you
           are STRICTLY LIMITED to np.sin, np.cos, np.tanh and np.exp. Do not call any
           other np.* routine, do not import anything, and do not write numerical
           algorithms. Ordinary arithmetic (+ - * / **) and params[0..4] are free.
        2. OUTPUT FORMAT: write the complete formula, assign it to f1_t_pred, and
           strictly end with return f1_t_pred. No placeholders.
        3. PARETO EVOLUTION: the frontier trades MSE against complexity. Complexity
           counts the derivative calls, the arithmetic operations and every params
           you use, so the same term written more compactly is preferred.
        4. OPTIMIZATION STRATEGY:{PARETO_FRONTIER_PLACEHOLDER}
    """
    # Transport: speed reduced by channel narrowing and crowding
    channel_factor = 1 - params[0] * np.tanh(x[:, 0:1])  # narrowing profile
    transport_speed = params[1] * channel_factor / (1 + params[2] * f1)
    transport = -transport_speed * d_axis(f1, 0, 1)

    # Anticipation-driven diffusion using relative gradient
    relative_gradient = d_axis(f1, 0, 1) / (f1 + params[3])
    diffusion = -params[4] * d_axis(relative_gradient, 0, 1)

    f1_t_pred = transport + diffusion
    return f1_t_pred
------------------------------------------------------
MSE          : 3.16e-04
Complexity   : 26
Sample time  : 4.129589200019836
Evaluate time: 7.736090898513794
Sample orders: 100
======================================================



==================================================
🎉 Evolution Finished! Final Pareto Frontier:
[1] MSE: 3.16e-04 | Complexity: 25
# Transport term: reduced by channel narrowing and crowding
    channel_profile = np.tanh(x[:, 0:1])  # increases with x, narrowing channel
    transport = -params[0] * (1 - params[1] * channel_profile) * d_axis(f1, 0, 1) / (1 + params[2] * f1)

    # Relative gradient diffusion (anticipation-driven)
    relative_gradient = d_axis(f1, 0, 1) / (f1 + params[3])
    diffusion = -params[4] * d_axis(relative_gradient, 0, 1)

    f1_t_pred = transport + diffusion
    return f1_t_pred

[2] MSE: 3.16e-04 | Complexity: 23
f1_t_pred = -params[0] * (1 - params[1] * np.tanh(x[:, 0:1])) * d_axis(f1, 0, 1) / (1 + params[2] * np.abs(f1)) - params[3] * d_axis(d_axis(f1, 0, 1) / (f1 + params[4]), 0, 1)

    return f1_t_pred

[3] MSE: 3.16e-04 | Complexity: 23
f1_t_pred = -params[0] * (1 - params[1] * np.tanh(x[:, 0:1])) * d_axis(f1, 0, 1) / (1 + params[2] * np.abs(f1)) - params[3] * d_axis(d_axis(f1, 0, 1) / (f1 + params[4]), 0, 1)

    return f1_t_pred

[4] MSE: 3.16e-04 | Complexity: 23
f1_t_pred = -params[0] * (1 - params[1] * np.tanh(x[:, 0:1])) * d_axis(f1, 0, 1) / (1 + params[2] * f1) - params[3] * d_axis(d_axis(f1, 0, 1) / (f1 + params[4]), 0, 1)

    return f1_t_pred

[5] MSE: 3.16e-04 | Complexity: 23
f1_t_pred = -params[0] * (1 - params[1] * np.tanh(x[:, 0:1])) * d_axis(f1, 0, 1) / (1 + params[2] * np.abs(f1)) - params[3] * d_axis(d_axis(f1, 0, 1) / (f1 + params[4]), 0, 1)

    return f1_t_pred

[6] MSE: 3.16e-04 | Complexity: 23
f1_t_pred = -params[0] * (1 - params[1] * np.tanh(x[:, 0:1])) * d_axis(f1, 0, 1) / (1 + params[2] * f1) - params[3] * d_axis(d_axis(f1, 0, 1) / (f1 + params[4]), 0, 1)

    return f1_t_pred

[7] MSE: 3.16e-04 | Complexity: 23
f1_t_pred = -params[0] * (1 - params[1] * np.tanh(x[:, 0:1])) * d_axis(f1, 0, 1) / (1 + params[2] * f1) - params[3] * d_axis(d_axis(f1, 0, 1) / (f1 + params[4]), 0, 1)

    return f1_t_pred

[8] MSE: 3.16e-04 | Complexity: 23
f1_t_pred = -params[0] * (1 - params[1] * np.tanh(x[:, 0:1])) * d_axis(f1, 0, 1) / (1 + params[2] * f1) - params[3] * d_axis(d_axis(f1, 0, 1) / (f1 + params[4]), 0, 1)

    return f1_t_pred

[9] MSE: 3.16e-04 | Complexity: 23
f1_t_pred = -params[0] * (1 - params[1] * np.tanh(x[:, 0:1])) * d_axis(f1, 0, 1) / (1 + params[2] * np.abs(f1)) - params[3] * d_axis(d_axis(f1, 0, 1) / (f1 + params[4]), 0, 1)

    return f1_t_pred

[10] MSE: 3.16e-04 | Complexity: 23
f1_t_pred = -params[0] * (1 - params[1] * np.tanh(x[:, 0:1])) * d_axis(f1, 0, 1) / (1 + params[2] * f1) - params[3] * d_axis(d_axis(f1, 0, 1) / (f1 + params[4]), 0, 1)

    return f1_t_pred

[11] MSE: 3.16e-04 | Complexity: 23
f1_t_pred = -params[0] * (1 - params[1] * np.tanh(x[:, 0:1])) * d_axis(f1, 0, 1) / (1 + params[2] * f1) - params[3] * d_axis(d_axis(f1, 0, 1) / (f1 + params[4]), 0, 1)

    return f1_t_pred

[12] MSE: 3.16e-04 | Complexity: 23
f1_t_pred = -params[0] * (1 - params[1] * np.tanh(x[:, 0:1])) * d_axis(f1, 0, 1) / (1 + params[2] * f1) - params[3] * d_axis(d_axis(f1, 0, 1) / (f1 + params[4]), 0, 1)

    return f1_t_pred

[13] MSE: 3.16e-04 | Complexity: 23
f1_t_pred = -params[0] * (1 - params[1] * np.tanh(x[:, 0:1])) * d_axis(f1, 0, 1) / (1 + params[2] * f1) - params[3] * d_axis(d_axis(f1, 0, 1) / (f1 + params[4]), 0, 1)

    return f1_t_pred

[14] MSE: 3.16e-04 | Complexity: 23
f1_t_pred = -params[0] * (1 - params[1] * np.tanh(x[:, 0:1])) * d_axis(f1, 0, 1) / (1 + params[2] * f1) - params[3] * d_axis(d_axis(f1, 0, 1) / (f1 + params[4]), 0, 1)

    return f1_t_pred

[15] MSE: 3.16e-04 | Complexity: 23
f1_t_pred = -params[0] * (1 - params[1] * np.tanh(x[:, 0:1])) * d_axis(f1, 0, 1) / (1 + params[2] * f1) - params[3] * d_axis(d_axis(f1, 0, 1) / (f1 + params[4]), 0, 1)

    return f1_t_pred

[16] MSE: 3.16e-04 | Complexity: 23
f1_t_pred = -params[0] * (1 - params[1] * np.tanh(x[:, 0:1])) * d_axis(f1, 0, 1) / (1 + params[2] * np.abs(f1)) - params[3] * d_axis(d_axis(f1, 0, 1) / (f1 + params[4]), 0, 1)

    return f1_t_pred

[17] MSE: 3.16e-04 | Complexity: 23
f1_t_pred = -params[0] * (1 - params[1] * np.tanh(x[:, 0:1])) * d_axis(f1, 0, 1) / (1 + params[2] * f1) - params[3] * d_axis(d_axis(f1, 0, 1) / (f1 + params[4]), 0, 1)

    return f1_t_pred

[18] MSE: 3.16e-04 | Complexity: 23
f1_t_pred = -params[0] * (1 - params[1] * np.tanh(x[:, 0:1])) * d_axis(f1, 0, 1) / (1 + params[2] * f1) - params[3] * d_axis(d_axis(f1, 0, 1) / (f1 + params[4]), 0, 1)

    return f1_t_pred

[19] MSE: 3.16e-04 | Complexity: 23
f1_t_pred = -params[0] * (1 - params[1] * np.tanh(x[:, 0:1])) * d_axis(f1, 0, 1) / (1 + params[2] * f1) - params[3] * d_axis(d_axis(f1, 0, 1) / (f1 + params[4]), 0, 1)

    return f1_t_pred

[20] MSE: 3.16e-04 | Complexity: 23
f1_t_pred = -params[0] * (1 - params[1] * np.tanh(x[:, 0:1])) * d_axis(f1, 0, 1) / (1 + params[2] * f1) - params[3] * d_axis(d_axis(f1, 0, 1) / (f1 + params[4]), 0, 1)

    return f1_t_pred

[21] MSE: 3.16e-04 | Complexity: 23
f1_t_pred = -params[0] * (1 - params[1] * np.tanh(x[:, 0:1])) * d_axis(f1, 0, 1) / (1 + params[2] * f1) - params[3] * d_axis(d_axis(f1, 0, 1) / (f1 + params[4]), 0, 1)

    return f1_t_pred

[22] MSE: 3.82e-04 | Complexity: 22
# Transport: speed reduced by channel narrowing and crowding
    channel_narrowing = 1 - params[0] * np.tanh(x[:, 0:1])
    crowding = 1 + params[1] * f1
    transport = -params[2] * channel_narrowing * d_axis(f1, 0, 1) / crowding

    # Relative gradient diffusion (anticipation)
    relative_gradient = d_axis(f1, 0, 1) / f1
    diffusion = -params[3] * d_axis(relative_gradient, 0, 1)

    f1_t_pred = transport + diffusion
    return f1_t_pred

[23] MSE: 4.39e-03 | Complexity: 4
f1_t_pred = params[0] * d_axis(f1, 0, 2)

    return f1_t_pred

==================================================
✅ Final Pareto front successfully saved to: C:\Users\Li ZiHao\Desktop\AI4MATH\LLM-PDESR\带少量先验的LLMPDESR\消融_基线_同prompt\results\final_pareto_front.json
